nome,lattes_url,ano_publicacao,titulo_publicacao,periodico,issn,qualis,pontos,area,ano_base
"Adauto Lopes da Silva Filho",http://lattes.cnpq.br/7589742541348845,2024,"PRESSUPOSTOS ONTOLÓGICOS DA HISTORICIDADE HUMANA NO PENSAMENTO DE KARL MARX","SAPERE AUDE: REVISTA DE FILOSOFIA",2177-6342,A2,,,2017-2020
"Adauto Lopes da Silva Filho",http://lattes.cnpq.br/7589742541348845,2024,"ELEMENTOS DE UMA ÉTICA FUNDAMENTAL: A OBTENÇÃO DO BEM HUMANO","EDUCAÇÃO EM DEBATE (UFC)",0102-1117,B1,,,2017-2020
"Adauto Lopes da Silva Filho",http://lattes.cnpq.br/7589742541348845,2023,"A EDUCAÇÃO COMO FORMAÇÃO HUMANA E O DUPLO ASPECTO DA SUA INTERNALIZAÇÃO.","REVISTA DOCENTES",2526-2815,N,,,
"Adauto Lopes da Silva Filho",http://lattes.cnpq.br/7589742541348845,2023,"A educação politécnica no Brasil expressa na Educação Profissional","PRÁTICAS EDUCATIVAS, MEMÓRIAS E ORALIDADES - REV. PEMO",2675-519X,A3,,,2017-2020
"Adauto Lopes da Silva Filho",http://lattes.cnpq.br/7589742541348845,2023,"SOCIEDADE TECNOLÓGICA E OS NOVOS PADRÕES DA INDIVIDUALIDADE","REVISTA EDUCAÇÃO EM DEBATE",2526-0847,B1,,,2017-2020
"Adauto Lopes da Silva Filho",http://lattes.cnpq.br/7589742541348845,2022,"A DIMENSÃO ONTOLÓGICA E ÉTICA DE UM CURRICULO DE QUALIDADE","REVISTA ELETRÔNICA CIENTÍFICA ENSINO INTERDISCIPLINAR",2447-0783,A3,,,2017-2020
"Adauto Lopes da Silva Filho",http://lattes.cnpq.br/7589742541348845,2022,"A educação como esclarecimento: potencial crítico-emancipatório","REVISTA COCAR (ONLINE)",2237-0315,A2,,,2017-2020
"Adauto Lopes da Silva Filho",http://lattes.cnpq.br/7589742541348845,2022,"Duplo Aspecto da Reprodução e Sua Influência na Educação","EDUCAÇÃO E FILOSOFIA (ONLINE)",1982-596X,A2,,,2017-2020
"Adauto Lopes da Silva Filho",http://lattes.cnpq.br/7589742541348845,2022,"O FETICHISMO DA MERCADORIA COMO PRINCÍPIO DE REALIDADE E A EDUCAÇÃO EMANCIPATÓRIA DOS SENTIDOS","REVISTA EDUCAÇÃO EM DEBATE",2526-0847,B1,,,2017-2020
"Adauto Lopes da Silva Filho",http://lattes.cnpq.br/7589742541348845,2020,"ELEMENTOS PLATÔNICOS PARA UMA TEORIA CRÍTICA DA SOCIEDADE: UMA LEITURA MARCUSEANA DE PLATÃO","REVISTA DIALECTUS",2317-2010,A4,,,2017-2020
"Adauto Lopes da Silva Filho",http://lattes.cnpq.br/7589742541348845,2020,"A ONTOLOGIA DO TRABALHO: O PARADGMA NEOLIBERAL E SUAS CONSEQUENCIAS NA EDUCAÇÃO ESCOLAR","INTER-AÇÃO (UFG. ONLINE)",1981-8416,A2,,,2017-2020
"Adauto Lopes da Silva Filho",http://lattes.cnpq.br/7589742541348845,2018,"TEORIA CRÍTICA E ESCLARECIMENTO: MEDIAÇÃO PARA UMA EDUCAÇÃO ESCOLAR EMANCIPATÓRIA","PRÁXIS EDUCACIONAL (ONLINE)",2178-2679,A2,,,2017-2020
"Adauto Lopes da Silva Filho",http://lattes.cnpq.br/7589742541348845,2018,"O paradoxo da educação brasileira: uma relação antagônica entre o princípio de realidade e o princípio de desempenho","REVISTA DIÁLOGO EDUCACIONA",1981-416X,A1,,,2017-2020
"Adauto Lopes da Silva Filho",http://lattes.cnpq.br/7589742541348845,2018,"Crítica de Marx à metafísica da economia política","GRIOT",2178-1036,A3,,,2017-2020
"Adauto Lopes da Silva Filho",http://lattes.cnpq.br/7589742541348845,2018,"NOVA GAZETA RENANA: A POLÍTICA EM SUA DIMENSÃO NEGATIVA NO PENSAMENTO DE MARX","SAPERE AUDE (BELO HORIZONTE. IMPRESSO)",2176-2708,A2,,,2017-2020
"Adauto Lopes da Silva Filho",http://lattes.cnpq.br/7589742541348845,2018,"DIDÁTICA E ENSINO: UMA DETERMINAÇÃO REFLEXIVA COMO BASE ONTOLÓGICA NOS CURSOS DE LICENCIATURA","REVISTA EDUCAÇÃO EM DEBATE",2526-0847,B1,,,2017-2020
"Adauto Lopes da Silva Filho",http://lattes.cnpq.br/7589742541348845,2017,"HEGEL: A FILOSOFIA ENQUANTO SISTEMA DA RAZÃO","ARGUMENTOS: REVISTA DE FILOSOFIA (ONLINE)",1984-4255,A2,,,2017-2020
"Adauto Lopes da Silva Filho",http://lattes.cnpq.br/7589742541348845,2017,"Formação e Semiformação: notas sobre a docência de filosofia de nível médio","REVISTA SOFIA - VERSÃO ELETRÔNICA",2317-2339,A3,,,2017-2020
"Adauto Lopes da Silva Filho",http://lattes.cnpq.br/7589742541348845,2016,"A DETERMINAÇÃO REFLEXIVA NA FORMAÇÃO DOCENTE MEDIADA PELA POLÍTICA EDUCACIONAL DO PIBID","EDUCAÇÃO EM DEBATE (UFC)",0102-1117,B1,,,2017-2020
"Adauto Lopes da Silva Filho",http://lattes.cnpq.br/7589742541348845,2016,"A GÊNESE DA ALIENAÇÃO NA ATIVIDADE PRODUTIVA E A NECESSIDADE DE UMA EDUCAÇÃO ÉTICA PARA O TRÂNSITO","PRÁXIS EDUCACIONAL",1809-0249,A2,,,2017-2020
"Adauto Lopes da Silva Filho",http://lattes.cnpq.br/7589742541348845,2013,"O PAPEL POLÍTICO DO EDUCADOR: GRAMSCI E ADORNO","REVISTA LABOR",1983-5000,B1,,,2017-2020
"Adauto Lopes da Silva Filho",http://lattes.cnpq.br/7589742541348845,2011,"O MARXISMO DE MARCUSE NA ESCOLA DE FRANKFURT","REVISTA LABOR",1983-5000,B1,,,2017-2020