nome,lattes_url,ano_publicacao,titulo_publicacao,periodico,issn,qualis,pontos,area,ano_base
"Adriana Eufrásio Braga",http://lattes.cnpq.br/8042943225979510,2024,"A UTILIZAÇÃO DO MÉTODO ESTUDO DE CASO EM PESQUISAS NO ENSINO SUPERIOR","REVISTA COMMUNITAS",2526-5970,B1,,,2017-2020
"Adriana Eufrásio Braga",http://lattes.cnpq.br/8042943225979510,2023,"O PODCAST -ENGENHARIA DE QUÊ?-: Reflexões possíveis sobre o uso das Tecnologias de Informação para a formação profissional do Engenheiro","REVISTA EXITUS",2237-9460,A3,,,2017-2020
"Adriana Eufrásio Braga",http://lattes.cnpq.br/8042943225979510,2022,"AVALIAÇÕES EXTERNAS EM LÍNGUA PORTUGUESA: A percepção de docentes do Ensino Fundamenta","REVISTA DOCENTES",2526-4923,B1,,,2017-2020
"Adriana Eufrásio Braga",http://lattes.cnpq.br/8042943225979510,2021,"As provas do Exame Nacional do Ensino Médio são unidimensionais?","ESTUDOS EM AVALIAÇÃO EDUCACIONAL (ONLINE)",1984-932X,A1,,,2017-2020
"Adriana Eufrásio Braga",http://lattes.cnpq.br/8042943225979510,2021,"Fatores associados ao rendimento acadêmico na formação inicial de professores","REVISTA DE ESTUDIOS E INVESTIGACION EN PSICOLOGIA  Y EDUCACIÓN",2386-7418,A3,,,2017-2020
"Adriana Eufrásio Braga",http://lattes.cnpq.br/8042943225979510,2021,"RETORNO PRESENCIAL DAS AULAS: O QUE PENSAM OS ALUNOS DA LICENCIATURA EM PEDAGOGIA, CURSO DIURNO.","REVISTA ENCONTROS UNIVERSITÁRIOS DA UFC",2526-6578,C,,,2017-2020
"Adriana Eufrásio Braga",http://lattes.cnpq.br/8042943225979510,2021,"A IMPORTÂNCIA DA MONITORIA NA DISCIPLINA DE ESTATÍSTICA APLICADA À EDUCAÇÃO","REVISTA ENCONTROS UNIVERSITÁRIOS DA UFC",2526-6578,C,,,2017-2020
"Adriana Eufrásio Braga",http://lattes.cnpq.br/8042943225979510,2020,"DO CONSENSO DE WASHINGTON ÀS AVALIAÇÕES EM LARGA ESCALA NO BRASIL: TRAJETÓRIA E REFLEXÕES","EDUCAÇÃO,CULTURA E SOCIEDADE",2237-1648,B1,,,2017-2020
"Adriana Eufrásio Braga",http://lattes.cnpq.br/8042943225979510,2020,"Teoria clássica dos testes e teoria de resposta ao item em avaliação educacional","REVISTA DE INSTRUMENTOS, MODELOS E POLÍTICAS EM AVALIAÇÃO EDUCACIONAL",2675-7427,C,,,2017-2020
"Adriana Eufrásio Braga",http://lattes.cnpq.br/8042943225979510,2020,"TESTES EDUCACIONAIS EM LARGA ESCALA: ASPECTOS POLÍTICOS, PEDAGÓGICOS E METODOLÓGICOS","REVISTA EDUCAÇÃO E LINGUAGEM",2359-277X,B2,,,2017-2020
"Adriana Eufrásio Braga",http://lattes.cnpq.br/8042943225979510,2017,"O PARFOR NA REGIÃO NORDESTE: AVALIAÇÃO DO PROGRAMA POR MEIO DE INDICADORES EDUCACIONAIS","REVISTA ENCONTROS UNIVERSITÁRIOS DA UFC",2526-6578,C,,,2017-2020
"Adriana Eufrásio Braga",http://lattes.cnpq.br/8042943225979510,2017,"PARFOR UFC: UM ESTUDO DOS INDICADORES EDUCACIONAIS DA CREDE DE JUAZEIRO DO NORTE.","REVISTA ENCONTROS UNIVERSITÁRIOS DA UFC",2526-6578,C,,,2017-2020
"Adriana Eufrásio Braga",http://lattes.cnpq.br/8042943225979510,2012,"Reflexões sobre instrumentos avaliativos","VIDA E EDUCAÇÃO (FORTALEZA)",1806-0145,N,,,
"Adriana Eufrásio Braga",http://lattes.cnpq.br/8042943225979510,1999,"O índice do clima sócio-emocional de Withall como um indicador educacional na avaliação do desempenho docente","EDUCAÇÃO EM DEBATE (CESA/UFC)",0102-1117,B1,,,2017-2020