nome,lattes_url,ano_publicacao,titulo_publicacao,periodico,issn,qualis,pontos,area,ano_base
"Adriana Leite Limaverde Gomes",http://lattes.cnpq.br/3072347002192936,2024,"O uso do software Luz do Saber para a alfabetização de crianças com Deficiência Intelectual","REVISTA ESPAÇO PEDAGÓGICO",2238-0302,A3,,,2017-2020
"Adriana Leite Limaverde Gomes",http://lattes.cnpq.br/3072347002192936,2024,"Expectativas dos professores frente à aprendizagem dos alunos com deficiência: significações e atuações","HORIZONTES",2317-109X,A2,,,2017-2020
"Adriana Leite Limaverde Gomes",http://lattes.cnpq.br/3072347002192936,2024,"Dimensões do letramento midiático em entrevistas no jornal escolar","REVASF - REVISTA DE EDUCAÇÃO DA UNIVERSIDADE FEDERAL DO VALE DO SÃO FRANCISCO",2177-8183,B1,,,2017-2020
"Adriana Leite Limaverde Gomes",http://lattes.cnpq.br/3072347002192936,2023,"O uso do software luz do saber infantil no AEE: a mobilização das estratégias cognitivas de alunos com deficiência intelectual","REVISTA COCAR (ONLINE)",2237-0315,A2,,,2017-2020
"Adriana Leite Limaverde Gomes",http://lattes.cnpq.br/3072347002192936,2023,"OS ASPECTOS CONCEITUAIS DO LETRAMENTO MIDIÁTICO NO GÊNERO NOTÍCIA: UMA ANÁLISE EM JORNAIS ESCOLARES DE ESTUDANTES DO ENSINO FUNDAMENTAL","REVISTA IBERO-AMERICANA DE ESTUDOS EM EDUCAÇÃO",1982-5587,A1,,,2017-2020
"Adriana Leite Limaverde Gomes",http://lattes.cnpq.br/3072347002192936,2022,"A apropriação do sistema de escrita alfabética por crianças que apresentam deficiência intelectual","REVISTA EDUCAÇÃO (PUCRS. ONLINE)",1981-2582,A1,,,2017-2020
"Adriana Leite Limaverde Gomes",http://lattes.cnpq.br/3072347002192936,2022,"Letramento e gêneros discursivos textuais: a escrita na escola","ENSINO EM PERSPECTIVAS",2675-9144,C,,,2017-2020
"Adriana Leite Limaverde Gomes",http://lattes.cnpq.br/3072347002192936,2020,"A prática colaborativa entre ensino regular e educação especial: trajetórias possíveis no cotidiano de uma escola pública","REVISTA DE EDUCAÇÃO, CIÊNCIA E CULTURA",2236-6377,A3,,,2017-2020
"Adriana Leite Limaverde Gomes",http://lattes.cnpq.br/3072347002192936,2020,"Mudanças, motivos e (re) significações: um estudo sobre a construção dos novos olhares de uma instituição educacional especializada frente à inclusão escolar","REVISTA EDUCAÇÃO, ARTES E INCLUSÃO",1984-3178,B1,,,2017-2020
"Adriana Leite Limaverde Gomes",http://lattes.cnpq.br/3072347002192936,2020,"PROFISSIONAIS DE APOIO EM SALA DE AULA COMUM: REFLEXÕES SOBRE CONCEPÇÕES E PRÁTICAS NO CONTEXTO ESCOLAR","EDUCAÇÃO E CULTURA CONTEMPORÂNEA",2238-1279,A2,,,2017-2020
"Adriana Leite Limaverde Gomes",http://lattes.cnpq.br/3072347002192936,2020,"ESCOLARIZAÇÃO DE ALUNOS COM DEFICIÊNCIA NO BRASIL: UMA ANÁLISE SOB A PERSPECTIVA DOS ESTUDOS DE LEV VYGOTSKY","REVISTA KIRI-KERÊ - PESQUISA EM ENSINO",2526-2688,B2,,,2017-2020
"Adriana Leite Limaverde Gomes",http://lattes.cnpq.br/3072347002192936,2019,"Atendimento Educacional Especializado em uma escola indígena: o aspecto transversal da educação especial","REVISTA HUMANIDADES E EDUCAÇÃO",2675-0805,C,,,2017-2020
"Adriana Leite Limaverde Gomes",http://lattes.cnpq.br/3072347002192936,2018,"O USO DO SISTEMA SCALA PARA O DESENVOLVIMENTO DA ESCRITA DE SUJEITOS COM DEFICIÊNCIA INTELECTUAL","REVISTA OBSERVATÓRIO",2447-4266,A2,,,2017-2020
"Adriana Leite Limaverde Gomes",http://lattes.cnpq.br/3072347002192936,2018,"A articulação teoria-prática na formação inicial do professor alfabetizador","REVISTA CONTEMPORÂNEA DE EDUCAÇÃO",1809-5747,A4,,,2017-2020
"Adriana Leite Limaverde Gomes",http://lattes.cnpq.br/3072347002192936,2017,"A produção escrita de pessoas com deficiência intelectual na interação com as tecnologias digitais da informação e comunicação","REVISTA EDUCAÇÃO ESPECIAL",1984-686X,A2,,,2017-2020
"Adriana Leite Limaverde Gomes",http://lattes.cnpq.br/3072347002192936,2017,"Concepções de professores de Educação Física sobre inclusão escolar","PRÁXIS EDUCATIVA (UEPG. ONLINE)",1809-4309,A1,,,2017-2020
"Adriana Leite Limaverde Gomes",http://lattes.cnpq.br/3072347002192936,2017,"Discutindo aspectos metodológicos de ensino e aprendizagem do Atendimento Educacional Especializado para alunos com surdez","EDUCAÇÃO: TEORIA E PRÁTICA",1981-8106,A2,,,2017-2020
"Adriana Leite Limaverde Gomes",http://lattes.cnpq.br/3072347002192936,2017,"A formação inicial de professores no contexto da sala de aula inclusiva: desafios e possibilidades de incluir alunos que apresentam deficiência","REVISTA EDUCAÇÃO INCLUSIVA",2594-7990,N,,,
"Adriana Leite Limaverde Gomes",http://lattes.cnpq.br/3072347002192936,2015,"Numeramento visual: O ensino de matemática para alunos surdos numa perspectiva multicultural","REMATEC. REVISTA DE MATEMÁTICA, ENSINO E CULTURA (UFRN)",1980-3141,A4,,,2017-2020
"Adriana Leite Limaverde Gomes",http://lattes.cnpq.br/3072347002192936,2013,"A produção escrita de alunos com e sem síndrome de Down: uma análise da coerência textual","EDUCAR EM REVISTA (IMPRESSO)",0104-4060,A1,,,2017-2020
"Adriana Leite Limaverde Gomes",http://lattes.cnpq.br/3072347002192936,2010,"Atendimento Educacional Especializado - Deficiência Mental","INCLUSÃO (BRASÍLIA)",1808-8899,N,,,
"Adriana Leite Limaverde Gomes",http://lattes.cnpq.br/3072347002192936,2008,"Reescrevendo Rapunzel","REVISTA BRASILEIRA DE APRENDIZAGEM ABERTA E A DISTÂNCIA",1806-1362,A3,,,2017-2020
"Adriana Leite Limaverde Gomes",http://lattes.cnpq.br/3072347002192936,2006,"A produção textual de alunos com deficiência mental","INCLUSÃO (BRASÍLIA)",1808-8899,N,,,
"Adriana Leite Limaverde Gomes",http://lattes.cnpq.br/3072347002192936,2003,"A emergência das estratégias de leitura em sujeitos com deficiência mental","REVISTA DA FA7",1678-9172,C,,,2017-2020