nome,lattes_url,ano_publicacao,titulo_publicacao,periodico,issn,qualis,pontos,area,ano_base
"Alcides Fernando Gussi",http://lattes.cnpq.br/7306722117822350,2025,"'O Universal pelo Regional'","REVISTA BRASILEIRA DE HISTÓRIA DA EDUCAÇÃO",2238-0094,A1,,,2017-2020
"Alcides Fernando Gussi",http://lattes.cnpq.br/7306722117822350,2025,"Contribuições para a construção de enfoques contra-hegemônicos e decoloniais de avaliação a partir da América Latina e Caribe","REVISTA ESTADO Y POLÍTICAS PÚBLICAS",2310-550X,B1,,,2017-2020
"Alcides Fernando Gussi",http://lattes.cnpq.br/7306722117822350,2024,"Entre as Fronteiras da Solidariedade e da Mercantilização: Trajetórias Institucionais da Internacionalização em uma Universidade Pública Brasileira","REVISTA REDALINT",2718-8930,N,,,
"Alcides Fernando Gussi",http://lattes.cnpq.br/7306722117822350,2024,"Por um gesto de leitura materialista do discurso da avaliação em saúde: critérios e padrões","SAÚDE EM DEBATE",0103-1104,A4,,,2017-2020
"Alcides Fernando Gussi",http://lattes.cnpq.br/7306722117822350,2024,"Reseña de la Reunión de Seguimiento de la Conferéncia Regional de Educação Superior (CRES+5), del eje temático 3, intitulado ?La Educación Superior, internacionalización e integración regional de América Latina y el Caribe?, realizada de 13 a 15 de marzo","REVISTA REDALINT",2718-8930,N,,,
"Alcides Fernando Gussi",http://lattes.cnpq.br/7306722117822350,2024,"Encontro de saberes: da participação cidadã à participação epistêmica","REVISTA INTERFACE",2965-3606,N,,,
"Alcides Fernando Gussi",http://lattes.cnpq.br/7306722117822350,2024,"Discutindo a internacionalização das universidades latino-americanas e caribenha","INTERFACES DA EDUCAÇÃO",2177-7691,A2,,,2017-2020
"Alcides Fernando Gussi",http://lattes.cnpq.br/7306722117822350,2023,"Avaliações em larga escala e o ?caso cearense?: uma revisão crítica de literatura","REVISTA DOCENTES",2526-4923,B1,,,2017-2020
"Alcides Fernando Gussi",http://lattes.cnpq.br/7306722117822350,2023,"Digressões da Reforma Psiquiátrica brasileira na conformação da Nova Política de Saúde Mental","PHYSIS (UERJ. IMPRESSO)",0103-7331,A3,,,2017-2020
"Alcides Fernando Gussi",http://lattes.cnpq.br/7306722117822350,2023,"As dinâmicas institucionais das políticas de internacionalização da educação superior sob a lógica neoliberal: o caso da Universidade Federal do Ceará","REVISTA INTERTERRITÓRIOS",2525-7668,A4,,,2017-2020
"Alcides Fernando Gussi",http://lattes.cnpq.br/7306722117822350,2023,"Avaliação, participação e ações humanitárias: Entre concepções e práticas","REVISTA BRASILEIRA DE AVALIAÇÃO",2763-5775,N,,,
"Alcides Fernando Gussi",http://lattes.cnpq.br/7306722117822350,2022,"Pode o subalterno avaliar? Possibilidades de um giro contra-hegemônico como opção descolonial no campo da Avaliação de Políticas Públicas","REVISTA AVALIAÇÃO DE POLÍTICAS PÚBLICAS",2176-9923,B3,,,2017-2020
"Alcides Fernando Gussi",http://lattes.cnpq.br/7306722117822350,2022,"Avaliação da trajetória institucional do Programa Ciência Sem Fronteiras na Universidade Federal do Ceará","REVISTA IBERO-AMERICANA DE ESTUDOS EM EDUCAÇÃO",1982-5587,A1,,,2017-2020
"Alcides Fernando Gussi",http://lattes.cnpq.br/7306722117822350,2022,"AVALIAÇÃO DA POLÍTICA DE EXPANSÃO DO IFCE JUNTO AOS POVOS DO MAR DE CAMOCIM/CE","CAOS. REVISTA ELETRÔNICA DE CIÊNCIAS SOCIAIS",1517-6916,B1,,,2017-2020
"Alcides Fernando Gussi",http://lattes.cnpq.br/7306722117822350,2022,"A POLÍTICA, OS ATORES E O DESENHO INSTITUCIONAL - A POLÍTICA PÚBLICA DE DEFESA DA CRIANÇA E DO ADOLESCENTE E SUA RECONFIGURAÇÃO INSTITUCIONAL A PARTIR DOS ATORES SOCIAIS LOCAIS.","REVISTA DIREITOS SOCIAIS E POLÍTICAS PÚBLICAS - UNIFAFIBE",2318-5732,A2,,,2017-2020
"Alcides Fernando Gussi",http://lattes.cnpq.br/7306722117822350,2022,"Participação social como componente de dimensão avaliativa em modelos de cidades inteligentes sustentáveis","AVAL - REVISTA AVALIAÇÃO DE POLÍTICAS PÚBLICAS",2176-9923,B3,,,2017-2020
"Alcides Fernando Gussi",http://lattes.cnpq.br/7306722117822350,2022,"Avaliação da Política Sexual para a População LGBTQIA+: entre percepções de sujeito/as e ações do estado","REVISTA BRASILEIRA DE ESTUDOS DA HOMOCULTURA",2595-3206,A2,,,2017-2020
"Alcides Fernando Gussi",http://lattes.cnpq.br/7306722117822350,2021,"Por um antimanual de avaliação de políticas públicas","REVISTA BRASILEIRA DE MONITORAMENTO E AVALIAÇÃO",2236-5877,N,,,
"Alcides Fernando Gussi",http://lattes.cnpq.br/7306722117822350,2021,"Elementos introdutórios para uma avaliação em Profundidade da Política Nacional de Mudanças Climáticas","DESENVOLVIMENTO EM DEBATE (INCT/PPED)",2176-9257,A4,,,2017-2020
"Alcides Fernando Gussi",http://lattes.cnpq.br/7306722117822350,2020,"Avaliando programas de microcrédito e economia solidária do Banco do Nordeste","CONHECER - DEBATE ENTRE O PÚBLICO E O PRIVADO",2238-0426,B2,,,2017-2020
"Alcides Fernando Gussi",http://lattes.cnpq.br/7306722117822350,2020,"Avaliar em Profundidade","REVISTA BRASILEIRA DE POLÍTICAS PÚBLICAS E INTERNACIONAIS",2525-5584,A3,,,2017-2020
"Alcides Fernando Gussi",http://lattes.cnpq.br/7306722117822350,2019,"APRENDIZAGEM E PRÁTICAS DE ESCRITA DE ALUNOS DO CURSO DE LETRAS DA UNIVERSIDADE FEDERAL DO CEARÁ EM INTERAÇÃO ON-LINE","DEBATES EM EDUCAÇÃO",2175-6600,A2,,,2017-2020
"Alcides Fernando Gussi",http://lattes.cnpq.br/7306722117822350,2019,"Experiências metodológicas de avaliação: usos da noção de trajetória em políticas públicas","SINAIS (UFES)",1981-3988,B3,,,2017-2020
"Alcides Fernando Gussi",http://lattes.cnpq.br/7306722117822350,2019,"Outras epistemologias e metodologias: a experiência do Mestrado em Avaliação de Políticas Públicas","AVAL REVISTA DE AVALIAÇÃO DE POLÍTICAS PÚBLICAS",2176-9923,B3,,,2017-2020
"Alcides Fernando Gussi",http://lattes.cnpq.br/7306722117822350,2017,"Políticas Públicas de Geração de Renda e Desenvolvimento: uma avaliação do microcrédito","O SOCIAL EM QUESTÃO",1415-1804,A1,,,2017-2020
"Alcides Fernando Gussi",http://lattes.cnpq.br/7306722117822350,2016,"Meta-avaliação da atuação dos órgãos de controle em relação ao Programa Bolsa Família na ótica da avaliação em profundidade","O SOCIAL EM QUESTÃO",1415-1804,A1,,,2017-2020
"Alcides Fernando Gussi",http://lattes.cnpq.br/7306722117822350,2016,"Políticas públicas e outra perspectiva de avaliação: uma abordagem antropológica","DESENVOLVIMENTO EM DEBATE (INCT/PPED)",2176-9257,A4,,,2017-2020
"Alcides Fernando Gussi",http://lattes.cnpq.br/7306722117822350,2014,"Políticas Públicas de Trabalho renda e desenvolvimento no Banco do Nordeste","REVISTA AVALIAÇÃO DE POLÍTICAS PÚBLICAS",1984-3100,B3,,,2017-2020
"Alcides Fernando Gussi",http://lattes.cnpq.br/7306722117822350,2014,"METODOLOGIAS E EXPERIÊNCIAS ETNOGRÁFICAS EM AVALIAÇÃO POLÍTICAS PÚBLICAS: Avaliação de programas de microcrédito do Banco do Nordeste no Ceará","RP3 - REVISTAS DE PESQUISA EM POLÍTICAS PÚBLICAS",2317-921X,B2,,,2017-2020
"Alcides Fernando Gussi",http://lattes.cnpq.br/7306722117822350,2014,"Políticas públicas de trabalho, renda e desenvolvimento no Banco do Nordeste","AVAL - REVISTA AVALIAÇÃO DE POLÍTICAS PÚBLICAS",2176-9923,B3,,,2017-2020
"Alcides Fernando Gussi",http://lattes.cnpq.br/7306722117822350,2013,"TECNOLOGIAS DE INFORMAÇÃO E COMUNICAÇÃO NA EDUCAÇÃO E INCLUSÃO SOCIO-DIGITAL: UMA AVALIAÇÃO DO PROGRAMA DE INFORMÁTICA NA EDUCAÇÃO EM FORTALEZA","REVISTA AVALIAÇÃO DE POLÍTICAS PÚBLICAS",1984-3100,B3,,,2017-2020
"Alcides Fernando Gussi",http://lattes.cnpq.br/7306722117822350,2013,"Avaliação de Programas de Microcrédito do Banco do Nordeste","REVISTA BRASILEIRA DE MONITORAMENTO E AVALIAÇÃO",2236-5877,N,,,
"Alcides Fernando Gussi",http://lattes.cnpq.br/7306722117822350,2012,"A experiência de fomentos a Fundos Rotativos Solidários no Nordeste: o caso da Rede Bodega","MERCADO DE TRABALHO (RIO DE JANEIRO. 1996)",1676-0883,N,,,
"Alcides Fernando Gussi",http://lattes.cnpq.br/7306722117822350,2012,"Aportes teórico-metodológicos de uma pesquisa avaliativa: considerações a partir do estudo do REUNI na UFT","REVISTA AVALIAÇÃO DE POLÍTICAS PÚBLICAS",1984-3100,B3,,,2017-2020
"Alcides Fernando Gussi",http://lattes.cnpq.br/7306722117822350,2011,"Microcrédito e desenvolvimento: avaliação dos impactos do Programa Crediamigo em população de baixa renda de Fortaleza","CAOS. REVISTA ELETRÔNICA DE CIÊNCIAS SOCIAIS",1517-6916,B1,,,2017-2020
"Alcides Fernando Gussi",http://lattes.cnpq.br/7306722117822350,2011,"Políticas de geração de emprego e renda & desenvolvimento: um estudo do microcrédito em população de baixa renda de Fortaleza","REVISTA BRASILEIRA DE PLANEJAMENTO E ORÇAMENTO",2237-3985,B4,,,2017-2020
"Alcides Fernando Gussi",http://lattes.cnpq.br/7306722117822350,2010,"O trabalho da memória em narrativas biográficas: bancários em tempos de privatização","HISTORIA & PERSPECTIVAS (UFU)",0103-409X,A3,,,2017-2020
"Alcides Fernando Gussi",http://lattes.cnpq.br/7306722117822350,2010,"Educação, desenvolvimento e inclusão sócio-digital: reflexões teórico-metodológicas para uma avaliação dos Centros de Inclusão Digital ? CRID´s.","REVISTA AVALIAÇÃO DE POLÍTICAS PÚBLICAS",1984-3100,B3,,,2017-2020
"Alcides Fernando Gussi",http://lattes.cnpq.br/7306722117822350,2009,"Avaliação de políticas públicas de turismo a partir do estudo etnográfico entre trabalhadores informais da Praia do Futuro em Fortaleza","REVISTA AVALIAÇÃO DE POLÍTICAS PÚBLICAS",1984-3100,B3,,,2017-2020
"Alcides Fernando Gussi",http://lattes.cnpq.br/7306722117822350,2008,"A abordagem biográfica e suas implicações epistemológicas entre a Antropologia e a Educação","CADERNOS DE ESTUDOS SOCIAIS",0102-4248,B4,,,2017-2020
"Alcides Fernando Gussi",http://lattes.cnpq.br/7306722117822350,2008,"Apontamentos teórico-metodológicos para a avaliação de programas de microcrédito","CADERNOS DE ANTROPOLOGIA E IMAGEM (UERJ)",0104-9658,N,,,
"Alcides Fernando Gussi",http://lattes.cnpq.br/7306722117822350,2004,"Identidades e nacionalidades no contexto de privatização do Banespa","IDEIAS (UNICAMP)",0104-7876,B3,,,2017-2020
"Alcides Fernando Gussi",http://lattes.cnpq.br/7306722117822350,2004,"O negócio de ser ?Néstor Perlongher?: um fragmento biográfico","CADERNOS DE ANTROPOLOGIA E IMAGEM (UERJ)",0104-9658,N,,,
"Alcides Fernando Gussi",http://lattes.cnpq.br/7306722117822350,2002,"Reflexões sobre a abordagem biográfica, Poucas e Boas e Woody Allen","CADERNOS DE ANTROPOLOGIA E IMAGEM (UERJ)",0104-9658,N,,,
"Alcides Fernando Gussi",http://lattes.cnpq.br/7306722117822350,2001,"A Antropologia e a formação de professores","REVISTA EDUCAÇÃO E CIDADANIA",1519-6194,N,,,
"Alcides Fernando Gussi",http://lattes.cnpq.br/7306722117822350,2001,"Da 'Sociedade pós-industrial'à 'Sociedade em rede': escorço de um balanço crítica para refletir a sociedade contemporânea","CADERNOS DE ANTROPOLOGIA E IMAGEM (UERJ)",0104-9658,N,,,
"Alcides Fernando Gussi",http://lattes.cnpq.br/7306722117822350,2000,"A qualificação profissional nas empresas: reflexões em torno das identidades sociais, nacionalidades e culturas empresariais","CADERNOS DE ANTROPOLOGIA E IMAGEM (UERJ)",0104-9658,N,,,
"Alcides Fernando Gussi",http://lattes.cnpq.br/7306722117822350,2000,"Empresas, cultura e sociedade: por uma etnografia do capitalismo contemporâneo","CADERNOS DE ANTROPOLOGIA E IMAGEM (UERJ)",0104-9658,N,,,
"Alcides Fernando Gussi",http://lattes.cnpq.br/7306722117822350,1996,"Os norte-americanos Confederados em Santa Bárbara d'Oeste e Americana: Identidade, Memória e Economia","CADERNOS DE ANTROPOLOGIA E IMAGEM (UERJ)",0104-9658,N,,,