nome,lattes_url,ano_publicacao,titulo_publicacao,periodico,issn,qualis,pontos,area,ano_base
"Ângela Maria Bessa Linhares",http://lattes.cnpq.br/8381361724149467,2025,"Reflexões sobre resistência à violência: na cena teatral e a contracena da vida","CONTRIBUCIONES A LAS CIENCIAS SOCIALES",1988-7833,A4,,,2017-2020
"Ângela Maria Bessa Linhares",http://lattes.cnpq.br/8381361724149467,2025,"Percursos formativos juvenis no Coletivo Camaradas: da pedra de gipsita à esculturação da ação da palavra","CONTRIBUCIONES A LAS CIENCIAS SOCIALES",1988-7833,A4,,,2017-2020
"Ângela Maria Bessa Linhares",http://lattes.cnpq.br/8381361724149467,2025,"COMUNIDADE DE PARCEIROS DAS CULTURAS JUVENIS E DAS INFÂNCIAS: CONSTRUINDO NOVAS NARRATIVAS, OCUPANDO ESPAÇOS DO TERRITÓRIO E MUDANDO UMA HISTÓRIA DE RENDIÇÃO DE CORPOS E CERCEAMENTOSCOMMUNITY OF PARTNERS IN YOUTH AND CHILDHOOD CULTURES: BUILDING NEW NARRATIVES, OCCUPYING TERRITORIAL SPACES, AND CHANGING A HISTORY OF SUBMISSION OF BODIES AND CONFINEMENTSCOMUNIDAD DE SOCIOS DE LAS CULTURAS JUVENILES","ARACÊ - DIREITOS HUMANOS EM REVISTA",2358-2472,A2,,,2017-2020
"Ângela Maria Bessa Linhares",http://lattes.cnpq.br/8381361724149467,2024,"A DIMENSÃO EMANCIPATÓRIA DA EDUCAÇÃO COMUNITÁRIA: TERRITÓRIOS COMO RUPTURAS E TRILHAS DE APRENDIZAGEM","REVISTA EDUCAÇÃO EM DEBATE",2526-0847,B1,,,2017-2020
"Ângela Maria Bessa Linhares",http://lattes.cnpq.br/8381361724149467,2024,"Intervenções das Culturas Juvenis: abrindo espaços de superações no feminino servil e explorado.","REVISTA REN9VE",2676-0479,N,,,
"Ângela Maria Bessa Linhares",http://lattes.cnpq.br/8381361724149467,2022,"As práticas sociais comunitárias e a cultura como afirmação na educação emancipatória do MST","EDUCAÇÃO EM DEBATE (UFC)",0102-1117,B1,,,2017-2020
"Ângela Maria Bessa Linhares",http://lattes.cnpq.br/8381361724149467,2022,"A complexidade do envelhecer e a contribuição da pesquisa para a formação do pesquisador","REVISTA KAIRÓS",1516-2567,B1,,,2017-2020
"Ângela Maria Bessa Linhares",http://lattes.cnpq.br/8381361724149467,2021,"A saúde dos povos do mar: faróis para a Estratégia de Saúde da Família em comunidades pesqueiras do Nordeste brasileiro","CIÊNCIA & SAÚDE COLETIVA",1678-4561,A1,,,2017-2020
"Ângela Maria Bessa Linhares",http://lattes.cnpq.br/8381361724149467,2020,"Didática do Ensino Superior e a Lei 10.639/03 nos cursos de História do Ceará","HISTÓRIA & ENSINO (UEL)",1414-3488,A1,,,2017-2020
"Ângela Maria Bessa Linhares",http://lattes.cnpq.br/8381361724149467,2020,"Revisitando Dewey e Montessori a partir das caixas 'progressistas'","REVISTA EDUCAÇÃO EM DEBATE",2526-0847,B1,,,2017-2020
"Ângela Maria Bessa Linhares",http://lattes.cnpq.br/8381361724149467,2018,"DENNIS GRAY E A FORMAÇÃO EM DANÇA NA CIDADE DE FORTALEZA","REVISTA EDUCAÇÃO, ARTES E INCLUSÃO",1984-3178,B1,,,2017-2020
"Ângela Maria Bessa Linhares",http://lattes.cnpq.br/8381361724149467,2016,"O Teatro do Oprimido na Saúde Mental: Isso é Mais Lombreiro que o Uso da Droga","CADERNOS BRASILEIROS DE SAÚDE MENTAL",1984-2147,B3,,,2017-2020
"Ângela Maria Bessa Linhares",http://lattes.cnpq.br/8381361724149467,2012,"Cirandas da vida: dialogismo e arte na gestão em saúde","SAÚDE E SOCIEDADE (USP. IMPRESSO)",0104-1290,A3,,,2017-2020
"Ângela Maria Bessa Linhares",http://lattes.cnpq.br/8381361724149467,2009,"Garimpando a cena em teatro-dança","OLHARCE (FORTALEZA)",1984-2384,N,,,
"Ângela Maria Bessa Linhares",http://lattes.cnpq.br/8381361724149467,2009,"Linguagens e tecnologias: três histórias para um começo de conversa sobre arte e saúde","SALTO PARA O FUTURO",1982-0283,N,,,
"Ângela Maria Bessa Linhares",http://lattes.cnpq.br/8381361724149467,2007,"A violência como situação- limite nas rodas das Cirandas da Vida em Fortaleza- CE","DIVULGAÇÃO EM SAÚDE PARA DEBATE",0103-4383,N,,,
"Ângela Maria Bessa Linhares",http://lattes.cnpq.br/8381361724149467,2007,"Perfil do conhecimento sobre sexualidade e AIDS de profissionais de saúde que atuam nas Equipes do Programa Saúde da Família em Fortaleza, Ceará.","CADERNOS SAÚDE COLETIVA (UFRJ)",1414-462X,B1,,,2017-2020
"Ângela Maria Bessa Linhares",http://lattes.cnpq.br/8381361724149467,2007,"A violência co mo situação limite nas rodas das Cirandas da Vida em Fortaleza-CE","DIVULGAÇÃO EM SAÚDE PARA DEBATE",0103-4383,N,,,
"Ângela Maria Bessa Linhares",http://lattes.cnpq.br/8381361724149467,2004,"Experiência e Vida Coletiva na Saga Tremembé","PROPOSTAS ALTERNATIVAS",1677-6631,N,,,
"Ângela Maria Bessa Linhares",http://lattes.cnpq.br/8381361724149467,2001,"Capacitação em Recursos Humanos: Olhares em Construção","SUSTENTAÇÃO",,N,,,
"Ângela Maria Bessa Linhares",http://lattes.cnpq.br/8381361724149467,1997,"Educação e Cultura (Capítulo II do Periódico)","PATRIMONIUS NO ENSINO REPENSANDO A CULTURA",,N,,,
"Ângela Maria Bessa Linhares",http://lattes.cnpq.br/8381361724149467,1997,"Cidadania, uma Conquista","CADERNOS DE FORMAÇÃO HUMANA",,N,,,
"Ângela Maria Bessa Linhares",http://lattes.cnpq.br/8381361724149467,1997,"Cidadania e Trabalho","CADERNOS DE FORMAÇÃO HUMANA",,N,,,