nome,lattes_url,ano_publicacao,titulo_publicacao,periodico,issn,qualis,pontos,area,ano_base
"Antonia Rozimar Machado e Rocha",http://lattes.cnpq.br/5878797332815225,2025,"Educação Domiciliar e Escola sem Partido: Expressões do reacionarismo","REVASF - REVISTA DE EDUCAÇÃO DA UNIVERSIDADE FEDERAL DO VALE DO SÃO FRANCISCO",2177-8183,B1,,,2017-2020
"Antonia Rozimar Machado e Rocha",http://lattes.cnpq.br/5878797332815225,2024,"Educação e meritocracia no filme ?O clube do imperador?","POÍESIS PEDAGÓGICA",2178-4442,B1,,,2017-2020
"Antonia Rozimar Machado e Rocha",http://lattes.cnpq.br/5878797332815225,2023,"As Pesquisas sobre a fase do associativismo docente no Brasil","REVISTA COMMUNITAS",2526-5970,B1,,,2017-2020
"Antonia Rozimar Machado e Rocha",http://lattes.cnpq.br/5878797332815225,2023,"A contribuição das pesquisas sobre a fase do associativismo para o estudo da organização e da ação coletiva docente","CADERNOS DE PÓS-GRADUAÇÃO",2525-3514,B1,,,2017-2020
"Antonia Rozimar Machado e Rocha",http://lattes.cnpq.br/5878797332815225,2023,"A ótica empresarial nos dispositivos legais do Novo Ensino Médio","DOCENTES",2526-2815,N,,,
"Antonia Rozimar Machado e Rocha",http://lattes.cnpq.br/5878797332815225,2021,"A  Frente Parlamentar Evangélica no Congresso Nacional: Representatividade Política dos Evangélicos?","INTER-LEGERE (UFRN)",1982-1662,B2,,,2017-2020
"Antonia Rozimar Machado e Rocha",http://lattes.cnpq.br/5878797332815225,2021,"O problema da democracia na sociedade dividida em classes","REVISTA COCAR (ONLINE)",2237-0315,A2,,,2017-2020
"Antonia Rozimar Machado e Rocha",http://lattes.cnpq.br/5878797332815225,2020,"A contrarreforma da educação superior brasileira no contexto da crise do capital","REVISTA DE EDUCAÇÃO POPULAR",1982-7660,A4,,,2017-2020
"Antonia Rozimar Machado e Rocha",http://lattes.cnpq.br/5878797332815225,2020,"A trajetória histórica da Seção Sindical do ANDES-SN na UECE-SINDUECE e as lutas em defesa da educação superior pública no Ceará","UNIVERSIDADE E SOCIEDADE (BRASÍLIA)",1517-1779,A4,,,2017-2020
"Antonia Rozimar Machado e Rocha",http://lattes.cnpq.br/5878797332815225,2017,"A circularidade do autoreferencial teórico do banco mundial em suas pesquisas educacionais e seus projetos","POLÍTICA E GESTÃO EDUCACIONAL (ONLINE)",1519-9029,A3,,,2017-2020
"Antonia Rozimar Machado e Rocha",http://lattes.cnpq.br/5878797332815225,2015,"A Política Educacional do Banco Mundial para os países periféricos como expressão da geopolítica do conhecimento","CONTRIBUCIONES A LAS CIENCIAS SOCIALES",1988-7833,A4,,,2017-2020