nome,lattes_url,ano_publicacao,titulo_publicacao,periodico,issn,qualis,pontos,area,ano_base
"Antonia Lis de Maria Martins Torres",http://lattes.cnpq.br/0290068964313599,2025,"Una visión macroscópica brasileña de las lagunas de la Educación Especial en la Perspectiva Inclusiva (EEPI) en el contexto de la Educación Profesional y Tecnológica (EPT)","REVISTA SÍTIO NOVO",2594-7036,B2,,,2017-2020
"Antonia Lis de Maria Martins Torres",http://lattes.cnpq.br/0290068964313599,2025,"Análise das competências digitais dos docentes no município de Fortaleza: um estudo de caso","CADERNO PEDAGÓGICO (LAJEADO. ONLINE)",1983-0882,A2,,,2017-2020
"Antonia Lis de Maria Martins Torres",http://lattes.cnpq.br/0290068964313599,2025,"As tecnologias educacionais EAD na arena de disputas pela Educação Profissional e Tecnológica (EPT)","CADERNO PEDAGÓGICO (LAJEADO. ONLINE)",1983-0882,A2,,,2017-2020
"Antonia Lis de Maria Martins Torres",http://lattes.cnpq.br/0290068964313599,2025,"História da EaD nas Instituições de Ensino Superior Públicas Cearenses que Ofertam Licenciatura em Matemática: Expansão e Desafios à Democratização","EAD EM FOCO",2177-8310,A2,,,2017-2020
"Antonia Lis de Maria Martins Torres",http://lattes.cnpq.br/0290068964313599,2025,"Ambientes Virtuais de Aprendizagem no ensino remoto: análise do uso da Plataforma Inteligente em Caucaia-CE","CADERNO PEDAGÓGICO (LAJEADO. ONLINE)",1983-0882,A2,,,2017-2020
"Antonia Lis de Maria Martins Torres",http://lattes.cnpq.br/0290068964313599,2025,"A LITERATURA INDÍGENA DE AURITHA TABAJARA COMO INSTRUMENTO DE LUTA E VALORIZAÇÃO DA MULHER PARA UMA EDUCAÇÃO DEMOCRÁTICA E ANTIRRACISTA","REVISTA DOCENTES",2526-4923,B1,,,2017-2020
"Antonia Lis de Maria Martins Torres",http://lattes.cnpq.br/0290068964313599,2024,"PESQUISAS SOBRE AS EXPERIÊNCIAS PEDAGÓGICAS DAS GRADUAÇÕES OFERTADAS PELO INSTITUTO UFC VIRTUAL UMA REVISÃO SISTEMÁTICA DE LITERATURA","REVISTA DOCENTES",2526-4923,B1,,,2017-2020
"Antonia Lis de Maria Martins Torres",http://lattes.cnpq.br/0290068964313599,2024,"CONTRIBUIÇÕES DOS JOGOS DIGITAIS PARA APRENDIZES COM O TRANSTORNO DO ESPECTRO AUTISTA","REVISTA DOCENTES",2526-4923,B1,,,2017-2020
"Antonia Lis de Maria Martins Torres",http://lattes.cnpq.br/0290068964313599,2024,"Proposta de sequência didática para o ensino de equações do primeiro grau","CADERNO PEDAGÓGICO (LAJEADO. ONLINE)",1983-0882,A2,,,2017-2020
"Antonia Lis de Maria Martins Torres",http://lattes.cnpq.br/0290068964313599,2024,"Formação Interdisciplinar Colaborativa (FIC): uma experiência para o desenvolvimento das competências digitais de discentes no contexto universitário cearense","CONTRIBUCIONES A LAS CIENCIAS SOCIALES",1988-7833,A4,,,2017-2020
"Antonia Lis de Maria Martins Torres",http://lattes.cnpq.br/0290068964313599,2024,"O estatuto da pessoa com deficiência e os impasses contemporâneos da inclusão: disputas de narrativas em arenas políticas e as implicações sociais","CADERNO PEDAGÓGICO (LAJEADO. ONLINE)",1983-0882,A2,,,2017-2020
"Antonia Lis de Maria Martins Torres",http://lattes.cnpq.br/0290068964313599,2024,"Notas introdutórias aos fundamentos teóricos da educação profissional (EPT) brasileira frente ao neoliberalismo","CADERNO PEDAGÓGICO (LAJEADO. ONLINE)",1983-0882,A2,,,2017-2020
"Antonia Lis de Maria Martins Torres",http://lattes.cnpq.br/0290068964313599,2023,"Convergência entre a Metodologia de Ensino Sequência Fedathi com os Objetivos Educacionais do Domínio Cognitivo da Taxonomia de Bloom","CONTRIBUCIONES A LAS CIENCIAS SOCIALES",1988-7833,A4,,,2017-2020
"Antonia Lis de Maria Martins Torres",http://lattes.cnpq.br/0290068964313599,2023,"A Sequência Fedathi no ensino de Geometria para o Ensino Fundamental: relato de experiência em uma escola periférica de Caucaia-CE-Brasil","EDUCAÇÃO MATEMÁTICA EM REVISTA",2317-904X,A2,,,2017-2020
"Antonia Lis de Maria Martins Torres",http://lattes.cnpq.br/0290068964313599,2023,"O potencial da cultura maker para o desenvolvimento das habilidades steam (ciência, tecnologia, engenharia, artes e matemática) na educação","CUADERNOS DE EDUCACIÓN Y DESARROLLO",1989-4155,A4,,,2017-2020
"Antonia Lis de Maria Martins Torres",http://lattes.cnpq.br/0290068964313599,2023,"Sequência Fedathi como trilha didática para promoção das competências de matemática da Base Nacional Comum Curricular","BOLETIM CEARENSE DE EDUCAÇÃO E HISTÓRIA DA MATEMÁTICA",2357-8661,B1,,,2017-2020
"Antonia Lis de Maria Martins Torres",http://lattes.cnpq.br/0290068964313599,2022,"Sequência Fedathi: uma proposta metodológica para o ensino fundamental e médio na Guiné-Bissau","ACTA SCIENTIARUM. EDUCATION (ONLINE)",2178-5201,A2,,,2017-2020
"Antonia Lis de Maria Martins Torres",http://lattes.cnpq.br/0290068964313599,2021,"The application of the fedathi sequence in teaching human anatomy: a successful change of attitude","INTERNATIONAL JOURNAL OF DEVELOPMENT RESEARCH",2230-9926,C,,,2017-2020
"Antonia Lis de Maria Martins Torres",http://lattes.cnpq.br/0290068964313599,2020,"O racismo na perspectiva dos acadêmicos africanos: contexto Brasil-Guiné-Bissau","REVISTA ELETRÔNICA ESPAÇO ACADÊMICO (ONLINE)",1519-6186,B3,,,2017-2020
"Antonia Lis de Maria Martins Torres",http://lattes.cnpq.br/0290068964313599,2019,"ENSAIO TEÓRICO SOBRE O DESIGN INSTRUCIONAL CONTEXTUALIZADO E AS ESTRATÉGIAS DIDÁTICAS NA ELABORAÇÃO DE MATERIAL DIDÁTICO PARA EAD ONLINE","REVISTA EMREDE - REVISTA DE EDUCAÇÃO À DISTÂNCIA",2359-6082,A4,,,2017-2020
"Antonia Lis de Maria Martins Torres",http://lattes.cnpq.br/0290068964313599,2019,"TeleMeios as a Virtual Environment and their possibilities in Hybrid Education","INTERNATIONAL JOURNAL FOR INNOVATION EDUCATION AND RESEARCH",2411-2933,C,,,2017-2020
"Antonia Lis de Maria Martins Torres",http://lattes.cnpq.br/0290068964313599,2019,"Ensaio Teórico Sobre o Design Instrucional Contextualizado e as Estratégias Didáticas na Elaboração de Material Didático para EaD Online","REVISTA EMREDE - REVISTA DE EDUCAÇÃO À DISTÂNCIA",2359-6082,A4,,,2017-2020
"Antonia Lis de Maria Martins Torres",http://lattes.cnpq.br/0290068964313599,2016,"AS TECNOLOGIAS DIGITAIS E SUAS IMPLICAÇÕES NA FORMAÇÃO DOCENTE","PERCURSO ACADÊMICO",2236-0603,A3,,,2017-2020
"Antonia Lis de Maria Martins Torres",http://lattes.cnpq.br/0290068964313599,2016,"DESENHO DIDÁTICO E MEDIAÇÃO PEDAGÓGICA EM AMBIENTES VIRTUAIS: CONTRIBUIÇÕES À EDUCAÇÃO A DISTÂNCIA","REVISTA EMREDE - REVISTA DE EDUCAÇÃO À DISTÂNCIA",2359-6082,A4,,,2017-2020
"Antonia Lis de Maria Martins Torres",http://lattes.cnpq.br/0290068964313599,2005,"A CONTRIBUIÇÃO DA DIDÁTICA PARA A FORMAÇÃO DO PEDAGOGO","ANAIS (COLÓQUIO INTERNACIONAL POLÍTICAS E PRÁTICAS CURRICULARES. CD-ROM)",1808-9097,N,,,