nome,lattes_url,ano_publicacao,titulo_publicacao,periodico,issn,qualis,pontos,area,ano_base
"Bernadete de Souza Porto",http://lattes.cnpq.br/6363268957802414,2024,"A diversidade étnico-racial e linguística na formação inicial de professores de Espanhol como língua estrangeira","CAMINHOS EM LINGUÍSTICA APLICADA",2176-8625,A4,,,2017-2020
"Bernadete de Souza Porto",http://lattes.cnpq.br/6363268957802414,2024,"APOLOGIA DA HISTÓRIA ENSINADA: historicidade crítico-significativa e a didática reconstrutivista contra a precarização da docência","HTTPS://DOI.ORG/10.1590/1980-4369E20240020",2024-0020,N,,,
"Bernadete de Souza Porto",http://lattes.cnpq.br/6363268957802414,2023,"Ensino com Pesquisa e a formação docente na Educação Infantil","EDUCAÇÃO & ENSINO",2594-4444,B1,,,2017-2020
"Bernadete de Souza Porto",http://lattes.cnpq.br/6363268957802414,2023,"Análise crítica de conteúdo, neurociência e a crítica ao interpretativismo","REVISTA COCAR (ONLINE)",2237-0315,A2,,,2017-2020
"Bernadete de Souza Porto",http://lattes.cnpq.br/6363268957802414,2022,"Crenças de discentes do curso de pedagogia sobre o bom professor","REVISTA BRAZILIAN JOURNAL OF DEVELOPMENT",2525-8761,C,,,2017-2020
"Bernadete de Souza Porto",http://lattes.cnpq.br/6363268957802414,2022,"Perfil preliminar de designers de jogos do Brasil.","ANTARES: LETRAS E HUMANIDADES",1984-4921,B1,,,2017-2020
"Bernadete de Souza Porto",http://lattes.cnpq.br/6363268957802414,2022,"A FORMAÇÃO DO PROFESSOR DA EDUCAÇÃO PROFISSIONAL TÉCNICA DE NÍVEL MÉDIO: CONTEXTOS E CONTRADIÇÕES.","REVISTA EDUCAÇÃO & EMANCIPAÇÃO",2358-4319,A3,,,2017-2020
"Bernadete de Souza Porto",http://lattes.cnpq.br/6363268957802414,2022,"Saberes docentes e pensamento pedagógico brasileiro: perspectivas e interseções a partir das narrativas de professores","REVISTA DE EDUCAÇÃO, CIÊNCIA E CULTURA",2236-6377,A3,,,2017-2020
"Bernadete de Souza Porto",http://lattes.cnpq.br/6363268957802414,2022,"Análise do desenvolvimento temático de estudos relacionando educação e covid-19","EDUCAÇÃO E PESQUISA",1678-4634,A1,,,2017-2020
"Bernadete de Souza Porto",http://lattes.cnpq.br/6363268957802414,2022,"O CALEIDOSCÓPIO PARA UMA FORMAÇÃO DOCENTE LUDO-SENSÍVEL DO PEDAGOGO: É POSSÍVEL!.","HTTPS://DOI.ORG/10.22481/REED.V3I8.11030",2675-6889,C,,,2017-2020
"Bernadete de Souza Porto",http://lattes.cnpq.br/6363268957802414,2021,"Por uma didática crítica e lúdica","CENAS EDUCACIONAIS",2595-4881,B1,,,2017-2020
"Bernadete de Souza Porto",http://lattes.cnpq.br/6363268957802414,2021,"A RACIONALIDADE PEDAGÓGICA E OS SABERES SOBRE O ENSINO: UM ESTUDO SOBRE A EPISTEMOLOGIA DA PRÁTICA DOCENTE","CENAS EDUCACIONAIS",2526-2815,N,,,
"Bernadete de Souza Porto",http://lattes.cnpq.br/6363268957802414,2021,"A importância da avaliação e do planejamento para o ensino de Engenharia Química","REVISTA BRASILEIRA DE ENGENHARIA QUÍMICA",0102-9843,B4,,,2017-2020
"Bernadete de Souza Porto",http://lattes.cnpq.br/6363268957802414,2021,"A FORMAÇÃO DOCENTE E O PROCESSO DE CONSTRUÇÃO DO SER  PROFESSOR","INTERSABERES REVISTA CIENTÍFICA",1809-7286,A3,,,2017-2020
"Bernadete de Souza Porto",http://lattes.cnpq.br/6363268957802414,2021,"A pesquisa e a produção dos saberes pedagógicos no Ensino Superior: o que nos revelam as narrativas docentes?","PESQUISEDUCA",2177-1626,A4,,,2017-2020
"Bernadete de Souza Porto",http://lattes.cnpq.br/6363268957802414,2021,"TRILHAS DE APRENDIZAGEM NA DIDÁTICA: UM RELATO DE EXPERIÊNCIA NO ENSINO REMOTO EMERGENCIAL","CENAS EDUCACIONAIS",2595-4881,B1,,,2017-2020
"Bernadete de Souza Porto",http://lattes.cnpq.br/6363268957802414,2021,"A LIBERDADE NÃO TIRA FÉRIAS: BRINCAR LIVRE, LUDICIDADE E EDUCAÇÃO INFANTIL","HTTPS://DOI.ORG/10.22481/REED.V2I6.10109",2675-6889,C,,,2017-2020
"Bernadete de Souza Porto",http://lattes.cnpq.br/6363268957802414,2021,"Narrativas docentes e saberes pedagógicos de professores do ensino superior","REVISTA EDUCAÇÃO & FORMAÇÃO",2448-3583,A3,,,2017-2020
"Bernadete de Souza Porto",http://lattes.cnpq.br/6363268957802414,2020,"TENDÊNCIAS PEDAGÓGICAS: DA SÍNTESE CONCEITUAL ÀMEDIAÇÃO DA APRENDIZAGEM NA PÓS-GRADUAÇÃO.","DOCENTES",2526-2815,N,,,
"Bernadete de Souza Porto",http://lattes.cnpq.br/6363268957802414,2017,"contribuitions of pathology monitoring in the nursing reaching-learning process","INTERNATIONAL JOURNAL OF DEVELOPMENT RESEARCH",2230-9926,C,,,2017-2020
"Bernadete de Souza Porto",http://lattes.cnpq.br/6363268957802414,2016,"FORMAÇÃO PEDAGÓGICA E ESTÉTICA NA DISCIPLINA DE ESTÁGIO SUPERVISIONADO: APRENDIZAGENS DOCENTES DE ESTUDANTES UNIVERSITÁRIOS","PESQUISEDUCA",2177-1626,A4,,,2017-2020
"Bernadete de Souza Porto",http://lattes.cnpq.br/6363268957802414,2007,"O trabalho docente, sua relação com os conteúdos e com a vivência lúdica: um estudo das crenças dos professores","REVISTA DA FA7",1678-9172,C,,,2017-2020
"Bernadete de Souza Porto",http://lattes.cnpq.br/6363268957802414,2006,"Pro dia novo encontrar! o desenvolvimento potencial e o cotidiano escolar","REVISTA DA FA7",1678-9172,C,,,2017-2020
"Bernadete de Souza Porto",http://lattes.cnpq.br/6363268957802414,2006,"Ainda é tempo de aprender?","REVISTA DE EDUCAÇÃO. AEC",0104-0537,N,,,
"Bernadete de Souza Porto",http://lattes.cnpq.br/6363268957802414,2006,"Se der a gente brinca: crenças de professores sobre ludicidade e atividades lúdicas","REVISTA FAEEBA",0104-7043,A2,,,2017-2020
"Bernadete de Souza Porto",http://lattes.cnpq.br/6363268957802414,2006,"Coração de Professor: o (des)encanto do trabalho docente numa visão sócio-histórica e lúdica","REVISTA FAEEBA",0104-7043,A2,,,2017-2020
"Bernadete de Souza Porto",http://lattes.cnpq.br/6363268957802414,2005,"Ciranda e destino: reflexões sobre a necessidade de reconstrução da relação entre professores e estudantes","REVISTA DE EDUCAÇÃO. AEC",0104-0537,N,,,
"Bernadete de Souza Porto",http://lattes.cnpq.br/6363268957802414,2003,"Que caminho devo seguir?","REVISTA DA FACED",1516-2907,N,,,
"Bernadete de Souza Porto",http://lattes.cnpq.br/6363268957802414,2003,"Por uma alfabetização crítica e lúdica","EDUCAÇÃO EM DEBATE",0102-2117,N,,,
"Bernadete de Souza Porto",http://lattes.cnpq.br/6363268957802414,2002,"ESCOLA QUE TE QUERO VIDA","REVISTA DE EDUCAÇÃO. AEC",0104-0537,N,,,
"Bernadete de Souza Porto",http://lattes.cnpq.br/6363268957802414,2002,"UMA PIRUETA, DUAS PIRUETAS. BRAVO! BRAVO! A importância do brinquedo na educação das crianças e de seus professores","EDUCAÇÃO E LUDICIDADE. ENSAIOS",1677-7891,N,,,
"Bernadete de Souza Porto",http://lattes.cnpq.br/6363268957802414,2001,"VAMOS TODOS CIRANDAR ? gestão do trabalho pedagógico em sala de aula","REVISTA DE EDUCAÇÃO. AEC",0104-0537,N,,,