nome,lattes_url,ano_publicacao,titulo_publicacao,periodico,issn,qualis,pontos,area,ano_base
"Cassandra Ribeiro Joye",http://lattes.cnpq.br/2308920362072312,2025,"As tecnologias educacionais EAD na arena de disputas pela Educação Profissional e Tecnológica (EPT)","CADERNO PEDAGÓGICO (LAJEADO. ONLINE)",1983-0882,A2,,,2017-2020
"Cassandra Ribeiro Joye",http://lattes.cnpq.br/2308920362072312,2025,"Da invisibilidade a onipresença: a trajetória da Inteligência Artificial e seus artefatos no cotidiano","REVISTA DE ESTUDOS DE CULTURA",2446-7189,A4,,,2017-2020
"Cassandra Ribeiro Joye",http://lattes.cnpq.br/2308920362072312,2025,"Cenário prospectivo da docência na Educação a Distância brasileira frente ao avanço da Inteligência Artificial Generativa: uma revisão integrativa","REVISTA EDUCAÇÃO & ENSINO",2594-4444,B1,,,2017-2020
"Cassandra Ribeiro Joye",http://lattes.cnpq.br/2308920362072312,2023,"Desafios e oportunidades para a formação de funcionários/as da educação básica","RETRATOS DA ESCOLA",2238-4391,A2,,,2017-2020
"Cassandra Ribeiro Joye",http://lattes.cnpq.br/2308920362072312,2023,"Convergência entre a metodologia de Ensino Sequência Fedathi com os objetivos educacionais do domínio cognitivo da Taxonomia de Bloom","CONTRIBUCIONES A LAS CIENCIAS SOCIALES",1988-7833,A4,,,2017-2020
"Cassandra Ribeiro Joye",http://lattes.cnpq.br/2308920362072312,2021,"CONTEXTUALIZAÇÃO DIDÁTICA DA FUNÇÃO  EXPONENCIAL: POR QUE ENSINAR A INTERPRETAR O GRÁFICO DA DOENÇA COVID-19?","DOCENTES",2526-2815,N,,,
"Cassandra Ribeiro Joye",http://lattes.cnpq.br/2308920362072312,2020,"A Educação a Distância na era digital: tipologia, variações, uso e possibilidades da educação online","RESEARCH, SOCIETY AND DEVELOPMENT",2525-3409,C,,,2017-2020
"Cassandra Ribeiro Joye",http://lattes.cnpq.br/2308920362072312,2020,"Educação a Distância ou Atividade Educacional Remota Emergencial: em busca do elo perdido da educação escolar em tempos de COVID-19","RESEARCH, SOCIETY AND DEVELOPMENT",2525-3409,C,,,2017-2020
"Cassandra Ribeiro Joye",http://lattes.cnpq.br/2308920362072312,2020,"FormaÃ§Ã£o continuada: experiÃªncia na extensÃ£o em EAD","BRAZILIAN JOURNAL OF DEVELOPMENT",2525-8761,C,,,2017-2020
"Cassandra Ribeiro Joye",http://lattes.cnpq.br/2308920362072312,2020,"Formação Docente em tempos de Pandemia: relato de experiência em ensino remoto em uma disciplina pedagógica em instituição federal","RESEARCH, SOCIETY AND DEVELOPMENT",2525-3409,C,,,2017-2020
"Cassandra Ribeiro Joye",http://lattes.cnpq.br/2308920362072312,2019,"PERCURSOS PARA INSTITUCIONALIZAÇÃO DA EAD NO IFCE: A  CONSTRUÇÃO DE UMA SISTÊMICA DE GESTÃO","HORIZONTES - REVISTA DE EDUCAÇÃO",2318-1540,B1,,,2017-2020
"Cassandra Ribeiro Joye",http://lattes.cnpq.br/2308920362072312,2019,"Sistema de gestão e planejamento de conteúdos didáticos digitais para EaD","BRAZILIAN JOURNAL OF DEVELOPMENT",2525-8761,C,,,2017-2020
"Cassandra Ribeiro Joye",http://lattes.cnpq.br/2308920362072312,2019,"ENSAIO TEÓRICO SOBRE O DESIGN INSTRUCIONAL CONTEXTUALIZADO E AS ESTRATÉGIAS DIDÁTICAS NA ELABORAÇÃO DE MATERIAL DIDÁTICO PARA EAD ONLINE","REVISTA EMREDE - REVISTA DE EDUCAÇÃO À DISTÂNCIA",2359-6082,A4,,,2017-2020
"Cassandra Ribeiro Joye",http://lattes.cnpq.br/2308920362072312,2018,"A SequÃªncia Fedathi na ProduÃ§Ã£o do Material DidÃ¡tico de MatemÃ¡tica: Estudo de Caso do IFCE","REVISTA CONEXÕES - CIÊNCIA E TECNOLOGIA",1982-176X,A2,,,2017-2020
"Cassandra Ribeiro Joye",http://lattes.cnpq.br/2308920362072312,2018,"MATERIAL DIDÁTICO PARA A EAD: AUTORIA E CRIATIVIDADE","REVISTA EMREDE - REVISTA DE EDUCAÇÃO À DISTÂNCIA",2359-6082,A4,,,2017-2020
"Cassandra Ribeiro Joye",http://lattes.cnpq.br/2308920362072312,2018,"Gestão e planejamento em EAD: modelo de sistema de informações da Matriz do Design Educacional (MADE)","MOMENTO - DIÁLOGOS EM EDUCAÇÃO",2316-3100,A4,,,2017-2020
"Cassandra Ribeiro Joye",http://lattes.cnpq.br/2308920362072312,2016,"Formação de tutores na DEAD/IFCE: competências e habilidades necessárias","REVISTA CONEXÕES - CIÊNCIA E TECNOLOGIA",2176-0144,A2,,,2017-2020
"Cassandra Ribeiro Joye",http://lattes.cnpq.br/2308920362072312,2015,"MADE: SISTEMA INFORMATIZADO PARA O PLANEJAMENTO DE DISCIPLINAS EM EaD","REVISTA CONEXÕES - CIÊNCIA E TECNOLOGIA",2176-0144,A2,,,2017-2020
"Cassandra Ribeiro Joye",http://lattes.cnpq.br/2308920362072312,2012,"Gerenciamento da Aprendizagem, Evasão em EaD Online e Possíveis Soluções: Um Estudo de Caso no IFCE","RENOTE. REVISTA NOVAS TECNOLOGIAS NA EDUCAÇÃO",1679-1916,A4,,,2017-2020
"Cassandra Ribeiro Joye",http://lattes.cnpq.br/2308920362072312,2011,"Um indicador de Aprendizagem Não-Linear para EaD online Fundamentado no Modelo de Avaliação Learning Vectors (LV)","REVISTA IBEROAMERICANA DE EVALUACIÓN EDUCATIVA",1989-0397,A2,,,2017-2020
"Cassandra Ribeiro Joye",http://lattes.cnpq.br/2308920362072312,2008,"EPT Virtual:espaço digital de apoio 'a pesquisa e aplicação das TICs na educação profisional e tecnológica","REVISTA BRASILEIRA DE EDUCAÇÃO PROFISSIONAL E TECNOLÓGICA",1983-0408,A2,,,2017-2020