nome,lattes_url,ano_publicacao,titulo_publicacao,periodico,issn,qualis,pontos,area,ano_base
"Clarice Zientarski",http://lattes.cnpq.br/4673553941111789,2023,"Qual o lugar que as crianças do 2º ano do Ensino Fundamental ocupam na política de accountability escolar no estado do Ceará?","ENSAIO (RIO DE JANEIRO. ONLINE)",1809-4465,A1,,,2017-2020
"Clarice Zientarski",http://lattes.cnpq.br/4673553941111789,2023,"Escolas cívico-militares: Expressão da negligência estatal e vetor de privatização da educação pública","CONTEXTO & EDUCAÇÃO",2179-1309,A2,,,2017-2020
"Clarice Zientarski",http://lattes.cnpq.br/4673553941111789,2023,"O Programa Residência Pedagógica Ciências da Natureza e Matemática (Ledoc/UFMA): potencializar concepções teóricas e metodológicas do paradigma da Educação do Campo em escolas públicas maranhenses","REVISTA BRASILEIRA DE EDUCAÇÃO DO CAMPO",2525-4863,A4,,,2017-2020
"Clarice Zientarski",http://lattes.cnpq.br/4673553941111789,2022,"Cristianismo de libertação, teologia da prosperidade e as perspectivas da luta de classes no Brasil","REVISTA BRASILEIRA DE EDUCAÇÃO",1809-449X,A1,,,2017-2020
"Clarice Zientarski",http://lattes.cnpq.br/4673553941111789,2022,"O ENSINO REMOTO E A MECANIZAÇÃO DO TRABALHO DOCENTE","CADERNOS DE ESTUDOS SOCIAIS",2595-4091,B4,,,2017-2020
"Clarice Zientarski",http://lattes.cnpq.br/4673553941111789,2022,"Christianity of liberation, prosperity theology, and perspectives of class struggle in Brazil","REVISTA BRASILEIRA DE EDUCAÇÃO",1809-449X,A1,,,2017-2020
"Clarice Zientarski",http://lattes.cnpq.br/4673553941111789,2022,"Escola da Terra Ceará: Educação do Campo e a Pedagogia Histórico-Crítica à luz do Materialismo-Histórico-Dialético","EDUCAÇÃO E POLÍTICAS EM DEBATE",2238-8346,A3,,,2017-2020
"Clarice Zientarski",http://lattes.cnpq.br/4673553941111789,2022,"BNCC E ATUAÇÃO DOCENTE: AMEAÇAS À LIBERDADE DE ENSINO E O FORTALECIMENTO DE MECANISMOS DE CONTROLE E VIGILÂNCIA","CADERNOS DA PEDAGOGIA (UFSCAR. ONLINE)",1982-4440,B1,,,2017-2020
"Clarice Zientarski",http://lattes.cnpq.br/4673553941111789,2022,"Escolas cívico-militares: estratégia política para ocultar a negligência com a educação pública no Estado brasileiro","REVISTA EDUCAÇÃO (PUCRS. ONLINE)",1981-2582,A1,,,2017-2020
"Clarice Zientarski",http://lattes.cnpq.br/4673553941111789,2021,"Os rumos da educação e do Ensino Superior público brasileiro nos anos 1990 e pós - 2016","DEBATES EM EDUCAÇÃO",2175-6600,A2,,,2017-2020
"Clarice Zientarski",http://lattes.cnpq.br/4673553941111789,2021,"A escola unitária de Gramsci e os fundamentos da pedagogia histórico-crítica","REVISTA HISTEDBR ON-LINE",1676-2584,A3,,,2017-2020
"Clarice Zientarski",http://lattes.cnpq.br/4673553941111789,2021,"Carta-manifesto ao companheiro Paulo Freire: a conjuntura neoconservadora, as (poucas) conquistas e a esperança na edificação de um novo modo de produção","ECCOS REVISTA CIENTÍFICA (ONLINE)",1983-9278,A3,,,2017-2020
"Clarice Zientarski",http://lattes.cnpq.br/4673553941111789,2021,"Accountability educacional na era da covid-19 e além: um ?novo normal? na educação?","REVISTA OLHARES E TRILHAS",1983-3857,A4,,,2017-2020
"Clarice Zientarski",http://lattes.cnpq.br/4673553941111789,2021,"A EDUCAÇÃO BRASILEIRA DIANTE DOS IMPACTOS DA COVID-19 E A LEGISLAÇÃO IMPLANTADA: INTERESSES CONTROVERSOS À REALIDADE BRASILEIRA?","REVISTA PRÂKSIS",2448-1939,B3,,,2017-2020
"Clarice Zientarski",http://lattes.cnpq.br/4673553941111789,2021,"Trabalho docente em tempos de pandemia: a realidade vivenciada por professores e equipes gestoras de instituições de ensino da região metropolitana de Fortaleza/CE","EDUCAÇÃO E POLÍTICAS EM DEBATE",2238-8346,A3,,,2017-2020
"Clarice Zientarski",http://lattes.cnpq.br/4673553941111789,2020,"FORMAÇÃO DE PROFESSORES(AS) DO CAMPO: UMA POLÍTICA NO CONTEXTO DAS MUTAÇÕES NO MUNDO DO TRABALHO","REVISTA E-CURRICULUM (PUCSP)",1809-3876,A2,,,2017-2020
"Clarice Zientarski",http://lattes.cnpq.br/4673553941111789,2020,"AÇÃO ESCOLA DA TERRA: A INDISSOCIABILIDADE ENTRE ENSINO-PESQUISA-EXTENSÃO","EXTENSÃO EM AÇÃO",2316-400X,B4,,,2017-2020
"Clarice Zientarski",http://lattes.cnpq.br/4673553941111789,2020,"-O saber é e será produzido para ser vendido-","REVISTA EDUCAÇÃO EM QUESTÃO (ONLINE)",1981-1802,A1,,,2017-2020
"Clarice Zientarski",http://lattes.cnpq.br/4673553941111789,2019,"A FORMAÇÃO DE PROFESSORES EM SERVIÇO: POLÍTICAS DE ALINHAMENTO AOS ORGANISMOS INTERNACIONAIS E À LÓGICA NEOLIBERAL","REVISTA IBERO-AMERICANA DE ESTUDOS EM EDUCAÇÃO",1982-5587,A1,,,2017-2020
"Clarice Zientarski",http://lattes.cnpq.br/4673553941111789,2019,"As relações que envolvem o estado, as classes sociais e a escola pública sob a égide do capitalismo neoliberal","PERSPECTIVA (UFSC) (ONLINE)",2175-795X,A2,,,2017-2020
"Clarice Zientarski",http://lattes.cnpq.br/4673553941111789,2019,"-GESTÃO DEMOCRÁTICA- NO ENSINO PÚBLICO: UM PARADOXO DO ESTADO NEOPATRIMONIALISTA BRASILEIRO? - O CASO DO CEARÁ","EDUCAÇÃO EM REVISTA (UFMG. IMPRESSO)",0102-4698,A1,,,2017-2020
"Clarice Zientarski",http://lattes.cnpq.br/4673553941111789,2019,"Conhecimento e a sua socialização na educação escolar para a pedagogia da autonomia de Paulo Freire","REVISTA HISTEDBR ON-LINE",1676-2584,A3,,,2017-2020
"Clarice Zientarski",http://lattes.cnpq.br/4673553941111789,2019,"Gestão e controle social: em discussão o Conselho Municipal de Educação de Fortaleza/CE","EDUCAÇÃO (SANTA MARIA. ONLINE)",1984-6444,A2,,,2017-2020
"Clarice Zientarski",http://lattes.cnpq.br/4673553941111789,2019,"A luta das mulheres pela educação diante de questões que envolvem o mundo do trabalho, classe, etnia e gênero","REVISTA CADERNO ESPAÇO FEMININO DO NÚCLEO DE ESTUDOS DE GÊNERO E PESQUISA SOBRE A MULHER",1981-3082,B2,,,2017-2020
"Clarice Zientarski",http://lattes.cnpq.br/4673553941111789,2019,"PROPOSTAS PEDAGÓGICAS PARA AS CLASSES MULTISSERIADAS DO CAMPO: DISPUTAS ENTRE PROJETOS EDUCATIVOS PARA OS TRABALHADORES","REVISTA IDEAÇÃO",1982-3010,B1,,,2017-2020
"Clarice Zientarski",http://lattes.cnpq.br/4673553941111789,2017,"A GESTÃO DEMOCRÁTICA DA ESCOLA PÚBLICA SOB A ÉGIDE DO CAPITALISMO NEOLIBERAL","REVISTA DIALECTUS",2317-2010,A4,,,2017-2020
"Clarice Zientarski",http://lattes.cnpq.br/4673553941111789,2016,"O processo de formação continuada em serviço no município de Fortaleza","REVISTA TRANSMUTARE",2525-6475,B2,,,2017-2020
"Clarice Zientarski",http://lattes.cnpq.br/4673553941111789,2016,"AS RELAÇÕES E APRENDIZAGENS PRESENTES ENTRE OS MOVIMENTOS SOCIAIS DE TRABALHADORES DE DIFERENTES CATEGORIAS PROFISSIONAIS","EDUCAÇÃO E EMANCIPAÇÃO (UFMA)",2358-4319,A3,,,2017-2020
"Clarice Zientarski",http://lattes.cnpq.br/4673553941111789,2016,"ESCOLA DA TERRA E PEDAGOGIA HISTORICO CRITICA:FORMAÇÃO DOCENTE","EXTENSÃO EM AÇÃO",2316-400X,B4,,,2017-2020
"Clarice Zientarski",http://lattes.cnpq.br/4673553941111789,2015,"A RELAÇÃO ENTRE TRABALHO E EDUCAÇÃO E AS IMPLICAÇÕES NO ÂMBITO DAS ESCOLAS PÚBLICAS DE FORTALEZA/CE","CADERNOS DE PESQUISA",2178-2229,A3,,,2017-2020
"Clarice Zientarski",http://lattes.cnpq.br/4673553941111789,2013,"O DESAFIO DOS PROFESSORES NA CONSTRUÇÃO DE UMA ESCOLA PÚBLICA DEMOCRÁTICA NO CONTEXTO CAPITALISTA - ISSN 1809-3876","REVISTA E-CURRICULUM (PUCSP)",1809-3876,A2,,,2017-2020
"Clarice Zientarski",http://lattes.cnpq.br/4673553941111789,2013,"A CIDADANIA NEGADA AOS PROFISSIONAIS DA EDUCAÇÃO FRENTE ÀS CONTRADIÇÕES DO ESTADO MÍNIMO: UM ESTUDO DE CASO -  ISSN 2175-2613","CADERNOS DE PESQUISA: PENSAMENTO EDUCACIONAL (CURITIBA. ONLINE)",2175-2613,A4,,,2017-2020
"Clarice Zientarski",http://lattes.cnpq.br/4673553941111789,2012,"Estratégia de luta na superação da exclusão escolar: o papel dos técnicos sociais.","PRÁXIS EDUCATIVA (UEPG. ONLINE)",1809-4309,A1,,,2017-2020
"Clarice Zientarski",http://lattes.cnpq.br/4673553941111789,2012,"A ESCOLA PÚBLICA E PROCESSOS FORMATIVOS DE PROFESSORES: ESPAÇOS E CONCEPÇÕES EXPLÍCITAS NO PROJETO POLÍTICO-PEDAGÓGICO.ISSN 1980-9700","CADERNOS DE PESQUISA: PENSAMENTO EDUCACIONAL (CURITIBA. IMPRESSO)",1980-9700,A4,,,2017-2020
"Clarice Zientarski",http://lattes.cnpq.br/4673553941111789,2012,"PROJETO POLÍTICO-PEDAGÓGICO: LIMITES, CONTRADIÇÕES E DESAFIOS NO PROCESSO DE DEMOCRATIZAÇÃO DA ESCOLA  ISSN 2177-6210","EDUCACAO UNISINOS (ONLINE)",2177-6210,A2,,,2017-2020
"Clarice Zientarski",http://lattes.cnpq.br/4673553941111789,2012,"OPRESSORES E OPRIMIDOS SOB A ÓTICA FREIREANA: RELAÇÕES DE PODER NO COTIDIANO ESCOLAR ISSN 1646-2335","INTERACCOES",1646-2335,A3,,,2017-2020
"Clarice Zientarski",http://lattes.cnpq.br/4673553941111789,2012,"A DESCENTRALIZAÇÃO DA GESTÃO: DAS POLÍTICAS EDUCACIONAIS ÁS PRÁTICAS ESCOLARES ISSN 1517-1949","ECCOS REVISTA CIENTÍFICA (IMPRESSO)",1517-1949,A3,,,2017-2020
"Clarice Zientarski",http://lattes.cnpq.br/4673553941111789,2012,"O espaço da escola na formação continuada de professores: lócus de conquistas ou mera formalidade?","PERSPECTIVA",2175-795X,A2,,,2017-2020
"Clarice Zientarski",http://lattes.cnpq.br/4673553941111789,2011,"A implementação do Programa Segundo Tempo no municipio de Santa Rosa, RS  ISSN 1514-3465","LECTURAS EDUCACIÓN FÍSICA Y DEPORTES (BUENOS AIRES)",1514-3465,B1,,,2017-2020
"Clarice Zientarski",http://lattes.cnpq.br/4673553941111789,2011,"A gestão democrática da escola pública é possível no capitalismo?ISSN 1677-3802","CADERNOS ANPAE",1677-3802,N,,,
"Clarice Zientarski",http://lattes.cnpq.br/4673553941111789,2011,"POLÍTICAS DE AÇÕES AFIRMATIVAS E POBREZA NO BRASIL - ISSN 0034-7183","REVISTA BRASILEIRA DE ESTUDOS PEDAGÓGICOS (IMPRESSO)",0034-7183,A1,,,2017-2020
"Clarice Zientarski",http://lattes.cnpq.br/4673553941111789,2010,"Perspectivas na consolidação do sistema de ensino brasileiro: o desenho da democratização proposto nas leis de diretrizes e bases ? Leis 4.024/61 e 9.394/96' ISSN 1981-1969","JORNAL DE POLÍTICAS EDUCACIONAIS",1981-1969,A2,,,2017-2020
"Clarice Zientarski",http://lattes.cnpq.br/4673553941111789,2010,"A EDUCAÇÃO E A ESCOLA BRASILEIRA: DIALOGANDO COM FREIRE E GRAMSCI - ISBN 1681-5653","REVISTA IBEROAMERICANA DE EDUCACIÓN (ONLINE)",1681-5653,A2,,,2017-2020
"Clarice Zientarski",http://lattes.cnpq.br/4673553941111789,2009,"OS CAMINHOS PARA A DEMOCRATIZAÇÃO DA EDUCAÇÃO NO BRASIL: QUAL O PAPEL DOS EDUCADORES NESTE PROCESSO? ISSN 1676-2584","REVISTA HISTEDBR ON-LINE",1676-2584,A3,,,2017-2020
"Clarice Zientarski",http://lattes.cnpq.br/4673553941111789,2006,"Gestão Democrática da Escola Pública: possibilidades e limites  ISSN 1809-4651","EDUCAÇÃO UNISINOS",1519-387X,A2,,,2017-2020
"Clarice Zientarski",http://lattes.cnpq.br/4673553941111789,2006,"AUTOGESTÃO - DO MOVIMENTO DOS TRABALHADORES À AUTOGESTÃO PEDAGÓGICA ISSN 1517-1353                       OGESTÃO PEDAGÓGICA: POSSIBILIDADES E LIMITES","CADERNO DE ENSINO, PESQUISA E EXTENSÃO (UFSM)",1517-1353,N,,,