nome,lattes_url,ano_publicacao,titulo_publicacao,periodico,issn,qualis,pontos,area,ano_base
"Cristiany Gomes da Nóbrega",http://lattes.cnpq.br/6312534295481205,2012,"Avaliação da Atuação dos Docentes de Instituições de Ensino Superior: o caso da Faculdade Cearense (FAC)","META: AVALIAÇÃO",2175-2753,A4,,,2017-2020
"Cristiany Gomes da Nóbrega",http://lattes.cnpq.br/6312534295481205,2012,"Desenvolvimento de um Protótipo de Sistema Informatizado para Avaliação da Atuação do Docente Universitário: Apresentação de Resultados Parciais","REVISTA IBEROAMERICANA DE EVALUACIÓN EDUCATIVA",1989-0397,A2,,,2017-2020
"Cristiany Gomes da Nóbrega",http://lattes.cnpq.br/6312534295481205,2009,"Avaliação da qualidade educacional da Faculdade de Educação (FACED) da Universidade Federal do Ceará (UFC)","ENSAIO (FUNDAÇÃO CESGRANRIO. IMPRESSO)",0104-4036,A1,,,2017-2020
"Cristiany Gomes da Nóbrega",http://lattes.cnpq.br/6312534295481205,2006,"Opinião de docentes acerca da relação entre programas televisivos e violência infantil em ambientes educacionais","LINGUAGEM, EDUCAÇÃO E SOCIEDADE (UFPI)",1518-0743,A3,,,2017-2020
"Cristiany Gomes da Nóbrega",http://lattes.cnpq.br/6312534295481205,2006,"Opiniões de docentes e de coordenadores acerca do fenômeno da evasão discente dos cursos de graduação da Universidade Federal do Ceará (UFC)","ENSAIO (FUNDAÇÃO CESGRANRIO. IMPRESSO)",0104-4036,A1,,,2017-2020