nome,lattes_url,ano_publicacao,titulo_publicacao,periodico,issn,qualis,pontos,area,ano_base
"Eduardo Ferreira Chagas",http://lattes.cnpq.br/2479899457642563,2025,"Paradigmas Historiográficos do Conhecimento Contemporâneo: Aspectos Teóricos-Metodológicos.","REVISTA DIALECTUS",2317-2010,A4,,,2017-2020
"Eduardo Ferreira Chagas",http://lattes.cnpq.br/2479899457642563,2024,"Sobre a Construção do Conhecimento no Processo Educacional em Sala de Aula: Uma Perspectiva a partir de Hegel e Lefebvre.","DOCENTES",2526-4923,B1,,,2017-2020
"Eduardo Ferreira Chagas",http://lattes.cnpq.br/2479899457642563,2024,"O ¿HOMEM COMUM¿ NA LITERATURA DE KAFKA: UM CALEIDOSCÓPIO QUE DESMASCARA A ALIENAÇÃO DA VIDA COTIDIANA","REVISTA DIALECTUS",2317-2010,A4,,,2017-2020
"Eduardo Ferreira Chagas",http://lattes.cnpq.br/2479899457642563,2024,"O DIREITO À EXPRESSÃO ARTÍSTICA NA CONSTRUÇÃO DA ¿PALAVRAMUNDO¿: REFLEXÕES DE EXPERIÊNCIAS ENGENDRADAS DO CHÃO DA ESCOLA DA REDE PÚBLICA MUNICIPAL DE FORTALEZA","REVISTA DIALECTUS",2317-2010,A4,,,2017-2020
"Eduardo Ferreira Chagas",http://lattes.cnpq.br/2479899457642563,2024,"A POSSIBILIDADE DE UMA EDUCAÇÃO MUSEAL NA ESCOLA: UM INTERCÂMBIO A PARTIR DA ARTE DE DESCARTES GADELHA","REVISTA DIALECTUS",2317-2010,A4,,,2017-2020
"Eduardo Ferreira Chagas",http://lattes.cnpq.br/2479899457642563,2024,"Natureza e Negação da Vontade Livre em Feuerbach","REVISTA DIALECTUS",2317-2010,A4,,,2017-2020
"Eduardo Ferreira Chagas",http://lattes.cnpq.br/2479899457642563,2024,"Phenomenal, Subjective, Self-Aware: A Clear Distinction with a Vire tô Augmented Sensory Modalities'","REVISTA DIALECTUS",2317-2010,A4,,,2017-2020
"Eduardo Ferreira Chagas",http://lattes.cnpq.br/2479899457642563,2024,"O Materialismo Histórico-Dialético e a Crítica à Ideologia Promovida pela Classe Dominante","REVISTA DIALECTUS",2317-2010,A4,,,2017-2020
"Eduardo Ferreira Chagas",http://lattes.cnpq.br/2479899457642563,2024,"Certeza Sensível e Percepção como Momentos da Consciência Filosófica","REVISTA DIALECTUS",2317-2010,A4,,,2017-2020
"Eduardo Ferreira Chagas",http://lattes.cnpq.br/2479899457642563,2023,"Análise bibliográfica acerca da relação entre linguagem e sujeito no pensamento de Mikhail Bakhtin","ATOS DE PESQUISA EM EDUCAÇÃO (FURB)",1809-0354,A3,,,2017-2020
"Eduardo Ferreira Chagas",http://lattes.cnpq.br/2479899457642563,2023,"O AMOR COMO FUNDAMENTO ÉTICO-MORAL E SOCIAL EM SANTO AGOSTINHO","HTTP://10.0.230.2/CLLQV8I1.156",2448-2722,B1,,,2017-2020
"Eduardo Ferreira Chagas",http://lattes.cnpq.br/2479899457642563,2022,"O fetichismo do capital portador de juros","REVISTA DIALECTUS",2317-2010,A4,,,2017-2020
"Eduardo Ferreira Chagas",http://lattes.cnpq.br/2479899457642563,2022,"A exploração do trabalho como condição do lucro comercial e da renda fundiária no pensamento de Marx","REVISTA DIALECTUS",2317-2010,A4,,,2017-2020
"Eduardo Ferreira Chagas",http://lattes.cnpq.br/2479899457642563,2022,"O sujeito médio e a personalidade autoritária","REVISTA LABOR",1983-5000,B1,,,2017-2020
"Eduardo Ferreira Chagas",http://lattes.cnpq.br/2479899457642563,2021,"Aparência, Essência e Exploração nas seções I e II do livro III de O Capital","KAIRÓS (INSTITUTO TEOLÓGICO-PASTORAL DO CEARÁ)",1807-5096,N,,,
"Eduardo Ferreira Chagas",http://lattes.cnpq.br/2479899457642563,2021,"Clio no Palácio de Minerva: Diálogos Epistemológicos","REVISTA DIALECTUS",2317-2010,A4,,,2017-2020
"Eduardo Ferreira Chagas",http://lattes.cnpq.br/2479899457642563,2021,"O conceito de natureza na filosofia de Ludwig Feuerbach","TRANS/FORM/AÇÃO (UNESP. MARÍLIA. ON LINE)",1980-539X,A1,,,2017-2020
"Eduardo Ferreira Chagas",http://lattes.cnpq.br/2479899457642563,2021,"A Dialética do Começo na Lógica de Hegel","OCCURSOS - REVISTA DE FILOSOFIA",2526-3676,B3,,,2017-2020
"Eduardo Ferreira Chagas",http://lattes.cnpq.br/2479899457642563,2021,"MARX E A TEMÁTICA DA EDUCAÇÃO: UM ESTUDO DA CRÍTICA DO PROGRAMA DE GOTHA (1875)","REVISTA DIALECTUS",2317-2010,A4,,,2017-2020
"Eduardo Ferreira Chagas",http://lattes.cnpq.br/2479899457642563,2021,"-O PRIMADO DA TOTALIDADE- EM LUKÁCS: UM DEBATE À LUZ DA HERANÇA MARXIANO-HEGELIANA","REVISTA DIALECTUS",2317-2010,A4,,,2017-2020
"Eduardo Ferreira Chagas",http://lattes.cnpq.br/2479899457642563,2021,"FILOSOFIA E COVID-19: FEUERBACH E EDGAR ALLAN POE COMO ANTÍPODAS DE UM MUNDO AVESSO À MORTE","REVISTA DIALECTUS",2317-2010,A4,,,2017-2020
"Eduardo Ferreira Chagas",http://lattes.cnpq.br/2479899457642563,2021,"MATERNIDADE POLÍTICA: TRAJETÓRIAS DE VIDA, EDUCAÇÃO E LUTAS POR DIREITOS","REVISTA DIALECTUS",2317-2010,A4,,,2017-2020
"Eduardo Ferreira Chagas",http://lattes.cnpq.br/2479899457642563,2021,"Avanço neoliberal: retrocesso na educação","REVISTA COCAR (UEPA)",1981-9269,A2,,,2017-2020
"Eduardo Ferreira Chagas",http://lattes.cnpq.br/2479899457642563,2020,"TEORIA DA VIOLÊNCIA EM MARX","REVISTA DIALECTUS",2317-2010,A4,,,2017-2020
"Eduardo Ferreira Chagas",http://lattes.cnpq.br/2479899457642563,2020,"ESTADO, EDUCAÇÃO E PLANEJAMENTO EDUCACIONAL: ENTRELAÇAMENTOS TEÓRICO-PRÁTICOS","REVISTA DIALECTUS",2317-2010,A4,,,2017-2020
"Eduardo Ferreira Chagas",http://lattes.cnpq.br/2479899457642563,2020,"O Resgate de Paulo Freire para o Projeto-Libertação de Enrique Dussel","REVISTA IDEAÇÃO",2359-6384,A4,,,2017-2020
"Eduardo Ferreira Chagas",http://lattes.cnpq.br/2479899457642563,2020,"Natureza e liberdade em Ludwig Feuerbach","ARGUMENTOS: REVISTA DE FILOSOFIA (ONLINE)",1984-4255,A2,,,2017-2020
"Eduardo Ferreira Chagas",http://lattes.cnpq.br/2479899457642563,2020,"A Exploração Subjacente ao Ciclo do Capital Monetário","REVISTA DIALECTUS",2317-2010,A4,,,2017-2020
"Eduardo Ferreira Chagas",http://lattes.cnpq.br/2479899457642563,2020,"A crítica de Marx à inversão hegeliana da ideia como sujeito e do homem e de suas produções como predicados","REVISTA DIALECTUS",2317-2010,A4,,,2017-2020
"Eduardo Ferreira Chagas",http://lattes.cnpq.br/2479899457642563,2020,"Introdução à crítica de Marx à mecanização do trabalho","REVISTA SEARA FILOSÓFICA (ONLINE)",2177-8698,B1,,,2017-2020
"Eduardo Ferreira Chagas",http://lattes.cnpq.br/2479899457642563,2020,"CONSIDERAÇÕES SOBRE A TECNOLOGIA NO PROCESSO DE TRABALHO E DE VALORIZAÇÃO DO VALOR COM BASE EM MARX","REVISTA DIALECTUS",2317-2010,A4,,,2017-2020
"Eduardo Ferreira Chagas",http://lattes.cnpq.br/2479899457642563,2020,"MIKHAIL BAKHTIN E KARL MARX: CONSCIÊNCIA E LINGUAGEM","REVISTA DIALECTUS",2317-2010,A4,,,2017-2020
"Eduardo Ferreira Chagas",http://lattes.cnpq.br/2479899457642563,2019,"Trabalho Livre e a Lei Geral De Acumulação Capitalista: a formação de uma população supérflua para o capital","CADERNOS CAJUÍNA",2448-0916,A4,,,2017-2020
"Eduardo Ferreira Chagas",http://lattes.cnpq.br/2479899457642563,2019,"Nietzsche, a Crítica ao Antiquarianismo e uma Nova História dos Valores","PHILOSÓPHOS",1982-2928,A2,,,2017-2020
"Eduardo Ferreira Chagas",http://lattes.cnpq.br/2479899457642563,2019,"Direito Positivo, Miséria Social e Violência no Capitalismo Globalizado","SERVIÇO SOCIAL & SOCIEDADE",2317-6318,A1,,,2017-2020
"Eduardo Ferreira Chagas",http://lattes.cnpq.br/2479899457642563,2019,"A CRÍTICA DE FEUERBACH AO PRINCÍPIO LEIBNIZIANO DA AUTONOMIA DAS MÔNADAS","SINTESE (BELO HORIZONTE. 1974)",0103-4332,A3,,,2017-2020
"Eduardo Ferreira Chagas",http://lattes.cnpq.br/2479899457642563,2019,"O MÉTODO NARRATIVO DE HERMANN HESSE E O TRATAMENTO DAS IDEIAS DE NIETZSCHE","REVISTA DIALECTUS",2317-2010,A4,,,2017-2020
"Eduardo Ferreira Chagas",http://lattes.cnpq.br/2479899457642563,2019,"A RELAÇÃO TRABALHO-EDUCAÇÃO NO PENSAMENTO DE MARX: UM ESTUDO DOS MANUSCRITOS ECONÔMICO-FILOSÓFICOS (1844)","REVISTA DIALECTUS",2317-2010,A4,,,2017-2020
"Eduardo Ferreira Chagas",http://lattes.cnpq.br/2479899457642563,2019,"A autonomia da natureza em Ludwig Feuerbach","REVISTA HELIUS",2357-8297,B2,,,2017-2020
"Eduardo Ferreira Chagas",http://lattes.cnpq.br/2479899457642563,2018,"A Fundamentação Subjetiva e Social da Religião em Ludwig Feuerbach e Karl Marx","REVISTA DIALECTUS",2317-2010,A4,,,2017-2020
"Eduardo Ferreira Chagas",http://lattes.cnpq.br/2479899457642563,2017,"Natureza e deliberação em Aristóteles: um aproximação em diálogo com Pierre Aubenque","KALAGATOS - REVISTA DE FILOSOFIA (VERSÃO ON-LINE)",1984-9206,A3,,,2017-2020
"Eduardo Ferreira Chagas",http://lattes.cnpq.br/2479899457642563,2017,"Educação, Liberdade e Responsabilidade na Filosofia de Jean-Jacques Rousseau","REVISTA DIALECTUS",2317-2010,A4,,,2017-2020
"Eduardo Ferreira Chagas",http://lattes.cnpq.br/2479899457642563,2017,"Nietzsche, o Intempestivo: sobre os Excessos da História Científica e o Não-Histórico","REVISTA DIALECTUS",2317-2010,A4,,,2017-2020
"Eduardo Ferreira Chagas",http://lattes.cnpq.br/2479899457642563,2017,"Nietzsche: proposições acerca de uma história genealógica e afirmadora da vida","HISTÓRIA DA HISTORIOGRAFIA",1983-9928,A1,,,2017-2020
"Eduardo Ferreira Chagas",http://lattes.cnpq.br/2479899457642563,2017,"História e Genealogia: Notas sobre uma História Genealógica e Afirmadora da Vida no Pensamento de Nietzsche","REVISTA DE TEORIA DA HISTÓRIA",2175-5892,A3,,,2017-2020
"Eduardo Ferreira Chagas",http://lattes.cnpq.br/2479899457642563,2017,"Categoria da Totalidade em 'História e Consciência de Classe', de György Lukács: Uma Aproximação às Questões de Método no Marxismo","REVISTA DIALECTUS",2317-2010,A4,,,2017-2020
"Eduardo Ferreira Chagas",http://lattes.cnpq.br/2479899457642563,2017,"Cultura e Educação na Idade Média: Aspectos Histórico-Filosófico-Teológicos","REVISTA DIALECTUS",2317-2010,A4,,,2017-2020
"Eduardo Ferreira Chagas",http://lattes.cnpq.br/2479899457642563,2017,"A crítica da religião como crítica da realidade social no pensamento de Karl Marx","TRANS/FORM/AÇÃO (UNESP. MARÍLIA. IMPRESSO)",0101-3173,A1,,,2017-2020
"Eduardo Ferreira Chagas",http://lattes.cnpq.br/2479899457642563,2017,"O fetichismo nosso de cada dia: a religião profana do capital - naturalização e dominação","KALAGATOS - REVISTA DE FILOSOFIA (VERSÃO ON-LINE)",1984-9206,A3,,,2017-2020
"Eduardo Ferreira Chagas",http://lattes.cnpq.br/2479899457642563,2016,"Reflexões sobre estado e violência em 'A montanha que devemos conquistar' de István Mészáros","REVISTA DIALECTUS",2317-2010,A4,,,2017-2020
"Eduardo Ferreira Chagas",http://lattes.cnpq.br/2479899457642563,2016,"As contradições da técnica no capitalismo segundo Marx","REVISTA DIALECTUS",2317-2010,A4,,,2017-2020
"Eduardo Ferreira Chagas",http://lattes.cnpq.br/2479899457642563,2016,"O trabalho como formação e deformação humana em Hegel e Marx","REVISTA DIALECTUS",2317-2010,A4,,,2017-2020
"Eduardo Ferreira Chagas",http://lattes.cnpq.br/2479899457642563,2016,"Da pedagogia do capital e de sua antítese: violência, (de)formação do trabalho e a luta pela formação humana","REVISTA DIALECTUS",2317-2010,A4,,,2017-2020
"Eduardo Ferreira Chagas",http://lattes.cnpq.br/2479899457642563,2015,"A natureza como base da ética em Ludwig Feuerbach - A determinação natural da vontade","SINTESE (BELO HORIZONTE. 1974)",0103-4332,A3,,,2017-2020
"Eduardo Ferreira Chagas",http://lattes.cnpq.br/2479899457642563,2015,"A Vontade é Livre? Natureza e Ética em Ludwig Feuerbach","REVISTA DIALECTUS",2317-2010,A4,,,2017-2020
"Eduardo Ferreira Chagas",http://lattes.cnpq.br/2479899457642563,2014,"A religião em Feuerbach: Deus não é Deus, mas o homem e/ou a natureza divinizados","REVISTA DIALECTUS",2317-2010,A4,,,2017-2020
"Eduardo Ferreira Chagas",http://lattes.cnpq.br/2479899457642563,2014,"A critica da política em Marx","REVISTA DIALECTUS",2317-2010,A4,,,2017-2020
"Eduardo Ferreira Chagas",http://lattes.cnpq.br/2479899457642563,2014,"Homem, religião e natureza: o projeto da filosofia do futuro em Ludwig Feuerbach","FILOGÊNESE (MARÍLIA)",1984-1159,B1,,,2017-2020
"Eduardo Ferreira Chagas",http://lattes.cnpq.br/2479899457642563,2013,"O pensamento de Marx sobre a subjetividade","TRANS/FORM/AÇÃO (UNESP. MARÍLIA. IMPRESSO)",0101-3173,A1,,,2017-2020
"Eduardo Ferreira Chagas",http://lattes.cnpq.br/2479899457642563,2013,"O defeito da Lei Universal do Entendimento na Fenomenologia do Espírito","REVISTA DIALECTUS",2317-2010,A4,,,2017-2020
"Eduardo Ferreira Chagas",http://lattes.cnpq.br/2479899457642563,2012,"Revista Dialectus","REVISTA DIALECTUS",2317-2010,A4,,,2017-2020
"Eduardo Ferreira Chagas",http://lattes.cnpq.br/2479899457642563,2011,"A Aversão do Cristianismo à Natureza em Feuerbach","PHILÓSOPHOS (UFG) (CESSOU EM 2000. CONT. ISSN 1982-2928 REVISTA PHILÓSOPHOS)",1414-2236,N,,,
"Eduardo Ferreira Chagas",http://lattes.cnpq.br/2479899457642563,2011,"O método dialético de Marx: investigação e exposição crítica do objeto","SINTESE (BELO HORIZONTE. 1974)",0103-4332,A3,,,2017-2020
"Eduardo Ferreira Chagas",http://lattes.cnpq.br/2479899457642563,2011,"A determinação dupla do trabalho em Marx: trabalho concreto e trabalho abstrato","OUTUBRO (SÃO PAULO)",1516-6333,B4,,,2017-2020
"Eduardo Ferreira Chagas",http://lattes.cnpq.br/2479899457642563,2010,"O metabolismo de reprodução do capital e sua crise estrutural","REVISTA ELETRÔNICA ARMA DA CRÍTICA",1984-4735,B1,,,2017-2020
"Eduardo Ferreira Chagas",http://lattes.cnpq.br/2479899457642563,2009,"A Primazia da Natureza ante o espirito em Ludwig Feuerbach","TRANS/FORM/AÇÃO (UNESP. MARÍLIA. IMPRESSO)",0101-3173,A1,,,2017-2020
"Eduardo Ferreira Chagas",http://lattes.cnpq.br/2479899457642563,2009,"A natureza como negação da imortalidade da alma no jovem Feuerbach","PRINCÍPIOS (UFRN. IMPRESSO)",0104-8694,A2,,,2017-2020
"Eduardo Ferreira Chagas",http://lattes.cnpq.br/2479899457642563,2008,"A natureza dúplice do trabalho em Marx: trabalho útil-concreto e trabalho abstrato","OUTUBRO (SÃO PAULO)",1516-6333,B4,,,2017-2020
"Eduardo Ferreira Chagas",http://lattes.cnpq.br/2479899457642563,2008,"A natureza como negação da imortalidade da alma no jovem Feuerbach.","EDUCAÇÃO EM DEBATE (UFC)",0102-1117,B1,,,2017-2020
"Eduardo Ferreira Chagas",http://lattes.cnpq.br/2479899457642563,2007,"Feuerbach e Espinosa: deus e natureza, dualismo ou unidade?","TRANS/FORM/AÇÃO",0101-3173,A1,,,2017-2020
"Eduardo Ferreira Chagas",http://lattes.cnpq.br/2479899457642563,2007,"A razão em Feuerbach como base da unidade do homem e da natureza","PRINCÍPIOS (UFRN. IMPRESSO)",0104-8694,A2,,,2017-2020
"Eduardo Ferreira Chagas",http://lattes.cnpq.br/2479899457642563,2005,"A Questão do Começo na Filosofia de Hegel - Feuerbach: Critica ao","REVISTA ELETRÔNICA DE ESTUDOS HEGELIANOS",1980-8372,A2,,,2017-2020
"Eduardo Ferreira Chagas",http://lattes.cnpq.br/2479899457642563,2005,"Metafisik und Kritik - Feuerbach - Kritik des Anfangs der Philosophie Hegels in der Logik und der Phänomenologie des Geistes","REVISTA ELETRÔNICA DE ESTUDOS HEGELIANOS",1980-8372,A2,,,2017-2020
"Eduardo Ferreira Chagas",http://lattes.cnpq.br/2479899457642563,2004,"A filosofia da natureza Ludwig Fewerbach como crítica ao deísmo","REVISTA CRITICA",,N,,,
"Eduardo Ferreira Chagas",http://lattes.cnpq.br/2479899457642563,1998,"Marx e a questão da história sob dois enfoques: evolução e repetição","REVISTA DE EDUCAÇÃO E FILOSOFIA",,N,,,
"Eduardo Ferreira Chagas",http://lattes.cnpq.br/2479899457642563,1998,"Introdução ao pensamento político de Hegel","CADERNO DO NEPS",,N,,,
"Eduardo Ferreira Chagas",http://lattes.cnpq.br/2479899457642563,1995,"Para uma explicitação da dialética do senhor e do escravo na fenomenologia do espírito","REVISTA EDUCAÇÃO E FILOSOFIA",,N,,,
"Eduardo Ferreira Chagas",http://lattes.cnpq.br/2479899457642563,1995,"Para uma explicitação do conceito de poder em Hannah Arendt","REVISTA DE EDUCAÇÃO E FILOSOFIA",,N,,,
"Eduardo Ferreira Chagas",http://lattes.cnpq.br/2479899457642563,1994,"A Cisão do Mundo Ético: Lei Divina e Lei Humana na Fenomenologia e na Antígona","REVISTA DE EDUCAÇÃO E FILOSOFIA",,N,,,
"Eduardo Ferreira Chagas",http://lattes.cnpq.br/2479899457642563,1994,"Diferença entre Alienação e Estranhamento nos Manuscritos de 1844","REVISTA DE EDUCAÇÃO E FILOSOFIA",,N,,,
"Eduardo Ferreira Chagas",http://lattes.cnpq.br/2479899457642563,1992,"Projeto de uma Nova Filosofia como afirmação do Homem em Ludwig Feuerbach","TEORIA PRAXIS REVISTA DE CIENCIAS HUMANAS E POLÍTICA",,N,,,