nome,lattes_url,ano_publicacao,titulo_publicacao,periodico,issn,qualis,pontos,area,ano_base
"Eduardo Santos Junqueira Rodrigues",http://lattes.cnpq.br/7443323966791424,2025,"MULTILETRAMENTOS E INTELIGÊNCIA ARTIFICIAL NAS PRÁTICAS ARTÍSTICAS JUVENIS: UMA ANÁLISE SOBRE A PRODUÇÃO DE VÍDEOS REMIX","REVISTA INTERINSTITUCIONAL ARTES DE EDUCAR",2359-6856,A4,,,2017-2020
"Eduardo Santos Junqueira Rodrigues",http://lattes.cnpq.br/7443323966791424,2025,"INTELIGÊNCIA ARTIFICIAL GENERATIVA E ESTUDANTES UNIVERSITÁRIOS NO CONTEXTO DOS MULTILETRAMENTOSEL USO DE LA INTELIGENCIA ARTIFICIAL GENERATIVA POR ESTUDIANTES UNIVERSITARIOS EN EL CONTEXTO DE LA PEDAGOGÍA DE LOS MULTILETRAMIENTOSTHE USE OF GENERATIVE ARTIFICIAL INTELLIGENCE BY UNIVERSITY STUDENTS IN THE CONTEXT OF THE PEDAGOGY OF MULTILITERACIES","REVISTA DOCÊNCIA E CIBERCULTURA",2594-9004,B1,,,2017-2020
"Eduardo Santos Junqueira Rodrigues",http://lattes.cnpq.br/7443323966791424,2025,"Inteligência Artificial Generativa e Multiletramentos: Mudanças no Ensino e na Aprendizagem","EAD EM FOCO",2177-8310,A2,,,2017-2020
"Eduardo Santos Junqueira Rodrigues",http://lattes.cnpq.br/7443323966791424,2024,"Aprendizagem em fóruns da internet","REVISTA E-CURRICULUM (PUCSP)",1809-3876,A2,,,2017-2020
"Eduardo Santos Junqueira Rodrigues",http://lattes.cnpq.br/7443323966791424,2023,"Práticas Musicais de Multiletramento Mediadas por Plataformas Digitais: uma Análise Multimodal da Plataforma Digital Yousician","EAD EM FOCO",2177-8310,A2,,,2017-2020
"Eduardo Santos Junqueira Rodrigues",http://lattes.cnpq.br/7443323966791424,2022,"Análise do desenvolvimento temático dos estudos sobre games na educação","EDUCAÇÃO E PESQUISA",1678-4634,A1,,,2017-2020
"Eduardo Santos Junqueira Rodrigues",http://lattes.cnpq.br/7443323966791424,2022,"DIÁLOGOS EM FLUXO EM FÓRUNS GENERALISTAS DA INTERNET: ações de trocas e aprendizagens em redes sociotécnicas","PERIFERIA (DUQUE DE CAXIAS)",1984-9540,A4,,,2017-2020
"Eduardo Santos Junqueira Rodrigues",http://lattes.cnpq.br/7443323966791424,2021,"Análise, através da técnica de rastreamento ocular, de interfaces de fórum virtual que favorecem a educação on-line","CADERNOS DE PESQUISA",2178-2229,A3,,,2017-2020
"Eduardo Santos Junqueira Rodrigues",http://lattes.cnpq.br/7443323966791424,2021,"Gamificando metodologias ativas no ensino superior: práticas de formação inicial em pesquisa científica","CADERNOS DE PESQUISA: PENSAMENTO EDUCACIONAL (CURITIBA. IMPRESSO)",1980-9700,A4,,,2017-2020
"Eduardo Santos Junqueira Rodrigues",http://lattes.cnpq.br/7443323966791424,2020,"Técnica de rastreamento ocular revela  estratégias de ações múltiplas e não  lineares de navegação virtual de alunos  de EaD no AVA e na internet","REVISTA BRASILEIRA DE APRENDIZAGEM ABERTA E A DISTÂNCIA",1806-1362,A3,,,2017-2020
"Eduardo Santos Junqueira Rodrigues",http://lattes.cnpq.br/7443323966791424,2020,"Estudos de plataforma dimensões e problemas do fenômeno no campo da educação","LINHAS CRÍTICAS (UNB)",1516-4896,A2,,,2017-2020
"Eduardo Santos Junqueira Rodrigues",http://lattes.cnpq.br/7443323966791424,2019,"Narrativas audiovisuais de mulheres negras no youtube e mobilização de processos formativos","EDUCAÇÃO & LINGUAGEM",1415-9902,A4,,,2017-2020
"Eduardo Santos Junqueira Rodrigues",http://lattes.cnpq.br/7443323966791424,2019,"Ativismo em rede e pedagogia decolonial articulados por mulheres negras no YouTube","TEIAS (RIO DE JANEIRO)",1982-0305,A2,,,2017-2020
"Eduardo Santos Junqueira Rodrigues",http://lattes.cnpq.br/7443323966791424,2019,"A NAVEGAÇÃO DOS ALUNOS NOS FÓRUNS VIRTUAIS E A APRENDIZAGEM  COLABORATIVA","HOLOS (NATAL. ONLINE)",1807-1600,A1,,,2017-2020
"Eduardo Santos Junqueira Rodrigues",http://lattes.cnpq.br/7443323966791424,2019,"A documentação de atividades de leitura na EAD com o uso da técnica do rastreamento ocular","TEXTO DIGITAL (UFSC)",1807-9288,A3,,,2017-2020
"Eduardo Santos Junqueira Rodrigues",http://lattes.cnpq.br/7443323966791424,2018,"Rede Social, Apropriação e Aprendizagem de Alunos Universitários","EDUCAÇÃO EM FOCO (JUIZ DE FORA)",0104-3293,A3,,,2017-2020
"Eduardo Santos Junqueira Rodrigues",http://lattes.cnpq.br/7443323966791424,2017,"Net-ativismo, colaboração e aprendizagem: apontamentos etnográficos sobre a experiência da rede Fora do Eixo","TEIAS (RIO DE JANEIRO. IMPRESSO)",1518-5370,A2,,,2017-2020
"Eduardo Santos Junqueira Rodrigues",http://lattes.cnpq.br/7443323966791424,2017,"CIBERCONTEÃ?DOS EDUCATIVOS E SUA CONSTRUÃ?Ã?O EM REDE","NUANCES (UNESP PRESIDENTE PRUDENTE)",1413-9855,A3,,,2017-2020
"Eduardo Santos Junqueira Rodrigues",http://lattes.cnpq.br/7443323966791424,2016,"PROCESSOS FORMATIVOS DE UM MÍDIA NINJA E AS NOVAS NARRATIVAS DO ATIVISMO NO CONTEXTO DA CIBERCULTURA","HOLOS (NATAL. ONLINE)",1807-1600,A1,,,2017-2020
"Eduardo Santos Junqueira Rodrigues",http://lattes.cnpq.br/7443323966791424,2016,"Using mobile message to improve student participation in blended courses","APPLIED COMPUTING REVIEW",1559-6915,B2,,,2017-2020
"Eduardo Santos Junqueira Rodrigues",http://lattes.cnpq.br/7443323966791424,2016,"Análise do uso de mensagens de celular na melhoria da participação de estudantes em cursos a distância: um estudo de caso","RENOTE. REVISTA NOVAS TECNOLOGIAS NA EDUCAÇÃO",1679-1916,A4,,,2017-2020
"Eduardo Santos Junqueira Rodrigues",http://lattes.cnpq.br/7443323966791424,2015,"Práticas de multiletramentos com laptops educacionais","REVISTA TEMPOS E ESPAÇOS EM EDUCAÇÃO",1983-6597,A3,,,2017-2020
"Eduardo Santos Junqueira Rodrigues",http://lattes.cnpq.br/7443323966791424,2015,"The Cyberculture Theories and Teacher Preparation at the LIFE-UFC Project in Brazil","INTERNATIONAL JOURNAL OF EDUCATION AND DEVELOPMENT USING INFORMATION AND COMMUNICATION TECHNOLOGY",1814-0556,A3,,,2017-2020
"Eduardo Santos Junqueira Rodrigues",http://lattes.cnpq.br/7443323966791424,2014,"A CIBERCULTURA E OS MOOCS: ANÁLISE DA INTERAÇÃO DOS ALUNOS EM DUAS EXPERIÊNCIAS NO BRASIL","REVISTA EDAPECI: EDUCAÇÃO A DISTÂNCIA E PRÁTICAS EDUCATIVAS COMUNICACIONAIS E INTERCULTURAIS",2176-171X,A4,,,2017-2020
"Eduardo Santos Junqueira Rodrigues",http://lattes.cnpq.br/7443323966791424,2014,"Formação de Professores que Ensinam Matemática no Contexto da Cibercultura: Estudo em uma Escola UCA","HOLOS (NATAL. ONLINE)",1807-1600,A1,,,2017-2020
"Eduardo Santos Junqueira Rodrigues",http://lattes.cnpq.br/7443323966791424,2013,"REFLEXÕES TEÓRICAS E PRÁTICAS SOBRE OS NOVOS LETRAMENTOS E TECNOLOGIAS DIGITAIS: RELATO DE FORMAÇÃO DOCENTE","REVISTA ELETRÔNICA DE EDUCAÇÃO (SÃO CARLOS)",1982-7199,A2,,,2017-2020
"Eduardo Santos Junqueira Rodrigues",http://lattes.cnpq.br/7443323966791424,2012,"Novas perspectivas de avaliação do aluno de EaD no paradigma da cibercultura e a web 2.0","LINHAS CRÍTICAS (UNB)",1516-4896,A2,,,2017-2020
"Eduardo Santos Junqueira Rodrigues",http://lattes.cnpq.br/7443323966791424,2012,"O problema da implantação das tecnologias digitais nas escolas e as identidades profissionais dos professores: uma análise sócio-histórica","TEIAS (RIO DE JANEIRO)",1982-0305,A2,,,2017-2020
"Eduardo Santos Junqueira Rodrigues",http://lattes.cnpq.br/7443323966791424,2010,"Conteúdos hipermodais para fins de aprendizagem: usos em contexto pelos alunos","EDUCAÇÃO EM REVISTA (UFMG. IMPRESSO)",0102-4698,A1,,,2017-2020
"Eduardo Santos Junqueira Rodrigues",http://lattes.cnpq.br/7443323966791424,2009,"Brazilian teachers? agency in a web-based U.S. reform project","INTERNATIONAL JOURNAL OF EDUCATION AND DEVELOPMENT USING INFORMATION AND COMMUNICATION TECHNOLOGY",1814-0556,A3,,,2017-2020
"Eduardo Santos Junqueira Rodrigues",http://lattes.cnpq.br/7443323966791424,2009,"Feminist ethnography in education and the challenges of conducting fieldwork: Critically examining reciprocity and relationships between academic and public interests","PERSPECTIVES ON URBAN EDUCATION",1946-7109,N,,,
"Eduardo Santos Junqueira Rodrigues",http://lattes.cnpq.br/7443323966791424,2009,"O que é inclusão digital? Um novo referencial teórico","LINHAS CRÍTICAS (UNB)",1516-4896,A2,,,2017-2020
"Eduardo Santos Junqueira Rodrigues",http://lattes.cnpq.br/7443323966791424,2008,"Challenging the Boundaries Between Standard and Popular Language Situated in Historical Contexts: The Communicative Practices of High-School Brazilian Students Crafting Hybrid Multi-Modal Ways With Words","LANGUAGE AND EDUCATION",0950-0782,A1,,,2020