nome,lattes_url,ano_publicacao,titulo_publicacao,periodico,issn,qualis,pontos,area,ano_base
"Elvis de Azevedo Matos",http://lattes.cnpq.br/9261280061942293,2025,"A EDUCAÇÃO DO MÚSICO NAS FAZENDAS BRASILEIRAS: UM OLHAR HISTÓRICO SOBRE OS OBJETIVOS DO CULTIVO DA MÚSICA NO PASSADO","ARACÊ - DIREITOS HUMANOS EM REVISTA",2358-2472,A2,,,2017-2020
"Elvis de Azevedo Matos",http://lattes.cnpq.br/9261280061942293,2025,"Dilemas epistemológicos e conflitos curriculares nos cursos de licenciatura em Música do IFCE: avaliação centrada em especialistas","HTTPS://DOI.ORG/10.47149/PEMO.V7.E14285",2675-519X,A3,,,2017-2020
"Elvis de Azevedo Matos",http://lattes.cnpq.br/9261280061942293,2025,"Artes   em   sociais   aprendizagens   como   encontro   com   a experiência e o autocultivo: ensaiando rupturas ao sistema, às práticas bancárias e ao habitusconservatorial","CADERNO PEDAGÓGICO (LAJEADO. ONLINE)",1983-0882,A2,,,2017-2020
"Elvis de Azevedo Matos",http://lattes.cnpq.br/9261280061942293,2025,"DA CRÍTICA À LIBERTAÇÃO: O CONHECIMENTO COMO FERRAMENTA DE EMANCIPAÇÃO EM RANCIÈRE E FREIRE","ARACÊ - DIREITOS HUMANOS EM REVISTA",2358-2472,A2,,,2017-2020
"Elvis de Azevedo Matos",http://lattes.cnpq.br/9261280061942293,2025,"EXTENSÃO UNIVERSITÁRIA: POSSIBILIDADES DE HUMANA FORMAÇÃO DOCENTE POR MEIO DE PRÁTICAS SONORAS TRANSDISCIPLINARES","HTTPS://DOI.ORG/10.54899/DCS.V22I81.3255",2005-5822,N,,,
"Elvis de Azevedo Matos",http://lattes.cnpq.br/9261280061942293,2025,"HUMANO-REGÊNCIA E A TOMADA DE CONSCIÊNCIA: UMA OBSERVAÇÃO PARTICIPANTE DA DISCIPLINA DE REGÊNCIA NO CURSO DE MÚSICA DA UNIVERSIDADE FEDERAL DO CEARÁ","REVISTA EDUCAÇÃO EM DEBATE",2526-0847,B1,,,2017-2020
"Elvis de Azevedo Matos",http://lattes.cnpq.br/9261280061942293,2025,"MUSICOTERAPIA, IMPROVISAÇÃO E ESCUTA: UM ESTUDO SOBRE PRÁTICAS CRIATIVAS CENTRADAS NO SOMMUSIC THERAPY, IMPROVISATION AND LISTENING: A STUDY ON CREATIVE PRACTICES CENTERED ON SOUNDMUSICOTERAPIA, IMPROVISACIÓN Y ESCUCHA: UN ESTUDIO SOBRE PRÁCTICAS CREATIVAS CENTRADAS EN EL SONIDO","LUMEN ET VIRTUS",2177-2789,B2,,,2017-2020
"Elvis de Azevedo Matos",http://lattes.cnpq.br/9261280061942293,2024,"Arte no currículo da escola de educação básica: reflexões sobre a pertinência da criatividade na formação humana","PEER REVIEW",1541-1389,A3,,,2017-2020
"Elvis de Azevedo Matos",http://lattes.cnpq.br/9261280061942293,2024,"Arts in schools curricula: disputes and possibilities for human emancipation","CONCILIUM (ENGLISH LANGUAGE EDITION)",0010-5236,A2,,,2017-2020
"Elvis de Azevedo Matos",http://lattes.cnpq.br/9261280061942293,2024,"O ENSINO ARTÍSTICO NO BRASIL, AS LEGISLAÇÕES E OS PARECERES: um breve histórico","REVISTA DOCENTES",2526-4923,B1,,,2017-2020
"Elvis de Azevedo Matos",http://lattes.cnpq.br/9261280061942293,2024,"UM PASSEIO PELO/NO COLETIVO E O SER MAIS EM ALEGRIA: nexos teóricos partilhados com Abordagem Musical Compartilhada em Snyders, Freire e Moraes","REVISTA DOCENTES",2526-4923,B1,,,2017-2020
"Elvis de Azevedo Matos",http://lattes.cnpq.br/9261280061942293,2024,"LIVRE COMPARTILHA MUSICAL: Improvisação Musical Livre como Meio de Partilha do Eu Sonoro","REVISTA DOCENTES",2526-4923,B1,,,2017-2020
"Elvis de Azevedo Matos",http://lattes.cnpq.br/9261280061942293,2024,"MOBILIZAR OS ALUNOS PARA IMPROVISAR SONORAMENTE: refletindo sobre a importância da relação com o saber nas práticas de aprendizagem musical compartilhada no âmbito da formação de professores de música","REVISTA DOCENTES",2526-4923,B1,,,2017-2020
"Elvis de Azevedo Matos",http://lattes.cnpq.br/9261280061942293,2024,"A escola de educação básica como local de formação docente","CADERNO PEDAGÓGICO (LAJEADO. ONLINE)",1983-0882,A2,,,2017-2020
"Elvis de Azevedo Matos",http://lattes.cnpq.br/9261280061942293,2022,"Harmonia para colorir: exemplo de aplicação da aprendizagem musical compartilhada na formação de professores","BRAZILIAN JOURNAL OF DEVELOPMENT",2525-8761,C,,,2017-2020
"Elvis de Azevedo Matos",http://lattes.cnpq.br/9261280061942293,2022,"Em busca de uma solidária formação humana e musical: aprendizagem musical compartilhada","INTERNATIONAL JOURNAL OF DEVELOPMENT RESEARCH",2230-9926,C,,,2017-2020
"Elvis de Azevedo Matos",http://lattes.cnpq.br/9261280061942293,2022,"Aprendizagem musical compartilhada: uma revisão de literatura","BRAZILIAN JOURNAL OF DEVELOPMENT",2525-8761,C,,,2017-2020
"Elvis de Azevedo Matos",http://lattes.cnpq.br/9261280061942293,2022,"Espaço Cênico-Musical: vida em movimento-ação","DRAMATURGIAS. REVISTA DO LABORATÓRIO DE DRAMATURGIA (LADI-UNB)",2525-9105,B1,,,2017-2020
"Elvis de Azevedo Matos",http://lattes.cnpq.br/9261280061942293,2022,"Educação musical e o humano direito de ser vivo e livre","CONJECTURAS",1657-5830,B4,,,2017-2020
"Elvis de Azevedo Matos",http://lattes.cnpq.br/9261280061942293,2021,"A gênese do interesse pela música: trajetórias de aquisição de capitais socioculturais e musicais","RESEARCH, SOCIETY AND DEVELOPMENT",2525-3409,C,,,2017-2020
"Elvis de Azevedo Matos",http://lattes.cnpq.br/9261280061942293,2021,"As estruturas sociais e seus impactos no campo do ensino superior de música nas universidades federais do Brasil","RESEARCH, SOCIETY AND DEVELOPMENT",2525-3409,C,,,2017-2020