nome,lattes_url,ano_publicacao,titulo_publicacao,periodico,issn,qualis,pontos,area,ano_base
"Fátima Maria Nobre Lopes",http://lattes.cnpq.br/2514934974368526,2024,"GESTÃO ESCOLAR E ENGAJAMENTO DOCENTE","REVISTA ELETRÔNICA CIENTÍFICA ENSINO INTERDISCIPLINAR",2447-0783,A3,,,2017-2020
"Fátima Maria Nobre Lopes",http://lattes.cnpq.br/2514934974368526,2024,"A gênese do dever-ser e do valor a partir da essência teleológica do trabalho","TRABALHO & EDUCAÇÃO (UFMG)",1516-9537,A3,,,2017-2020
"Fátima Maria Nobre Lopes",http://lattes.cnpq.br/2514934974368526,2023,"A educação politécnica no Brasil expressa na Educação Profissional","PRÁTICAS EDUCATIVAS, MEMÓRIAS E ORALIDADES - REV. PEMO",2675-519X,A3,,,2017-2020
"Fátima Maria Nobre Lopes",http://lattes.cnpq.br/2514934974368526,2023,"ELEMENTOS DE UMA ÉTICA FUNDAMENTAL","REVISTA EDUCAÇÃO EM DEBATE",2526-0847,B1,,,2017-2020
"Fátima Maria Nobre Lopes",http://lattes.cnpq.br/2514934974368526,2022,"A DIMENSÃO ONTOLÓGICA E ÉTICA DE UM CURRICULO DE QUALIDADE","REVISTA ELETRÔNICA CIENTÍFICA ENSINO INTERDISCIPLINAR",2447-0783,A3,,,2017-2020
"Fátima Maria Nobre Lopes",http://lattes.cnpq.br/2514934974368526,2022,"COORDENAÇÃO PEDAGÓGICA E FORMAÇÃO DE PROFESSORES","CADERNOS DE PESQUISA",2178-2229,A3,,,2017-2020
"Fátima Maria Nobre Lopes",http://lattes.cnpq.br/2514934974368526,2022,"Com a palavra, o professor diretor de turma","POLÍTICA E GESTÃO EDUCACIONAL (ONLINE)",1519-9029,A3,,,2017-2020
"Fátima Maria Nobre Lopes",http://lattes.cnpq.br/2514934974368526,2022,"O DUPLO ASPECTO DA REPRODUÇÃO E SUA INFLUÊNCIA NA EDUCAÇÃO.","EDUCAÇÃO E FILOSOFIA (UFU)",1982-5960,N,,,
"Fátima Maria Nobre Lopes",http://lattes.cnpq.br/2514934974368526,2021,"AS DUAS FACES DO TRABALHO: CONSTITUIÇÃO E NEGAÇÃO DO HOMEM","REVISTA EDUCAÇÃO EM DEBATE",2526-0847,B1,,,2017-2020
"Fátima Maria Nobre Lopes",http://lattes.cnpq.br/2514934974368526,2020,"A ONTOLOGIA DO TRABALHO: O PARADGMA NEOLIBERAL E SUAS CONSEQUENCIAS NA EDUCAÇÃO ESCOLAR","INTER-AÇÃO (UFG. ONLINE)",1981-8416,A2,,,2017-2020
"Fátima Maria Nobre Lopes",http://lattes.cnpq.br/2514934974368526,2019,"Precarização do trabalho docente na educação básica: causas e consequências","BRAZILIAN JOURNAL OF DEVELOPMENT",2525-8761,C,,,2017-2020
"Fátima Maria Nobre Lopes",http://lattes.cnpq.br/2514934974368526,2018,"TEORIA CRÍTICA E ESCLARECIMENTO: MEDIAÇÃO PARA UMA EDUCAÇÃO ESCOLAR EMANCIPATÓRIA","PRÁXIS EDUCACIONAL (ONLINE)",2178-2679,A2,,,2017-2020
"Fátima Maria Nobre Lopes",http://lattes.cnpq.br/2514934974368526,2018,"O paradoxo da educação brasileira: uma relação antagônica entre o princípio de realidade e o princípio de desempenho","REVISTA DIÁLOGO EDUCACIONA",1981-416X,A1,,,2017-2020
"Fátima Maria Nobre Lopes",http://lattes.cnpq.br/2514934974368526,2018,"Crítica de Marx à metafísica da economia política","GRIOT",2178-1036,A3,,,2017-2020
"Fátima Maria Nobre Lopes",http://lattes.cnpq.br/2514934974368526,2018,"NOVA GAZETA RENANA: A POLÍTICA EM SUA DIMENSÃO NEGATIVA NO PENSAMENTO DE MARX","SAPERE AUDE (BELO HORIZONTE. IMPRESSO)",2176-2708,A2,,,2017-2020
"Fátima Maria Nobre Lopes",http://lattes.cnpq.br/2514934974368526,2018,"DIDÁTICA E ENSINO: UMA DETERMINAÇÃO REFLEXIVA COMO BASE ONTOLÓGICA NOS CURSOS DE LICENCIATURA","REVISTA EDUCAÇÃO EM DEBATE",2526-0847,B1,,,2017-2020
"Fátima Maria Nobre Lopes",http://lattes.cnpq.br/2514934974368526,2018,"Perspectivas para a formação didático-pedagógica de bachareis e tecnólogos","CADERNOS GPOSSHE",2595-7880,B1,,,2017-2020
"Fátima Maria Nobre Lopes",http://lattes.cnpq.br/2514934974368526,2017,"Hegel: a filosofia enquanto sistema da razão","ARGUMENTOS: REVISTA DE FILOSOFIA (ONLINE)",1984-4255,A2,,,2017-2020
"Fátima Maria Nobre Lopes",http://lattes.cnpq.br/2514934974368526,2017,"FORMAÇÃO E SEMIFORMAÇÃO: NOTAS SOBRE A DOCÊNCIA DE FILOSOFIA DE NÍVEL MÉDIO","REVISTA SOFIA - VERSÃO ELETRÔNICA",2317-2339,A3,,,2017-2020
"Fátima Maria Nobre Lopes",http://lattes.cnpq.br/2514934974368526,2016,"A gênese da alienação na atividade produtiva e a necessidade de uma educação ética para o trânsito","PRÁXIS EDUCACIONAL",1809-0249,A2,,,2017-2020
"Fátima Maria Nobre Lopes",http://lattes.cnpq.br/2514934974368526,2016,"A Determinação Reflexiva na Formação Docente Mediada pela Política Educacional do Pibid","EDUCAÇÃO EM DEBATE (UFC)",0102-1117,B1,,,2017-2020
"Fátima Maria Nobre Lopes",http://lattes.cnpq.br/2514934974368526,2015,"O Caráter Ontológico da Filosofia de Feuerbach segundo Lukács","REVISTA DIALECTUS",2317-2010,A4,,,2017-2020
"Fátima Maria Nobre Lopes",http://lattes.cnpq.br/2514934974368526,2014,"Os Prolegômenos de uma Ética na Ontologia de Lukács.","ARGUMENTOS: REVISTA DE FILOSOFIA (IMPRESSO)",1984-4247,A2,,,2017-2020
"Fátima Maria Nobre Lopes",http://lattes.cnpq.br/2514934974368526,2013,"O Duplo Aspecto da Educação: Via de Constituição do Estranhamento ou de sua Superação Mediado pela Etica","REVISTA FAEEBA",0104-7043,A2,,,2017-2020
"Fátima Maria Nobre Lopes",http://lattes.cnpq.br/2514934974368526,2013,"O Papel Político do Educador: Gramisci e Adorno","REVISTA LABOR",1983-5000,B1,,,2017-2020
"Fátima Maria Nobre Lopes",http://lattes.cnpq.br/2514934974368526,2013,"A Determinação Reflexiva do PIBID: Mediação Ontológica para a Formação Docente e para o Desenvolvimento Sustentável","REVISTA ELETRÔNICA REGGEN",2318-8618,N,,,
"Fátima Maria Nobre Lopes",http://lattes.cnpq.br/2514934974368526,2013,"Proposições de Professores da Educação Básica para uma Pedagogia Universitária","REVISTA ELETRÔNICA REGGEN",2318-8618,N,,,
"Fátima Maria Nobre Lopes",http://lattes.cnpq.br/2514934974368526,1998,"A Filosofia enquanto Ciência no Sistema de Hegel: Introdução à Enciclopédia das Ciências Filosóficas","CADERNOS DA PÓS-GRADUAÇÃO EM EDUCAÇÃO",1414-0829,N,,,
"Fátima Maria Nobre Lopes",http://lattes.cnpq.br/2514934974368526,1995,"O Estranhamento como Fenômeno Histórico-Social em  Lukács","EDUCAÇÃO EM DEBATE (UFC)",0102-1117,B1,,,2017-2020