nome,lattes_url,ano_publicacao,titulo_publicacao,periodico,issn,qualis,pontos,area,ano_base
"Francisca Geny Lustosa",http://lattes.cnpq.br/9802514363178311,2024,"Modelo de triangulação quantitativo-analítica para estudar a agência profissional do estudante de pedagogia","EDUCAÇÃO E PESQUISA",1678-4634,A1,,,2017-2020
"Francisca Geny Lustosa",http://lattes.cnpq.br/9802514363178311,2024,"Consolidating Research on Student Teacher Professional Agency: A Quantitative Study with an Ecological Approach in the Global South","JOURNAL OF TEACHER EDUCATION AND EDUCATORS",2147-0456,N,,,
"Francisca Geny Lustosa",http://lattes.cnpq.br/9802514363178311,2024,"A INCLUSÃO DO ESTUDANTE COM TRANSTORNO DO ESPECTRO DO AUTISMO NA EDUCAÇÃO INFANTIL: VENCENDO BARREIRAS, SUPERANDO DESAFIOS","ANAIS DO X CONGRESSO NACIONAL DE EDUCAÇÃO - CONEDU",2358-8829,N,,,
"Francisca Geny Lustosa",http://lattes.cnpq.br/9802514363178311,2024,"LETRAMENTOS SÓCIOCULTURAIS E INCLUSÃO: ESTRATÉGIAS PARA O DESENVOLVIMENTO DE CRIANÇAS COM DEFICIÊNCIA INTELECTUAL NO AMBIENTE ESCOLAR","ANAIS DO X CONGRESSO NACIONAL DE EDUCAÇÃO - CONEDU",2358-8829,N,,,
"Francisca Geny Lustosa",http://lattes.cnpq.br/9802514363178311,2023,"RPGE ?Revista on line de Política e Gestão Educacional, Araraquara, v. 27, n. esp. 1, e023011, 2023.e-ISSN: 1519-9029DOI: https://doi.org/10.22633/rpge.v27iesp.1.179261POTENCIALIDADES E DIFICULDADES DA FORMAÇÃO INICIAL NO PROCESSO DE CONSTRUÇÃO DE SABERES RELACIONADOS À INCLUSÃO","POLÍTICA E GESTÃO EDUCACIONAL (ONLINE)",1519-9029,A3,,,2017-2020
"Francisca Geny Lustosa",http://lattes.cnpq.br/9802514363178311,2023,"Políticas e práticas governamentais em defesa dos direitos educacionais das pessoas com deficiência - avanços e retrocessos ao longo dos séculos XX e XXI","RESEARCH, SOCIETY AND DEVELOPMENT",2525-3409,C,,,2017-2020
"Francisca Geny Lustosa",http://lattes.cnpq.br/9802514363178311,2023,"Reflexões sobre a Disciplina Libras na Modalidade EaD Entre a Obrigatoriedade da Oferta e a Ausência de Diretrizes Pedagógicas","REVISTA E-CURRICULUM (PUCSP)",1809-3876,A2,,,2017-2020
"Francisca Geny Lustosa",http://lattes.cnpq.br/9802514363178311,2023,"O estado da questão - levantamento de produções científicas atinentes à educação profissional de pessoas com deficiência","RESEARCH, SOCIETY AND DEVELOPMENT",2525-3409,C,,,2017-2020
"Francisca Geny Lustosa",http://lattes.cnpq.br/9802514363178311,2021,"Um novo tempo, apesar dos perigos: atuação docente na educação básica no contexto da cibercultura - a voz das educadoras!","REVISTA DOCÊNCIA E CIBERCULTURA",2594-9004,B1,,,2017-2020
"Francisca Geny Lustosa",http://lattes.cnpq.br/9802514363178311,2020,"INCLUSÃO DE ESTUDANTES COM DEFICIÊNCIA NO ENSINO SUPERIOR: EXIGÊNCIAS DE RECONFIGURAÇÃO DE SABERES, CONCEPÇÕES E PRÁTICAS DOCENTES.","REVISTA IBEROAMERICANA",2154-4794,A3,,,2017-2020
"Francisca Geny Lustosa",http://lattes.cnpq.br/9802514363178311,2020,"Mapeamento de estudos sobre deficiência intelectual, alfabetização e tecnologia: estado da questão","PRÁXIS EDUCACIONAL (ONLINE)",2178-2679,A2,,,2017-2020
"Francisca Geny Lustosa",http://lattes.cnpq.br/9802514363178311,2020,"ESPIRITUALIDADE E AS CONCEPÇÕES SOBRE AS PESSOAS COM DEFICIÊNCIA: RECORTES TEMPORAIS","FRAGMENTOS DE CULTURA",1983-7828,A2,,,2017-2020
"Francisca Geny Lustosa",http://lattes.cnpq.br/9802514363178311,2020,"EDUCAÇÃO INCLUSIVA: REFLEXÕES SOBRE OS APARATOS LEGAIS QUE GARANTEM OS DIREITOS EDUCACIONAIS DE ESTUDANTES PÚBLICO-ALVO DA EDUCAÇÃO ESPECIAL","TEORIA JURÍDICA CONTEMPORÂNEA",2526-0464,B2,,,2017-2020
"Francisca Geny Lustosa",http://lattes.cnpq.br/9802514363178311,2020,"ALFABETIZAÇÃO EM REDE: UMA INVESTIGAÇÃO SOBRE O ENSINO REMOTO DA ALFABETIZAÇÃO NA PANDEMIA COVID-19 - RELATÓRIO TÉCNICO (PARCIAL)","REVISTA BRASILEIRA DE ALFABETIZAÇÃO",2446-8584,A2,,,2017-2020
"Francisca Geny Lustosa",http://lattes.cnpq.br/9802514363178311,2018,"Inovação pedagógica, inclusão e interculturalidade na formação de professores em pedagogia e magistério indígena na Universidade Federal do Ceará","REVISTA IBERO-AMERICANA DE ESTUDOS EM EDUCAÇÃO",1982-5587,A1,,,2017-2020
"Francisca Geny Lustosa",http://lattes.cnpq.br/9802514363178311,2018,"Educação e direitos humanos para mulheres muçulmanas","TENSÕES MUNDIAIS (IMPRESSO)",1809-3124,A4,,,2017-2020
"Francisca Geny Lustosa",http://lattes.cnpq.br/9802514363178311,2018,"Ensino de Língua de Sinais Brasileira como primeira língua: currículo em práticas no estágio do Letras Libras","REVISTA ENTREPALAVRAS",2237-6321,B2,,,2017-2020
"Francisca Geny Lustosa",http://lattes.cnpq.br/9802514363178311,2014,"INCLUSÃO: O MOVIMENTO DAMUDANÇA E A TRANSFORMAÇÃO DAS PRÁTICAS PEDAGÓGICAS NO CONTEXTO DE UMA PESQUISA-FORMAÇÃO COLABORATIVA","OLH@RES - REVISTA ELETRÔNICA DO DEPARTAMENTO DE EDUCAÇÃO DA UNIFESP",2317-7853,A4,,,2017-2020
"Francisca Geny Lustosa",http://lattes.cnpq.br/9802514363178311,2014,"APROXIMAÇÕES    CRÍTICAS    AO  CORPUS     TEÓRICO    DE    PHILIPPE  PERRENOUD","REVISTA ELETRÔNICA ARMA DA CRÍTICA",1984-4735,B1,,,2017-2020
"Francisca Geny Lustosa",http://lattes.cnpq.br/9802514363178311,2013,"O ESTÁGIO SUPERVISIONADO E A CONSTITUIÇÃO DA PROFISSIONALIDADE DOCENTE","OLH@RES - REVISTA ELETRÔNICA DO DEPARTAMENTO DE EDUCAÇÃO DA UNIFESP",2317-7853,A4,,,2017-2020