nome,lattes_url,ano_publicacao,titulo_publicacao,periodico,issn,qualis,pontos,area,ano_base
"Francisco Ari de Andrade",http://lattes.cnpq.br/4884549948869079,2024,"Trabalho, saúde e cidadania: um estudo das pesquisas escolares realizadas por estudantes cearenses na Biblioteca Pública de Maranguape","REVISTA EDUCAÇÃO PÚBLICA (RIO DE JANEIRO)",1984-6290,B1,,,2017-2020
"Francisco Ari de Andrade",http://lattes.cnpq.br/4884549948869079,2024,"Desenvolvimento de jogos educativos controlados via interface cérebro-computador: uma revisão sistemática da literatura","CADERNO PEDAGÓGICO (LAJEADO. ONLINE)",1983-0882,A2,,,2017-2020
"Francisco Ari de Andrade",http://lattes.cnpq.br/4884549948869079,2024,"A REFORMA LOURENÇO FILHO E A TENAZ RESISTÊNCIA DE  JUAZEIRO DO NORTE AO CADASTRO ESCOLAR: UM EMBATE  ENTRE MODERNIDADE E CONSERVADORISMO NO SERTÃO","REVISTA EDUCAÇÃO & ENSINO",2594-4444,B1,,,2017-2020
"Francisco Ari de Andrade",http://lattes.cnpq.br/4884549948869079,2023,"Relatos de experiÃªncias de blended-learning na Universidade Federal do CearÃ¡: contribuiÃ§Ãµes para qualidade de vida de licenciados em matemÃ¡tica","OBSERVATORIO DE LA ECONOMÍA LATINOAMERICANA",1696-8352,A4,,,2017-2020
"Francisco Ari de Andrade",http://lattes.cnpq.br/4884549948869079,2023,"Estágio curricular supervisionado no curso de pedagogia:  contribuições teórico-metodológicas à formação inicial docente","BRAZILIAN JOURNAL OF DEVELOPMENT",2525-8761,C,,,2017-2020
"Francisco Ari de Andrade",http://lattes.cnpq.br/4884549948869079,2023,"Um estudo comparativo sobre os benefícios da educação a distância na  vida dos egressos","OBSERVATORIO DE LA ECONOMÍA LATINOAMERICANA",1696-8352,A4,,,2017-2020
"Francisco Ari de Andrade",http://lattes.cnpq.br/4884549948869079,2023,"Revista Contribuciones a las Ciencias Sociales","CONTRIBUCIONES A LAS CIENCIAS SOCIALES",1988-7833,A4,,,2017-2020
"Francisco Ari de Andrade",http://lattes.cnpq.br/4884549948869079,2022,"Da interpessoalidade à hierarquia: impactos da coordenação pedagógica nas  atividades docentes na educação básica","RESEARCH, SOCIETY AND DEVELOPMENT",2525-3409,C,,,2017-2020
"Francisco Ari de Andrade",http://lattes.cnpq.br/4884549948869079,2021,"Exemplum na educação dos pobres e vacina contra a varíola","CONTRAPONTO",2236-6822,B1,,,2017-2020
"Francisco Ari de Andrade",http://lattes.cnpq.br/4884549948869079,2021,"A obra literária como fonte na pesquisa educacional: Um estudo sobre a educação  brasileira na segunda metade do século XIX","RESEARCH, SOCIETY AND DEVELOPMENT",2525-3409,C,,,2017-2020
"Francisco Ari de Andrade",http://lattes.cnpq.br/4884549948869079,2021,"Saberes populares, Etnomatemática e o uso de Jogos no ensino de Geometria","RESEARCH, SOCIETY AND DEVELOPMENT",2525-3409,C,,,2017-2020
"Francisco Ari de Andrade",http://lattes.cnpq.br/4884549948869079,2021,"THE EDUCATOR AND THE EDUCATIONAL PRACTICES IN HOSPITAL SPACES:  CONCEPTUAL AND CONTEXTUAL EPISTEMOLOGIES","INTERNATIONAL JOURNAL OF DEVELOPMENT RESEARCH",2230-9926,C,,,2017-2020
"Francisco Ari de Andrade",http://lattes.cnpq.br/4884549948869079,2021,"Docência e alfabetização em destaque: narrativas de professoras alfabetizadoras aposentadas / Featured teaching and literacy: narratives of retired literacy teachers","BRAZILIAN JOURNAL OF DEVELOPMENT",2525-8761,C,,,2017-2020
"Francisco Ari de Andrade",http://lattes.cnpq.br/4884549948869079,2021,"O sertão de costas para a Reforma Educacional do Ceará: Juazeiro do Norte não  responde ao Cadastro Escolar","RESEARCH, SOCIETY AND DEVELOPMENT",2525-3409,C,,,2017-2020
"Francisco Ari de Andrade",http://lattes.cnpq.br/4884549948869079,2021,"A INCLUSÃO DE ALUNOS COM TEA NO ENSINO COMUM: RELATOS DE EXPERIÊNCIAS DE AEE NUMA ESCOLA PÚBLICA","MOMENTO - DIÁLOGOS EM EDUCAÇÃO",2316-3100,A4,,,2017-2020
"Francisco Ari de Andrade",http://lattes.cnpq.br/4884549948869079,2020,"A formação leitora entre livros e redes sociais: os sentidos produzidos por alunos da educação básica sobre a biblioteca pública da sua cidade","PERSPECTIVA (UFSC) (ONLINE)",2175-795X,A2,,,2017-2020
"Francisco Ari de Andrade",http://lattes.cnpq.br/4884549948869079,2020,"Experiência Heterobiográficas na Educação de  Jovens e Adultos","REVISTA PEDAGÓGICA (CHAPECÓ. ONLINE)",1984-1566,A4,,,2017-2020
"Francisco Ari de Andrade",http://lattes.cnpq.br/4884549948869079,2020,"Saberes tradicionais do cultivo da mandioca (Manihot esculenta) e a produção de farinha: estudo em Beberibe, Ceará","REVISTA COCAR (ONLINE)",2237-0315,A2,,,2017-2020
"Francisco Ari de Andrade",http://lattes.cnpq.br/4884549948869079,2019,"AS CANÇÕES POPULARES E O SENTIMENTO DE MISSÃO EDUCADORA DOS INTELECTUAIS ROMÂNTICOS: O EXEMPLO DO POETA JUVENAL GALENO NO CONTEXTO DO ROMANTISMO BRASILEIRO","CONJECTURA: FILOSOFIA E EDUCAÇÃO (UCS)",0103-1457,A3,,,2017-2020
"Francisco Ari de Andrade",http://lattes.cnpq.br/4884549948869079,2019,"Canções populares e o sentimento de missão educadora: Juvenal Galeno no contexto do Romantismo brasileiro","REVISTA DE HISTORIA E HISTORIOGRAFIA DA EDUCAÇÃO",2526-2378,B1,,,2017-2020
"Francisco Ari de Andrade",http://lattes.cnpq.br/4884549948869079,2019,"A FORMAÇÃO EM PEDAGOGIA NA FACULDADE DE EDUCAÇÃO ? UFC, ENTRE 1987 A 2007.","TEIAS (RIO DE JANEIRO)",1982-0305,A2,,,2017-2020
"Francisco Ari de Andrade",http://lattes.cnpq.br/4884549948869079,2018,"A PRÁTICA DA LEITURA, O EXEMPLO E A EDUCAÇÃO MORAL NA ESCOLA PRIMÁRIA","INTER-AÇÃO (UFG. ONLINE)",1981-8416,A2,,,2017-2020
"Francisco Ari de Andrade",http://lattes.cnpq.br/4884549948869079,2016,"Heder e a ideia de uma história para a educação da humanidade","REDESCRIÇÕES",1984-7157,C,,,2017-2020
"Francisco Ari de Andrade",http://lattes.cnpq.br/4884549948869079,2016,"A escola brasileira representada em duas obras ficcionais no final do século XIX e início do século XX","LINHAS (FLORIANÓPOLIS. ONLINE)",1984-7238,A2,,,2017-2020
"Francisco Ari de Andrade",http://lattes.cnpq.br/4884549948869079,2016,"CONTRIBUIÇÕES DO PROGRAMA DE MONITORIA PARA A DOCÊNCIA NO ENSINO SUPERIOR NA LICENCIATURA EM PEDAGOGIA DA UFC: HISTÓRIAS, MEMÓRIAS E NARRATIVAS DE EX-ALUNAS DA DÉCADA DE 1970","TEIAS (RIO DE JANEIRO)",1982-0305,A2,,,2017-2020
"Francisco Ari de Andrade",http://lattes.cnpq.br/4884549948869079,2016,"CONTRIBUIÇÕES DO PROGRAMA DE MONITORIA PARA A DOCÊNCIA NO ENSINO SUPERIOR NA LICENCIATURA EM PEDAGOGIA DA UFC: HISTÓRIAS, MEMÓRIAS E NARRATIVAS DE EX-ALUNAS DA DÉCADA DE 1970","TEIAS (RIO DE JANEIRO)",1982-0305,A2,,,2017-2020
"Francisco Ari de Andrade",http://lattes.cnpq.br/4884549948869079,2016,"HERDER E A IDEIA DE UMA HISTÓRIA PARA A EDUCAÇÃO DA HUMANIDADE","REDESCRIÇÕES",1984-7157,C,,,2017-2020
"Francisco Ari de Andrade",http://lattes.cnpq.br/4884549948869079,2013,"REFLEXÕES SOBRE O ATO DE PESQUISAR EM HISTÓRIA DA EDUCAÇÃO","REVISTA ELETRÔNICA DE EDUCAÇÃO (SÃO CARLOS)",1982-7199,A2,,,2017-2020
"Francisco Ari de Andrade",http://lattes.cnpq.br/4884549948869079,2013,"NARRATIVAS EMERGENTES NO ENSINO MÉDIO: DIREITOS HUMANOS E EDUCAÇÃO","HOLOS (NATAL. ONLINE)",1807-1600,A1,,,2017-2020
"Francisco Ari de Andrade",http://lattes.cnpq.br/4884549948869079,2013,"A ONTOGÊNESE DA FACULDADE DE DIREITO DO CEARÁ","EDUCARE (FORTALEZA)",1984-3283,N,,,
"Francisco Ari de Andrade",http://lattes.cnpq.br/4884549948869079,2013,"A MÃE ENSINA, O FILHO APRENDE AS LIÇÕES DO ABC PELO","REVISTA HISTEDBR ON-LINE",1676-2584,A3,,,2017-2020
"Francisco Ari de Andrade",http://lattes.cnpq.br/4884549948869079,2012,"A criação das Escolas Técnicas Federais no Projeto Nacional Desenvolvimentista: o caso da ETFPa","ENGRENAGEM",2236-4757,C,,,2017-2020
"Francisco Ari de Andrade",http://lattes.cnpq.br/4884549948869079,2011,"Percurso e itinerário da ETFPA como proposta de profssionalização do ensino na década de 1970","EDUCAÇÃO EM DEBATE (UFC)",0102-1117,B1,,,2017-2020
"Francisco Ari de Andrade",http://lattes.cnpq.br/4884549948869079,2011,"Instrução moral e ofício domésticopara meninas nas Vilas de índio","CADERNOS DE PESQUISA EM EDUCAÇÃO PPGE-UFES",1519-4507,B1,,,2017-2020
"Francisco Ari de Andrade",http://lattes.cnpq.br/4884549948869079,2006,"A instrução de primeiras letras no Ceará provincial","REVISTA DO ARQUIVO PÚBLICO DO CEARÁ",,N,,,
"Francisco Ari de Andrade",http://lattes.cnpq.br/4884549948869079,2006,"A instrução de primeiras letras no Ceará provincial: uma discussão a partir do rastreamento da lesgialação no governo de José Mrtiniano de Alencar (1834-1837)","REVIOSTA DO ARQUIVO PÚBLICO DO CEARÁ",7563-1489,N,,,