nome,lattes_url,ano_publicacao,titulo_publicacao,periodico,issn,qualis,pontos,area,ano_base
"Francisca Maurilene do Carmo",http://lattes.cnpq.br/8960782937577945,2024,"?No limiar entre o amor e o ódio?: motivações e causalidades sobre o fenômeno do feminicídio no Brasil -","CUADERNOS DE EDUCACIÓN Y DESARROLLO",1989-4155,A4,,,2017-2020
"Francisca Maurilene do Carmo",http://lattes.cnpq.br/8960782937577945,2022,"A PRODUÇÃO DA POBREZA PARA A REPRODUÇÃO DO CAPITAL NO CONTEXTO DE CRISE ESTRUTURAL","REVISTA ELETRÔNICA ARMA DA CRÍTICA",1984-4735,B1,,,2017-2020
"Francisca Maurilene do Carmo",http://lattes.cnpq.br/8960782937577945,2022,"ENSINO RELIGIOSO-BREVE HISTÓRICO ATRAVÉS DAS LEGISLAÇÕES BRASILEIRAS","REVISTA ELETRÔNICA ARMA DA CRÍTICA",1984-4735,B1,,,2017-2020
"Francisca Maurilene do Carmo",http://lattes.cnpq.br/8960782937577945,2022,"PANDEMIA COVID-19 E OCPC PARA OS MUNICÍPIOS CEARENSES: UMA ANÁLISE CRÍTICA DA FORMAÇÃO DOCENTE","TEAR: REVISTA DE EDUCAÇÃO, CIÊNCIA E TECNOLOGIA",2238-8079,B1,,,2017-2020
"Francisca Maurilene do Carmo",http://lattes.cnpq.br/8960782937577945,2021,"Ensino Remoto em contexto de pandemia em duas Universidades do Nordeste do Brasil: UFC e UERN","REVISTALEPH",1807-6211,B1,,,2017-2020
"Francisca Maurilene do Carmo",http://lattes.cnpq.br/8960782937577945,2021,"PROCESSO DE APROPRIAÇÃO E DESENVOLVIMENTO DA LINGUAGEM ESCRITA: CONTRIBUIÇÕES DA PSICOLOGIA HISTÓRICO-CULTURAL","ACTA SEMIÓTICA ET LINGVISTICA",2446-7006,B3,,,2017-2020
"Francisca Maurilene do Carmo",http://lattes.cnpq.br/8960782937577945,2021,"A ARTE E A PANDEMIA DE COVID-19: O QUE ESTÁ LATENTE NO SER SOCIAL?","REVISTA EDUCAÇÃO EM DEBATE",2526-0847,B1,,,2017-2020
"Francisca Maurilene do Carmo",http://lattes.cnpq.br/8960782937577945,2020,"PANDEMIA DE COVID-19 E AS ATIVIDADES EDUCATIVAS EMERGENCIAIS: A EXPERIÊNCIA DO CURSO DE PEDAGOGIA DA FACULDADE DE EDUCAÇÃO UNIVERSIDADE FEDERAL DO CEARÁ","REVISTA ELETRÔNICA ARMA DA CRÍTICA",1984-4735,B1,,,2017-2020
"Francisca Maurilene do Carmo",http://lattes.cnpq.br/8960782937577945,2019,"A escola de Vigotski e suas contribuições para uma práxis revolucionária.","ACTA SCIENTIARUM. EDUCATION (ONLINE)",2178-5201,A2,,,2017-2020
"Francisca Maurilene do Carmo",http://lattes.cnpq.br/8960782937577945,2018,"OS NOVOS CURRÍCULOS DOS CURSOS DE PEDAGOGIA: indicadores e tendências","CADERNOS DE PESQUISA",2178-2229,A3,,,2017-2020
"Francisca Maurilene do Carmo",http://lattes.cnpq.br/8960782937577945,2018,"DO  ABSTRATO  AO  CONCRETO:  O MÉTODO MARXIANO  DE  ANÁLISE  DA ECONOMIA POLÍTICA","REVISTA ELETRÔNICA ARMA DA CRÍTICA",1984-4735,B1,,,2017-2020
"Francisca Maurilene do Carmo",http://lattes.cnpq.br/8960782937577945,2017,"O ensino da Matemática na perspectiva histórico-cultural","REVISTA ELETRÔNICA ARMA DA CRÍTICA",1984-4735,B1,,,2017-2020
"Francisca Maurilene do Carmo",http://lattes.cnpq.br/8960782937577945,2016,"REFLEXÕES INICIAIS SOBRE OS FUNDAMENTOS ONTOLÓGICOS DA CONSCIÊNCIA EM VIGOTSK","REVISTA ELETRÔNICA ARMA DA CRÍTICA",1984-4735,B1,,,2017-2020
"Francisca Maurilene do Carmo",http://lattes.cnpq.br/8960782937577945,2013,"EM BUSCA DAS BASES ONTOLÓGICAS DA PSICOLOGIA DE VYGOTSKY","PSICOLOGIA EM ESTUDO (ONLINE)",1807-0329,A1,,,2017-2020
"Francisca Maurilene do Carmo",http://lattes.cnpq.br/8960782937577945,2011,"O Programa de educação para Todos (EPT) e a política de financiamento do ensino básico no Brasil","REVISTA ELETRÔNICA ARMA DA CRÍTICA",1984-4735,B1,,,2017-2020
"Francisca Maurilene do Carmo",http://lattes.cnpq.br/8960782937577945,2010,"Construtivismo: uma analise introdutoria de suas bases conceituais","REVISTA ELETRÔNICA ARMA DA CRÍTICA",1984-4735,B1,,,2017-2020
"Francisca Maurilene do Carmo",http://lattes.cnpq.br/8960782937577945,2008,"FUNÇÕES PSICOLÓGICAS SUPERIORES E A EDUCAÇÃO ESCOLAR: UMA LEITURA CRÍTICA A PARTIR DE VIGOTSKI","VERINOTIO (BELO HORIZONTE)",1981-061X,A1,,,2017-2020
"Francisca Maurilene do Carmo",http://lattes.cnpq.br/8960782937577945,2007,"Psicologia histórico-cultural: indicações para uma leitura marxista de Vigotski","CONTRAPONTOS (UNIVALI)",1519-8227,A3,,,2017-2020