nome,lattes_url,ano_publicacao,titulo_publicacao,periodico,issn,qualis,pontos,area,ano_base
"Gilberto Santos Cerqueira",http://lattes.cnpq.br/6780676773042373,2025,"EDUCAÇÃO POPULAR COMO FERRAMENTA NA PREVENÇÃO DO CÂNCER DE MAMA E DO CÂNCER DE COLO UTERINO: UM RELATO DE EXPERIÊNCIA","QUADERNS D'ANIMACIÓ I EDUCACIÓ SOCIAL",1698-4403,N,,,
"Gilberto Santos Cerqueira",http://lattes.cnpq.br/6780676773042373,2025,"Coleção de peças anatômicas em resina e poliéster prof. Pio Francisco Barros Pereira: impactos para o ensino de anatomia humana","O ANATOMISTA",2177-0719,B4,10,Educação,2017-2020
"Gilberto Santos Cerqueira",http://lattes.cnpq.br/6780676773042373,2025,"Potential Anti-ulcerogenic Effect of Troxerutin in Ethanol-induced Gastric Lesions in Mice: Anti-inflammatory and Antioxidant Mechanisms and Possible Action Pathways","BRAZILIAN JOURNAL OF PHARMACOGNOSY",1981-528X,A3,75,Educação,2017-2020
"Gilberto Santos Cerqueira",http://lattes.cnpq.br/6780676773042373,2025,"A influência do diabetes mellitus tipo 1 sobre a disfunção sexual em mulheres: revisão integrativa","REVISTA INTERAGIR",1809-5771,A2,85,Educação,2017-2020
"Gilberto Santos Cerqueira",http://lattes.cnpq.br/6780676773042373,2025,"Uso de modelo anatômico de baixo custo de articulação intervertebral no ensino de anatomia do aparelho locomotor","CADERNO PEDAGÓGICO (LAJEADO. ONLINE)",1983-0882,A2,85,Educação,2017-2020
"Gilberto Santos Cerqueira",http://lattes.cnpq.br/6780676773042373,2025,"Use of 3D Printing in Teaching Human Anatomy in the Medical Course","LECTURAS EDUCACIÓN FÍSICA Y DEPORTES",1514-3465,B1,55,Educação,2017-2020
"Gilberto Santos Cerqueira",http://lattes.cnpq.br/6780676773042373,2025,"Metodologias ativas no ensino de ciências com role play games: revisão integrativa de literatura","REVISTA EDAPECI: EDUCAÇÃO A DISTÂNCIA E PRÁTICAS EDUCATIVAS COMUNICACIONAIS E INTERCULTURAIS",2176-171X,A4,65,Educação,2017-2020
"Gilberto Santos Cerqueira",http://lattes.cnpq.br/6780676773042373,2025,"DESENHO DIDÁTICO, PARA O ENSINO A DISTÂNCIA, DO CONCEITO DE MEDIDA NO AMBIENTE MOODLE","REVISTA SERGIPANA DE MATEMÁTICA E EDUCAÇÃO MATEMÁTICA",2525-5444,A4,65,Educação,2017-2020
"Gilberto Santos Cerqueira",http://lattes.cnpq.br/6780676773042373,2025,"The Main Aspects of Carbon Monoxide Poisoning","REVISTA MÉDICA DE MINAS GERAIS",2238-3182,B2,40,Educação,2017-2020
"Gilberto Santos Cerqueira",http://lattes.cnpq.br/6780676773042373,2025,"A Dinâmica de Grupo, a Metodologia ativa Grupos de Verbalização e Observação e o Método Psicogenético: Algumas ReflexõesGroup Dynamics, Active Methodology, Verbalization and Observation Groups and the Psychogenetic Method: Some ReflectionsDinámica de Grupos, Metodología Activa, Grupos de Verbalización y Observación y el Método Psicogenético: Algunas Reflexiones","REVISTA ENSINO EM DEBATE",2965-6753,N,,,
"Gilberto Santos Cerqueira",http://lattes.cnpq.br/6780676773042373,2025,"Uma revisão sistêmica de literatura sobre o uso de sequências didáticas no ensino de física","CUADERNOS DE EDUCACIÓN Y DESARROLLO",1989-4155,A4,65,Educação,2017-2020
"Gilberto Santos Cerqueira",http://lattes.cnpq.br/6780676773042373,2025,"A BRINQUEDOTERAPIA COMO FERRAMENTA DE CUIDADO À CRIANÇAS E ADOLESCENTES COM DEFICIÊNCIA INTELECTUAL: UM RELATO DE EXPERIÊNCIA","QUADERNS D'ANIMACIÓ I EDUCACIÓ SOCIAL",1698-4404,B2,40,Educação,2017-2020
"Gilberto Santos Cerqueira",http://lattes.cnpq.br/6780676773042373,2025,"Gastroprotective effect of polysaccharides from Agaricus blazei Murill against ethanol-induced gastric ulcer in mice","INTERNATIONAL JOURNAL OF BIOLOGICAL MACROMOLECULES",0141-8130,A1,100,Educação,2017-2020
"Gilberto Santos Cerqueira",http://lattes.cnpq.br/6780676773042373,2025,"Palivizumabe para Profilaxia do Vírus Sincicial Respiratório","JOURNAL OF HEALTH & BIOLOGICAL SCIENCES",2317-3076,B3,25,Educação,2017-2020
"Gilberto Santos Cerqueira",http://lattes.cnpq.br/6780676773042373,2025,"Are Artificial Intelligence Models Reliable for Clinical Application in Pediatric Fracture Detection on Radiographs? A Systematic Review and Meta-analysis","CLINICAL ORTHOPAEDICS AND RELATED RESEARCH",0009-921X,A1,100,Educação,2017-2020
"Gilberto Santos Cerqueira",http://lattes.cnpq.br/6780676773042373,2025,"Modelo SIGMA: uma proposta integradora para a aprendizagem significativa em Física","CADERNO PEDAGÓGICO (LAJEADO. ONLINE)",1983-0882,A2,85,Educação,2017-2020
"Gilberto Santos Cerqueira",http://lattes.cnpq.br/6780676773042373,2025,"El papel de la secuencia Fedathi, metodologías activas y tecnologías digitales en la enseñanza de las matemáticas","GONDOLA: ENSENANZA Y APRENDIZAJE DE LAS CIENCIAS",2145-4981,N,,,
"Gilberto Santos Cerqueira",http://lattes.cnpq.br/6780676773042373,2025,"Uso de modelos impressos em 3D na Educação Anatômica: um estudo quase experimental comparando impressões 3D com ensino tradicional para o aprendizado da Anatomia do sistema nervoso","CADERNO PEDAGÓGICO (LAJEADO. ONLINE)",1983-0882,A2,85,Educação,2017-2020
"Gilberto Santos Cerqueira",http://lattes.cnpq.br/6780676773042373,2024,"Museu como espaço não formal para o ensino de ciências: uma revisão integrativa","REVISTA INTERAGIR",1809-5771,A2,85,Educação,2017-2020
"Gilberto Santos Cerqueira",http://lattes.cnpq.br/6780676773042373,2024,"Práticas avaliativas na disciplina de Anatomia Humana: o que os professores têm feito?","REVISTA DOCENCIA DO ENSINO SUPERIOR",2237-5864,A4,65,Educação,2017-2020
"Gilberto Santos Cerqueira",http://lattes.cnpq.br/6780676773042373,2024,"O Socrative no ensino de ciências: uma revisão integrativa","CUADERNOS DE EDUCACIÓN Y DESARROLLO",1989-4155,A4,65,Educação,2017-2020
"Gilberto Santos Cerqueira",http://lattes.cnpq.br/6780676773042373,2024,"BODY PAITING COMO FERRAMENTA ARTÍSTICA NO ENSINO DE ANATOMIA: UM RELATO DE EXPERIÈNCIA","QUADERNS D'ANIMACIÓ I EDUCACIÓ SOCIAL",1698-4404,B2,40,Educação,2017-2020
"Gilberto Santos Cerqueira",http://lattes.cnpq.br/6780676773042373,2024,"Psicose pós-parto: epidemiologia, patogênese, manifestações clínicas, diagnóstico e tratamento","CONTRIBUCIONES A LAS CIENCIAS SOCIALES",1988-7833,A4,65,Educação,2017-2020
"Gilberto Santos Cerqueira",http://lattes.cnpq.br/6780676773042373,2024,"Rethinking the use of board games in neuroanatomy teaching: a complementary and low-cost tool to improve learning performance","CUADERNOS DE EDUCACIÓN Y DESARROLLO,",1989-4167,N,,,
"Gilberto Santos Cerqueira",http://lattes.cnpq.br/6780676773042373,2024,"Intoxicação com aldicarb 'chumbinho': aspectos epidemiológicos, clínicos, terapêuticos, preventivos e educativos","CUADERNOS DE EDUCACIÓN Y DESARROLLO",1989-4155,A4,65,Educação,2017-2020
"Gilberto Santos Cerqueira",http://lattes.cnpq.br/6780676773042373,2024,"The increasing inclusion of technologies in histology teaching: A systematic review","MORPHOLOGIE (ASSOCIATION DES ANATOMISTES)",1286-0115,A4,65,Educação,2017-2020
"Gilberto Santos Cerqueira",http://lattes.cnpq.br/6780676773042373,2024,"Anatomical Variations of the Styloid Process and Eagle?s Syndrome: an Integrative Review","JOURNAL OF MORPHOLOGICAL SCIENCES",2177-0298,B4,10,Educação,2017-2020
"Gilberto Santos Cerqueira",http://lattes.cnpq.br/6780676773042373,2024,"A práxis pedagógica na formação humana: um olhar a partir da perspectiva do projeto político pedagógico de escolas do campo e dos seus educadores (as)","CUADERNOS DE EDUCACIÓN Y DESARROLLO",1989-4155,A4,65,Educação,2017-2020
"Gilberto Santos Cerqueira",http://lattes.cnpq.br/6780676773042373,2024,"O MUSEU COMO FERRAMENTA DE ENSINO E CULTURA: A CIÊNCIA E ARTE NA EDUCAÇÃO POPULAR","QUADERNS D'ANIMACIÓ I EDUCACIÓ SOCIAL",1698-4404,B2,40,Educação,2017-2020
"Gilberto Santos Cerqueira",http://lattes.cnpq.br/6780676773042373,2024,"Ciência tátil em espaços não-formais de educação: partilhando experiências expositivas sobre anatomia","REVISTA DE ESTUDIOS Y EXPERIENCIAS EN EDUCACIÓN (IMPRESA)",0717-6945,A1,100,Educação,2017-2020
"Gilberto Santos Cerqueira",http://lattes.cnpq.br/6780676773042373,2024,"Descobertas Corporais: Educação e Pesquisa através de Jogos em Museu Universitário.","NOTÍCIAS, REVISTA DOCÊNCIA E CIBERCULTURA",2594-9004,B1,55,Educação,2017-2020
"Gilberto Santos Cerqueira",http://lattes.cnpq.br/6780676773042373,2024,"Advances in upper urinary tract anatomy through imaging techniques","ANNALS OF ANATOMY-ANATOMISCHER ANZEIGER",0940-9602,A2,85,Educação,2017-2020
"Gilberto Santos Cerqueira",http://lattes.cnpq.br/6780676773042373,2024,"A função social do ensino para a área das ciências da natureza e suas tecnologias na nova BNCC do ensino médio","CUADERNOS DE EDUCACIÓN Y DESARROLLO",1989-4155,A4,65,Educação,2017-2020
"Gilberto Santos Cerqueira",http://lattes.cnpq.br/6780676773042373,2024,"Percepções das ideias pedagógicas no Brasil na contemporaneidade","CUADERNOS DE EDUCACIÓN Y DESARROLLO",1989-4155,A4,65,Educação,2017-2020
"Gilberto Santos Cerqueira",http://lattes.cnpq.br/6780676773042373,2024,"The impact of the integration of digital platforms and active teaching strategies (Kahoot!) on the performance of Brazilian medical course students in the discipline of histology","ANATOMICAL SCIENCES EDUCATION",1935-9780,A1,100,Educação,2020
"Gilberto Santos Cerqueira",http://lattes.cnpq.br/6780676773042373,2023,"Indicadores de revistas anatômicas: Desafios e Perspectivas","O ANATOMISTA",2177-0719,B4,10,Educação,2017-2020
"Gilberto Santos Cerqueira",http://lattes.cnpq.br/6780676773042373,2023,"Agaricus blazei Murill polysaccharides/alginate/poly(vinyl alcohol) blend as dressings for wound healing","INTERNATIONAL JOURNAL OF BIOLOGICAL MACROMOLECULES",0141-8130,A1,100,Educação,2017-2020
"Gilberto Santos Cerqueira",http://lattes.cnpq.br/6780676773042373,2023,"Digital Technological Innovations in the Teaching of Human Anatomy in Health Courses: an Integrative Review","JOURNAL OF MORPHOLOGICAL SCIENCES",2177-0298,B4,10,Educação,2017-2020
"Gilberto Santos Cerqueira",http://lattes.cnpq.br/6780676773042373,2023,"O uso de sequência didática na abordagem da exposição museológica: um relato em múltiplos níveis do ensino de ciências","OBSERVATORIO DE LA ECONOMÍA LATINOAMERICANA",1696-8352,A4,65,Educação,2017-2020
"Gilberto Santos Cerqueira",http://lattes.cnpq.br/6780676773042373,2023,"for sex determination of miscegenated contemporary hip bones","ANATOMIA HISTOLOGIA EMBRYOLOGIA",0340-2096,A4,65,Educação,2017-2020
"Gilberto Santos Cerqueira",http://lattes.cnpq.br/6780676773042373,2023,"Tecnologias Digitais da Informação e Comunicação como ferramentas de ensino e aprendizagem de deficientes visuais","REVISTA IBERO-AMERICANA DE ESTUDOS EM EDUCAÇÃO",1982-5587,A1,100,Educação,2017-2020
"Gilberto Santos Cerqueira",http://lattes.cnpq.br/6780676773042373,2023,"The Role of 3d Printing and Image Exams in Human Anatomy Teaching","JOURNAL OF MORPHOLOGICAL SCIENCES",2177-0298,B4,10,Educação,2017-2020
"Gilberto Santos Cerqueira",http://lattes.cnpq.br/6780676773042373,2023,"Riedel?s Hepatic Lobe: an Anatomical and Radiology Description","JOURNAL OF MORPHOLOGICAL SCIENCES",2177-0298,B4,10,Educação,2017-2020
"Gilberto Santos Cerqueira",http://lattes.cnpq.br/6780676773042373,2022,"Gastroprotective effect of hydroalcoholic extract from Agaricus blazei Murill against ethanol-induced gastric ulcer in mice","JOURNAL OF ETHNOPHARMACOLOGY",0378-8741,A1,100,Educação,2017-2020
"Gilberto Santos Cerqueira",http://lattes.cnpq.br/6780676773042373,2022,"Fishbowl","FASEB JOURNAL",0892-6638,A1,100,Educação,2017-2020
"Gilberto Santos Cerqueira",http://lattes.cnpq.br/6780676773042373,2022,"Estudo in silico de fitoquímicos na região Receptor-Binding Domain (RBD) da proteína spike do SARS-CoV-2 (variante Ômicron, B.1.1.529)","RESEARCH, SOCIETY AND DEVELOPMENT",2525-3409,C,0,Educação,2017-2020
"Gilberto Santos Cerqueira",http://lattes.cnpq.br/6780676773042373,2022,"L'aglio promuove la riduzione acuta della pressione arteriosa ma non potenzia l'effetto ipotensivo post-esercizio","MEDICINA DELLO SPORT",0025-7826,B1,55,Educação,2017-2020
"Gilberto Santos Cerqueira",http://lattes.cnpq.br/6780676773042373,2022,"Anatomy Classroom","INTERNATIONAL JOURNAL FOR INNOVATION EDUCATION AND RESEARCH",2411-3123,C,0,Educação,2017-2020
"Gilberto Santos Cerqueira",http://lattes.cnpq.br/6780676773042373,2022,"3D PRINTING AS A TOOL IN ANATOMY TEACHING","INTERNATIONAL JOURNAL FOR INNOVATION EDUCATION AND RESEARCH",2411-3123,C,0,Educação,2017-2020
"Gilberto Santos Cerqueira",http://lattes.cnpq.br/6780676773042373,2022,"Epiisopiloturine from Pilocarpus microphyllus Leaves Reduces Intestinal Mucositis Through Cyclooxygenase-2 Pathway","BRAZILIAN JOURNAL OF PHARMACOGNOSY",1981-528X,A3,75,Educação,2017-2020
"Gilberto Santos Cerqueira",http://lattes.cnpq.br/6780676773042373,2022,"Morphometric Analysis of the Foramen Magnum in a Brazilian Population","FASEB JOURNAL",0892-6638,A1,100,Educação,2017-2020
"Gilberto Santos Cerqueira",http://lattes.cnpq.br/6780676773042373,2022,"The Flavonoid Troxerutin Prevents Tissue Damage and the Alteration of Cellularity Residing in Intestinal Mucositis by 5-Fluorouracil","FASEB JOURNAL",0892-6638,A1,100,Educação,2017-2020
"Gilberto Santos Cerqueira",http://lattes.cnpq.br/6780676773042373,2022,"Use of flavonoids with antioxidant potential to prevent morphophysiological intestinal damage induced by the antineoplastic fluorouracil","FASEB JOURNAL",0892-6638,A1,100,Educação,2017-2020
"Gilberto Santos Cerqueira",http://lattes.cnpq.br/6780676773042373,2022,"Roleplay as a Tool in Anatomy Teaching","FASEB JOURNAL",0892-6638,A1,100,Educação,2017-2020
"Gilberto Santos Cerqueira",http://lattes.cnpq.br/6780676773042373,2022,"Different Perceptions on Body Donation for Anatomical Teaching in Brazil: a Cross-Sectional Study","FASEB JOURNAL",0892-6638,A1,100,Educação,2017-2020
"Gilberto Santos Cerqueira",http://lattes.cnpq.br/6780676773042373,2022,"Kahoot© como estratégia de aprendizagem no ensino de ciências morfofuncionais","REVISTA DE CIÊNCIAS MÉDICAS E BIOLÓGICAS",2236-5222,A4,65,Educação,2017-2020
"Gilberto Santos Cerqueira",http://lattes.cnpq.br/6780676773042373,2022,"HEALTH CARE FOR THE ELDERLY AND WORKER IN A HOME: AN EXPERIENCE REPORT","INTERNATIONAL JOURNAL OF DEVELOPMENT RESEARCH",2230-9926,C,0,Educação,2017-2020
"Gilberto Santos Cerqueira",http://lattes.cnpq.br/6780676773042373,2022,"Murill extract-loaded in alginate/poly(vinyl alcohol) films prepared by Ca cross-linking for wound healing applications","JOURNAL OF BIOMEDICAL MATERIALS RESEARCH PART B: APPLIED BIOMATERIALS",1552-4981,A3,75,Educação,2017-2020
"Gilberto Santos Cerqueira",http://lattes.cnpq.br/6780676773042373,2021,"Tecnologias de ensino utilizadas na Educação na pandemia COVID-19: uma revisão integrativa","RESEARCH, SOCIETY AND DEVELOPMENT",2525-3409,C,0,Educação,2017-2020
"Gilberto Santos Cerqueira",http://lattes.cnpq.br/6780676773042373,2021,"Morphometric Analysis of The Accessory Transverse Foramen in a Population in Northeastern Brazil","JOURNAL OF MORPHOLOGICAL SCIENCES",2177-0298,B4,10,Educação,2017-2020
"Gilberto Santos Cerqueira",http://lattes.cnpq.br/6780676773042373,2021,"Aspects of neurological changes promoted by sars-cov-2: a medical systematic review research","INTERNATIONAL JOURNAL OF DEVELOPMENT RESEARCH",2230-9926,C,0,Educação,2017-2020
"Gilberto Santos Cerqueira",http://lattes.cnpq.br/6780676773042373,2021,"Subsidiating the training of the mathematics teacher","INTERNATIONAL JOURNAL OF DEVELOPMENT RESEARCH",2230-9926,C,0,Educação,2017-2020
"Gilberto Santos Cerqueira",http://lattes.cnpq.br/6780676773042373,2021,"Teacher training: An integrative review about art education in Brazilian early childhood education","INTERNATIONAL JOURNAL FOR INNOVATION EDUCATION AND RESEARCH",2411-3123,C,0,Educação,2017-2020
"Gilberto Santos Cerqueira",http://lattes.cnpq.br/6780676773042373,2021,"Therapeutic Proposals That Improve Morphological Changes Of 5-Fluorouracil-Induced Intestinal Mucositis: a Review of the Literature","JOURNAL OF MORPHOLOGICAL SCIENCES",2177-0298,B4,10,Educação,2017-2020
"Gilberto Santos Cerqueira",http://lattes.cnpq.br/6780676773042373,2021,"Morphometry of Suprascapular Notch in Northeast Brazilian Population","JOURNAL OF MORPHOLOGICAL SCIENCES",2177-0298,B4,10,Educação,2017-2020
"Gilberto Santos Cerqueira",http://lattes.cnpq.br/6780676773042373,2021,"Active Methodologies in Teaching Human Anatomy An Integrative Review","INTERNATIONAL JOURNAL FOR INNOVATION EDUCATION AND RESEARCH",2411-2933,C,0,Educação,2017-2020
"Gilberto Santos Cerqueira",http://lattes.cnpq.br/6780676773042373,2021,"Role of Flavonoids in Cisplatin-Induced Nephrotoxicity: an Integrative Review","JOURNAL OF MORPHOLOGICAL SCIENCES",2177-0298,B4,10,Educação,2017-2020
"Gilberto Santos Cerqueira",http://lattes.cnpq.br/6780676773042373,2020,"Troxerutin Prevents 5-Fluorouracil Induced Morphological Changes in the Intestinal Mucosa: Role of Cyclooxygenase-2 Pathway","PHARMACEUTICALS",1424-8247,A1,100,Educação,2017-2020
"Gilberto Santos Cerqueira",http://lattes.cnpq.br/6780676773042373,2020,"Anatomical relationship between mitral valve annulus and circumflex artery and its surgical implications","MORPHOLOGIE (ASSOCIATION DES ANATOMISTES)",1286-0115,A4,65,Educação,2017-2020
"Gilberto Santos Cerqueira",http://lattes.cnpq.br/6780676773042373,2020,"Anti-inflammatory latex proteins of the medicinal plant Calotropis procera: a promising alternative for oral mucositis treatment","INFLAMMATION RESEARCH",1023-3830,A3,75,Educação,2017-2020
"Gilberto Santos Cerqueira",http://lattes.cnpq.br/6780676773042373,2020,"White angico gum decreases iNOS expression in intestinal mucositis","FASEB JOURNAL",0892-6638,A1,100,Educação,2017-2020
"Gilberto Santos Cerqueira",http://lattes.cnpq.br/6780676773042373,2020,"ANÁLISE DO APROVEITAMENTO DAS DISCIPLINAS DE ANATOMIA E NEUROANATOMIA HUMANA AO FINAL DO PERÍODO ACADÊMICO","REVISTA SAÚDE & CIÊNCIA",2177-6679,B3,25,Educação,2017-2020
"Gilberto Santos Cerqueira",http://lattes.cnpq.br/6780676773042373,2020,"The Didactic Contract from the Perspective of the Theory of Didactical Situations: An Integrative Review","INTERNATIONAL JOURNAL FOR INNOVATION EDUCATION AND RESEARCH",2411-2933,C,0,Educação,2017-2020
"Gilberto Santos Cerqueira",http://lattes.cnpq.br/6780676773042373,2020,"Relação escola e família: estratégia na prevenção do uso de drogas","RESEARCH, SOCIETY AND DEVELOPMENT",2525-3409,C,0,Educação,2017-2020
"Gilberto Santos Cerqueira",http://lattes.cnpq.br/6780676773042373,2020,"Gamefiction in the teaching of morphology: A mini review","INTERNATIONAL JOURNAL OF DEVELOPMENT RESEARCH",2230-9926,C,0,Educação,2017-2020
"Gilberto Santos Cerqueira",http://lattes.cnpq.br/6780676773042373,2020,"Ensino híbrido em ciências morfológicas: uma mini revisão","O ANATOMISTA",2177-0719,B4,10,Educação,2017-2020
"Gilberto Santos Cerqueira",http://lattes.cnpq.br/6780676773042373,2020,"A Sequência Fedathi e o uso de tecnologias digitais 3D como recursos metodológicos para o ensino de anatomia humana: uma revisão integrativa","RESEARCH, SOCIETY AND DEVELOPMENT",2525-3409,C,0,Educação,2017-2020
"Gilberto Santos Cerqueira",http://lattes.cnpq.br/6780676773042373,2020,"World Café Method: the Possibility of Understanding Active Methodologies in Remote Learning","INTERNATIONAL JOURNAL FOR INNOVATION EDUCATION AND RESEARCH",2411-3123,C,0,Educação,2017-2020
"Gilberto Santos Cerqueira",http://lattes.cnpq.br/6780676773042373,2020,"Whole purple grape juice increases nitric oxide production after training session in high level beach handball athletes","ANAIS DA ACADEMIA BRASILEIRA DE CIÊNCIAS (ONLINE)",1678-2690,A2,85,Educação,2017-2020
"Gilberto Santos Cerqueira",http://lattes.cnpq.br/6780676773042373,2020,"Role of Rutin in 5-Fluorouracil-Induced Intestinal Mucositis: Prevention of Histological Damage and Reduction of Inflammation and Oxidative Stress","MOLECULES",1420-3049,A2,85,Educação,2017-2020
"Gilberto Santos Cerqueira",http://lattes.cnpq.br/6780676773042373,2020,"Um estudo sobre a tecnologia 3D aplicada ao ensino de anatomia: uma revisão integrativa","RESEARCH, SOCIETY AND DEVELOPMENT",2525-3409,C,0,Educação,2017-2020
"Gilberto Santos Cerqueira",http://lattes.cnpq.br/6780676773042373,2019,"Percepção de discentes frente ao uso de roteiros de estudo em aulas práticas de neuroanatomia","REVISTA IBERO-AMERICANA DE ESTUDOS EM EDUCAÇÃO",1982-5587,A1,100,Educação,2017-2020
"Gilberto Santos Cerqueira",http://lattes.cnpq.br/6780676773042373,2019,"Anatomical study of length and branching pattern of main trunk of the left coronary artery","MORPHOLOGIE (ASSOCIATION DES ANATOMISTES)",1286-0115,A4,65,Educação,2017-2020
"Gilberto Santos Cerqueira",http://lattes.cnpq.br/6780676773042373,2019,"Protective Effect of Cashew Gum (Anacardium occidentale L.) on 5-Fluorouracil-Induced Intestinal Mucositis","PHARMACEUTICALS",1424-8247,A1,100,Educação,2017-2020
"Gilberto Santos Cerqueira",http://lattes.cnpq.br/6780676773042373,2019,"A Rare Case of Absence of the Lateral Cutaneous Nerve of Forearm: Case Report","JOURNAL OF MORPHOLOGICAL SCIENCES",2177-0298,B4,10,Educação,2017-2020
"Gilberto Santos Cerqueira",http://lattes.cnpq.br/6780676773042373,2019,"Morphometric Analysis of the Foramen Magnum in Dry Human Skulls in Northeastern Brazil","JOURNAL OF MORPHOLOGICAL SCIENCES",2177-0298,B4,10,Educação,2017-2020
"Gilberto Santos Cerqueira",http://lattes.cnpq.br/6780676773042373,2019,"Flipped Classroom: A Systematic Review Of Literature","ESPACIOS (CARACAS)",0798-1015,C,0,Educação,2017-2020
"Gilberto Santos Cerqueira",http://lattes.cnpq.br/6780676773042373,2019,"Incidence of sutural bones at asterion in dry human skulls in Northeast Brazil","ACTA SCIENTIAE ANATOMICA",2595-7651,C,0,Educação,2017-2020
"Gilberto Santos Cerqueira",http://lattes.cnpq.br/6780676773042373,2019,"A single dose of purple grape juice improves physical performance and antioxidant activity in runners: a randomized, crossover, double-blind, placebo study","EUROPEAN JOURNAL OF NUTRITION",1436-6207,A1,100,Educação,2017-2020
"Gilberto Santos Cerqueira",http://lattes.cnpq.br/6780676773042373,2019,"Geogebra software applications for math education: an integrative review","INTERNATIONAL JOURNAL OF DEVELOPMENT RESEARCH",2230-9926,C,0,Educação,2017-2020
"Gilberto Santos Cerqueira",http://lattes.cnpq.br/6780676773042373,2019,"Research of sodium content in dietary and normal foods marketed in Brazilian semi-arid","INTERNATIONAL JOURNAL OF DEVELOPMENT RESEARCH",2230-9926,C,0,Educação,2017-2020
"Gilberto Santos Cerqueira",http://lattes.cnpq.br/6780676773042373,2018,"AMPK activation promotes gastroprotection through mutual interaction with the gaseous mediators H 2 S, NO, and CO","NITRIC OXIDE-BIOLOGY AND CHEMISTRY",1089-8603,A2,85,Educação,2017-2020
"Gilberto Santos Cerqueira",http://lattes.cnpq.br/6780676773042373,2018,"Hands-on?: An active experience in manufacturing parasitized neuroanatomical models as a teaching and learning tool","INTERNATIONAL JOURNAL OF DEVELOPMENT RESEARCH",2230-9926,C,0,Educação,2017-2020
"Gilberto Santos Cerqueira",http://lattes.cnpq.br/6780676773042373,2018,"Body Donation Program for Anatomical Teaching: The Perception of Brazilian Students","JOURNAL OF HUMAN ANATOMY",2578-5079,N,,,
"Gilberto Santos Cerqueira",http://lattes.cnpq.br/6780676773042373,2018,"Incidence of the tympanic foramen in the population of Northeast Brazil","ITALIAN JOURNAL OF ANATOMY AND EMBRYOLOGY",1122-6713,N,,,
"Gilberto Santos Cerqueira",http://lattes.cnpq.br/6780676773042373,2018,"Perception of Medical Students in the Front of an Active Evaluation Model of Cardiovascular Anatomy","SM JOURNAL OF CLINICAL ANATOMY",2578-6954,N,,,
"Gilberto Santos Cerqueira",http://lattes.cnpq.br/6780676773042373,2018,"ANÁLISE DA SATISFAÇÃO DO USO DE EXAMES DE IMAGEM, COMO PROPOSTA COMPLEMENTAR, NO PROCESSO DE ENSINO E APRENDIZAGEM DA ANATOMIA SISTÊMICA","REVISTA SAÚDE & CIÊNCIA",2177-6679,B3,25,Educação,2017-2020
"Gilberto Santos Cerqueira",http://lattes.cnpq.br/6780676773042373,2018,"Phytol as an anticarcinogenic and antitumoral agent: An in vivo study in swiss mice with DMBA-Induced breast cancer","IUBMB LIFE",1521-6543,A4,65,Educação,2017-2020
"Gilberto Santos Cerqueira",http://lattes.cnpq.br/6780676773042373,2018,"Perception of Academics of Medicine of the Basic Cycle on the Importance of the Teaching of Human Anatomy for the Clinical Cycle","JOURNAL OF HUMAN ANATOMY",2578-5079,N,,,
"Gilberto Santos Cerqueira",http://lattes.cnpq.br/6780676773042373,2018,"Effect of carbohydrates versus carbohydrates plus proteins and antioxidants on oxidative stress and muscle damage induced by single bout resistance exercise","SPORT SCIENCES FOR HEALTH (TESTO STAMPATO)",1824-7490,B1,55,Educação,2017-2020
"Gilberto Santos Cerqueira",http://lattes.cnpq.br/6780676773042373,2017,"Diterpenes as lead molecules against neglected tropical diseases","PTR. PHYTOTHERAPY RESEARCH",0951-418X,A1,100,Educação,2017-2020
"Gilberto Santos Cerqueira",http://lattes.cnpq.br/6780676773042373,2017,"Use of educational databases for anatomy teaching in Brazil: a literature review","LECTURAS EDUCACIÓN FÍSICA Y DEPORTES (BUENOS AIRES)",1514-3465,B1,55,Educação,2017-2020
"Gilberto Santos Cerqueira",http://lattes.cnpq.br/6780676773042373,2017,"Congenital Diaphragmatic Hernia Associated With Uncommon Abnormalities","INTERNATIONAL ARCHIVES OF MEDICINE",1755-7682,C,0,Educação,2017-2020
"Gilberto Santos Cerqueira",http://lattes.cnpq.br/6780676773042373,2017,"Occupational and life-style factors-acquired mutagenicity in agric-workers of northeastern Brazil","ENVIRONMENTAL SCIENCE AND POLLUTION RESEARCH",0944-1344,A2,85,Educação,2017-2020
"Gilberto Santos Cerqueira",http://lattes.cnpq.br/6780676773042373,2017,"Morinda citrifolia (noni): uma revisão dos seus efeitos biológicos","REVINTER",1984-3577,C,0,Educação,2017-2020
"Gilberto Santos Cerqueira",http://lattes.cnpq.br/6780676773042373,2017,"EXPOSIÇÃO OCUPACIONAL DOS AGENTES DE COMBATE AS ENDEMIAS AOS INSETICIDAS","REVINTER",1984-3577,C,0,Educação,2017-2020
"Gilberto Santos Cerqueira",http://lattes.cnpq.br/6780676773042373,2017,"The Irritating Effects Of Exposure To Formaldehyde In User Students Of The Human Anatomy Laboratory","INTERNATIONAL ARCHIVES OF MEDICINE",1755-7682,C,0,Educação,2017-2020
"Gilberto Santos Cerqueira",http://lattes.cnpq.br/6780676773042373,2017,"EVALUATION OF THE CHRONOBIOLOGICAL PROFILE AND ITS RELATION WITH THE NUTRITIONAL STATE OF NIGHT SHIFT INDUSTRIAL WORKERS","INTERNATIONAL JOURNAL OF DEVELOPMENT RESEARCH",2230-9926,C,0,Educação,2017-2020
"Gilberto Santos Cerqueira",http://lattes.cnpq.br/6780676773042373,2017,"AVALIAÇÃO IN VITRO DE DIFERENTES AGENTES DE DESCONTAMINAÇÃO DE CONES DE GUTA-PERCHA","REVISTA SAÚDE & CIÊNCIA ONLINE",2317-8469,B3,25,Educação,2017-2020
"Gilberto Santos Cerqueira",http://lattes.cnpq.br/6780676773042373,2017,"Carbohydrates plus protein reduces oxidative stress after single bout of aerobic exercise","JOURNAL OF HUMAN SPORT AND EXERCISE",1988-5202,A4,65,Educação,2017-2020
"Gilberto Santos Cerqueira",http://lattes.cnpq.br/6780676773042373,2017,"Student opinion for classical anatomical education associated with different teaching strategies","INTERNATIONAL JOURNAL OF DEVELOPMENT RESEARCH",2230-9926,C,0,Educação,2017-2020
"Gilberto Santos Cerqueira",http://lattes.cnpq.br/6780676773042373,2017,"Clinical And Surgical Anatomy Of Lumbar Hernia: A Review","INTERNATIONAL ARCHIVES OF MEDICINE",1755-7682,C,0,Educação,2017-2020
"Gilberto Santos Cerqueira",http://lattes.cnpq.br/6780676773042373,2017,"CONTRIBUTIONS OF PATHOLOGY MONITORING IN THE NURSING TEACHING-LEARNING PROCESS","INTERNATIONAL JOURNAL OF DEVELOPMENT RESEARCH",2230-9926,C,0,Educação,2017-2020
"Gilberto Santos Cerqueira",http://lattes.cnpq.br/6780676773042373,2017,"THE TEACHING OF HUMAN ANATOMY IN BRAZIL: THE REALITY OF NORTHEAST BRAZIL","INTERNATIONAL JOURNAL OF ANATOMY AND RESEARCH",2321-8967,N,,,
"Gilberto Santos Cerqueira",http://lattes.cnpq.br/6780676773042373,2017,"ASPECTOS ANATOMO-CLÍNICOS DA SÍNDROME DA NEGLIGÊNCIA: UMA REVISÃO DE LITERATURA","REVINTER",1984-3577,C,0,Educação,2017-2020
"Gilberto Santos Cerqueira",http://lattes.cnpq.br/6780676773042373,2017,"Food habits after bariatric surgery: changes, evolutions, stays and results","INTERNATIONAL JOURNAL OF CURRENT RESEARCH",0975-833X,C,0,Educação,2017-2020
"Gilberto Santos Cerqueira",http://lattes.cnpq.br/6780676773042373,2017,"Investigation of the audit teaching and learning process in the nursing course: Cross-sectional study","INTERNATIONAL JOURNAL OF DEVELOPMENT RESEARCH",2230-9926,C,0,Educação,2017-2020
"Gilberto Santos Cerqueira",http://lattes.cnpq.br/6780676773042373,2017,"Perception of educational institutional evaluation by the disciplinary body of an IES of northeast Brazil: a case study","INTERNATIONAL JOURNAL OF DEVELOPMENT RESEARCH",2230-9926,C,0,Educação,2017-2020
"Gilberto Santos Cerqueira",http://lattes.cnpq.br/6780676773042373,2017,"Álcool e outras drogas na percepção de adolescentes de escolas públicas","REVINTER",1984-3577,C,0,Educação,2017-2020
"Gilberto Santos Cerqueira",http://lattes.cnpq.br/6780676773042373,2017,"Nutriproteomics for obesity research","INTERNATIONAL JOURNAL OF DEVELOPMENT RESEARCH",2230-9926,C,0,Educação,2017-2020
"Gilberto Santos Cerqueira",http://lattes.cnpq.br/6780676773042373,2016,"Omega-3 Fatty Acids: Possible Neuroprotective Mechanisms in the Model of Global Ischemia in Rats","JOURNAL OF NUTRITION AND METABOLISM",2090-0724,A4,65,Educação,2017-2020
"Gilberto Santos Cerqueira",http://lattes.cnpq.br/6780676773042373,2016,"Diminazene aceturate, an angiotensin-converting enzyme II activator, prevents gastric mucosal damage in mice: role of the angiotensin-(1-7)/Mas receptor axis","BIOCHEMICAL PHARMACOLOGY",0006-2952,A1,100,Educação,2017-2020
"Gilberto Santos Cerqueira",http://lattes.cnpq.br/6780676773042373,2016,"AUTOMEDICAÇÃO EM ACADÊMICOS: UM ESTUDO TRANSVERSAL","BOLETIM INFORMATIVO GEUM",2237-7387,B4,10,Educação,2017-2020
"Gilberto Santos Cerqueira",http://lattes.cnpq.br/6780676773042373,2016,"Thymoquinone is knocking at the door of clinical trial","INTERNATIONAL ARCHIVES OF MEDICINE",1755-7682,C,0,Educação,2017-2020
"Gilberto Santos Cerqueira",http://lattes.cnpq.br/6780676773042373,2016,"CONHECIMENTO SOBRE O CÂNCER DE PRÓSTATA ENTRE ESTUDANTES DE UMA UNIVERSIDADE PÚBLICA INTERNACIONAL DO INTERIOR DA BAHIA ? BRASIL","REVISTA SAUDE E CIÊNCIA ONLINE",2317-8469,B3,25,Educação,2017-2020
"Gilberto Santos Cerqueira",http://lattes.cnpq.br/6780676773042373,2016,"Ascorbic acid modulates doxorubicin and cyclophosphamide-induced cytogenetic damages in Sarcoma 180 cells","INTERNATIONAL ARCHIVES OF MEDICINE",1755-7682,C,0,Educação,2017-2020
"Gilberto Santos Cerqueira",http://lattes.cnpq.br/6780676773042373,2016,"Síndrome do Roubo da Subclávia e Síndrome do Roubo  coronário-subclávio : Um resgate na Literatura","REVINTER",1984-3577,C,0,Educação,2017-2020
"Gilberto Santos Cerqueira",http://lattes.cnpq.br/6780676773042373,2016,"Effect of the isostretching method on lumbar pain and flexibility of the lumbar spine in elderly women.","INTERNATIONAL ARCHIVES OF MEDICINE",1755-7682,C,0,Educação,2017-2020
"Gilberto Santos Cerqueira",http://lattes.cnpq.br/6780676773042373,2015,"Aspectos toxicológicos da exposição ocupacional a parafina em ciências morfológicas","REVINTER",1984-3577,C,0,Educação,2017-2020
"Gilberto Santos Cerqueira",http://lattes.cnpq.br/6780676773042373,2015,"Exposição Ocupacional aos Agrotóxicos: Um Estudo Bibliográfico","REVINTER",1984-3577,C,0,Educação,2017-2020
"Gilberto Santos Cerqueira",http://lattes.cnpq.br/6780676773042373,2015,"Occupational toxicology with emphasis on cytotoxic and mutagenic activity in workers exposed to gasolina","BIOTEMAS (UFSC)",0103-1643,B4,10,Educação,2017-2020
"Gilberto Santos Cerqueira",http://lattes.cnpq.br/6780676773042373,2015,"Neuropharmacological effects of carvacryl acetate on δ-aminolevulinic dehydratase, Na+, K+-ATPase activities and amino acids levels in mice hippocampus after seizures","CHEMICO-BIOLOGICAL INTERACTIONS (PRINT)",0009-2797,A2,85,Educação,2017-2020
"Gilberto Santos Cerqueira",http://lattes.cnpq.br/6780676773042373,2015,"Neurotoxicidade do ferro na fisiopatologia da doença de Parkinson","REVINTER",1984-3577,C,0,Educação,2017-2020
"Gilberto Santos Cerqueira",http://lattes.cnpq.br/6780676773042373,2015,"Caracterização de variáveis associadas a fatores de risco ao câncer   de mama em estudantes do ensino médio em uma escola pública   da cidade de São Francisco do Conde, Bahia, Brasil","LECTURAS EDUCACIÓN FÍSICA Y DEPORTES (BUENOS AIRES)",1514-3465,B1,55,Educação,2017-2020
"Gilberto Santos Cerqueira",http://lattes.cnpq.br/6780676773042373,2015,"A INTERVENÇÃO DA EDUCAÇÃO FÍSICA ESCOLAR NA PREVENÇÃO OBESIDADE EM UMA CRECHE-ESCOLA: ESTUDO DE CASO","COLEÇÃO PESQUISA EM EDUCAÇÃO FÍSICA",1981-4313,B2,40,Educação,2017-2020
"Gilberto Santos Cerqueira",http://lattes.cnpq.br/6780676773042373,2015,"Pentoxifylline reduces the inflammatory process in diabetic rats: relationship with decreases of pro-inflammatory cytokines and inducible nitric oxide synthase","JOURNAL OF INFLAMMATION (LONDON. ONLINE)",1476-9255,A4,65,Educação,2017-2020
"Gilberto Santos Cerqueira",http://lattes.cnpq.br/6780676773042373,2015,"Automedicação em crianças: uma revisão integrativa","LECTURAS EDUCACIÓN FÍSICA Y DEPORTES (BUENOS AIRES)",1514-3465,B1,55,Educação,2017-2020
"Gilberto Santos Cerqueira",http://lattes.cnpq.br/6780676773042373,2015,"Suporte básico de vida: uma revisão integrativa","LECTURAS EDUCACIÓN FÍSICA Y DEPORTES (BUENOS AIRES)",1514-3465,B1,55,Educação,2017-2020
"Gilberto Santos Cerqueira",http://lattes.cnpq.br/6780676773042373,2015,"PERFIL DE PRESSÃO ARTERIAL DE POLICIAIS MILITARES NA CIDADE DE RUSSAS-CE","REVISTA SAÚDE & CIÊNCIA",2317-8469,B3,25,Educação,2017-2020
"Gilberto Santos Cerqueira",http://lattes.cnpq.br/6780676773042373,2015,"Ossos ID: uma proposta de banco de dados didático de peças anatômicas para área da saúde","JOURNAL OF HEALTH INFORMATICS",2175-4411,A4,65,Educação,2017-2020
"Gilberto Santos Cerqueira",http://lattes.cnpq.br/6780676773042373,2015,"Análise sensorial de um biscoito funcional a base de cacau e aveia","REVINTER",1984-3577,C,0,Educação,2017-2020
"Gilberto Santos Cerqueira",http://lattes.cnpq.br/6780676773042373,2014,"Comunicação entre médicos e enfermeiros como instrumento básico do cuidar dentro da unidade de terapia intensiva","LECTURAS EDUCACIÓN FÍSICA Y DEPORTES (BUENOS AIRES)",1514-3465,B1,55,Educação,2017-2020
"Gilberto Santos Cerqueira",http://lattes.cnpq.br/6780676773042373,2014,"Caffeine neuroprotective effects on 6-OHDA-lesioned rats are mediated by several factors, including pro-inflammatory cytokines and histone deacetylase inhibitions","BEHAVIOURAL BRAIN RESEARCH",0166-4328,A2,85,Educação,2017-2020
"Gilberto Santos Cerqueira",http://lattes.cnpq.br/6780676773042373,2014,"Influência da palhaçoterapia na assistência à criança hospitalizada","LECTURAS EDUCACIÓN FÍSICA Y DEPORTES (BUENOS AIRES)",1514-3465,B1,55,Educação,2017-2020
"Gilberto Santos Cerqueira",http://lattes.cnpq.br/6780676773042373,2014,"Is There a Correlation Between In Vitro Antioxidant Potential and In Vivo Effect of Carvacryl Acetate Against Oxidative Stress in Mice Hippocampus?","NEUROCHEMICAL RESEARCH",0364-3190,A3,75,Educação,2017-2020
"Gilberto Santos Cerqueira",http://lattes.cnpq.br/6780676773042373,2014,"Difalia, uma anomalia congênita que promove alterações  morfológicas: uma revisão de","LECTURAS EDUCACIÓN FÍSICA Y DEPORTES (BUENOS AIRES)",1514-3465,B1,55,Educação,2017-2020
"Gilberto Santos Cerqueira",http://lattes.cnpq.br/6780676773042373,2014,"Atividade gastroproterora de Maytenus ilicifolia e Maytenus aquifolium","REVISTA SAÚDE & CIÊNCIA",2177-6679,B3,25,Educação,2017-2020
"Gilberto Santos Cerqueira",http://lattes.cnpq.br/6780676773042373,2014,"Neuroprotective Properties of a Standardized Extract from              Myracrodruon urundeuva</i>              Fr. All. (Aroeira-Do-Sertão), as Evaluated by a Parkinson’s Disease Model in Rats","PARKINSON´S DISEASE",2090-8083,B1,55,Educação,2017-2020
"Gilberto Santos Cerqueira",http://lattes.cnpq.br/6780676773042373,2014,"Os desafios encontrados pelo profissional de enfermagem durante a assistência prestada numa maternidade pública","LECTURAS EDUCACIÓN FÍSICA Y DEPORTES (BUENOS AIRES)",1514-3465,B1,55,Educação,2017-2020
"Gilberto Santos Cerqueira",http://lattes.cnpq.br/6780676773042373,2014,"Atividade física na gestação: uma revisão integrativa da literatura","LECTURAS EDUCACIÓN FÍSICA Y DEPORTES (BUENOS AIRES)",1514-3465,B1,55,Educação,2017-2020
"Gilberto Santos Cerqueira",http://lattes.cnpq.br/6780676773042373,2014,"Doping sanguíneo no esporte: uma revisão da literatura","LECTURAS EDUCACIÓN FÍSICA Y DEPORTES (BUENOS AIRES)",1514-3465,B1,55,Educação,2017-2020
"Gilberto Santos Cerqueira",http://lattes.cnpq.br/6780676773042373,2014,"Exposição ocupacional em trabalhadores de um banco  de sangue: um estudo transversal","LECTURAS EDUCACIÓN FÍSICA Y DEPORTES (BUENOS AIRES)",1514-3465,B1,55,Educação,2017-2020
"Gilberto Santos Cerqueira",http://lattes.cnpq.br/6780676773042373,2014,"Aspectos toxicológicos da Benzidamina","REVINTER",1984-3577,C,0,Educação,2017-2020
"Gilberto Santos Cerqueira",http://lattes.cnpq.br/6780676773042373,2014,"Plantas Tóxicas: Conhecimento de populares para prevenção de acidentes.","REVINTER",1984-3577,C,0,Educação,2017-2020
"Gilberto Santos Cerqueira",http://lattes.cnpq.br/6780676773042373,2014,"A problematização como estratégia didática em aulas sobre uso indevido de drogas e farmacodependência","REVINTER",1984-3577,C,0,Educação,2017-2020
"Gilberto Santos Cerqueira",http://lattes.cnpq.br/6780676773042373,2014,"Pentoxifylline decreases glycemia levels and TNF-alpha, iNOS and COX-2 expressions in diabetic rat pancreas","SPRINGERPLUS",2193-1801,A2,85,Educação,2021
"Gilberto Santos Cerqueira",http://lattes.cnpq.br/6780676773042373,2014,"Minocycline decreases blood glucose and triglyceride levels and reverses histological and immunohisto-chemical alterations in pancreas, liver and kidney of alloxan-induced diabetic rats","JOURNAL OF DIABETES AND ENDOCRINOLOGY",2141-2685,C,0,Educação,2017-2020
"Gilberto Santos Cerqueira",http://lattes.cnpq.br/6780676773042373,2014,"Los desafíos que encuentra el profesional de enfermería durante la asistencia prestada en una maternidad pública","LECTURAS EDUCACIÓN FÍSICA Y DEPORTES (BUENOS AIRES)",1514-3465,B1,55,Educação,2017-2020
"Gilberto Santos Cerqueira",http://lattes.cnpq.br/6780676773042373,2014,"Relação entre consumo alimentar da população nordestina e o alto índice de câncer gástrico nesta região","REVINTER",1984-3577,C,0,Educação,2017-2020
"Gilberto Santos Cerqueira",http://lattes.cnpq.br/6780676773042373,2014,"Utilização na medicina popular, potencial terapêutico e toxicidade em nível celular das plantas Rosmarinus officinalis L., Salvia officinalis L. e Mentha piperita L. (Família Lamiaceae)","REVINTER",1984-3577,C,0,Educação,2017-2020
"Gilberto Santos Cerqueira",http://lattes.cnpq.br/6780676773042373,2014,"Plantas m edicinais: cultivo em quintais pela população de um município do semiárido Piauiense, nordeste do Brasil","REVINTER",1984-3577,C,0,Educação,2017-2020
"Gilberto Santos Cerqueira",http://lattes.cnpq.br/6780676773042373,2014,"Food consumption in patients with Parkinson´s disease and its impact on diseases prognosis","BOLETIM INFORMATIVO GEUM",2237-7387,B4,10,Educação,2017-2020
"Gilberto Santos Cerqueira",http://lattes.cnpq.br/6780676773042373,2014,"La actividad física en el embarazo: una revisión integradora de la literatura","LECTURAS EDUCACIÓN FÍSICA Y DEPORTES (BUENOS AIRES)",1514-3465,B1,55,Educação,2017-2020
"Gilberto Santos Cerqueira",http://lattes.cnpq.br/6780676773042373,2014,"La percepción de los estudiantes de servicio social sobre las políticas públicas de salud","LECTURAS EDUCACIÓN FÍSICA Y DEPORTES (BUENOS AIRES)",1514-3465,B1,55,Educação,2017-2020
"Gilberto Santos Cerqueira",http://lattes.cnpq.br/6780676773042373,2013,"Cáncer de mama: prevención y detección precoz en la atención básica","LECTURAS EDUCACIÓN FÍSICA Y DEPORTES (BUENOS AIRES)",1514-3465,B1,55,Educação,2017-2020
"Gilberto Santos Cerqueira",http://lattes.cnpq.br/6780676773042373,2013,"Exposição Ocupacional a Gasolina: Um Estudo Transversal","REVINTER",1984-3577,C,0,Educação,2017-2020
"Gilberto Santos Cerqueira",http://lattes.cnpq.br/6780676773042373,2013,"Valproic acid: an anticonvulsant drug with potent antinociceptive and anti-inflammatory properties","NAUNYN-SCHMIEDEBERG´S ARCHIVES OF PHARMACOLOGY",1432-1912,A3,75,Educação,2017-2020
"Gilberto Santos Cerqueira",http://lattes.cnpq.br/6780676773042373,2013,"Avaliação da exposição ocupacional a Solventes e a Material Particulado em Procedimentos de Repintura.","REVINTER",1984-3577,C,0,Educação,2017-2020
"Gilberto Santos Cerqueira",http://lattes.cnpq.br/6780676773042373,2013,"La percepción del enfermero en relación al fomento de la lactancia materna en el postparto","LECTURAS EDUCACIÓN FÍSICA Y DEPORTES (BUENOS AIRES)",1514-3465,B1,55,Educação,2017-2020
"Gilberto Santos Cerqueira",http://lattes.cnpq.br/6780676773042373,2013,"Anxiolytic-like effects of carvacryl acetate, a derivative of carvacrol, in mice","PHARMACOLOGY, BIOCHEMISTRY AND BEHAVIOR",0091-3057,A3,75,Educação,2017-2020
"Gilberto Santos Cerqueira",http://lattes.cnpq.br/6780676773042373,2013,"crescimenteo  e desenvolvimento infantil sobre a ótica de mães","LECTURAS EDUCACIÓN FÍSICA Y DEPORTES (BUENOS AIRES)",1514-3465,B1,55,Educação,2017-2020
"Gilberto Santos Cerqueira",http://lattes.cnpq.br/6780676773042373,2013,"AVALIAÇÃO DE ERROS D E MEDICAÇÃO ESTUDO DE CASO COM PROFISSIONAIS DA SAÚDE DE CAJAZEIRAS - PB","CADERNOS DE CULTURA E CIÊNCIA (URCA)",1980-5861,C,0,Educação,2017-2020
"Gilberto Santos Cerqueira",http://lattes.cnpq.br/6780676773042373,2013,"Vírus da imunodeficiência humana: atitudes profiláticas dos profissionais de enfermagem frente ao risco de contaminação ocupacional","LECTURAS EDUCACIÓN FÍSICA Y DEPORTES (BUENOS AIRES)",1514-3465,B1,55,Educação,2017-2020
"Gilberto Santos Cerqueira",http://lattes.cnpq.br/6780676773042373,2013,"Anxiolytic- and antidepressant-like effects of the ethanolic extract from Citrus limon plant widely used in Northeastern Brazil","AFRICAN JOURNAL OF PHARMACY AND PHARMACOLOGY",1996-0816,B4,10,Educação,2017-2020
"Gilberto Santos Cerqueira",http://lattes.cnpq.br/6780676773042373,2012,"Effects of an aqueous extract of Orbignya phalerata Mart on locomotor activity and motor coordination in mice and as antioxidant in vitro","DIE PHARMAZIE (BERLIN)",0031-7144,B1,55,Educação,2017-2020
"Gilberto Santos Cerqueira",http://lattes.cnpq.br/6780676773042373,2012,"Adesão do cliente hipertenso ao tratamento: análise  com abordagem medicamentosa e na atividade física","LECTURAS EDUCACIÓN FÍSICA Y DEPORTES (BUENOS AIRES)",1514-3465,B1,55,Educação,2017-2020
"Gilberto Santos Cerqueira",http://lattes.cnpq.br/6780676773042373,2012,"A influência da cultura familiar na prática do aleitamento materno","LECTURAS EDUCACIÓN FÍSICA Y DEPORTES (BUENOS AIRES)",1514-3465,B1,55,Educação,2017-2020
"Gilberto Santos Cerqueira",http://lattes.cnpq.br/6780676773042373,2012,"Chemical composition and anxiolytic-like effects of the Bauhinia platypetala","REVISTA BRASILEIRA DE FARMACOGNOSIA (IMPRESSO)",0102-695X,A3,75,Educação,2017-2020
"Gilberto Santos Cerqueira",http://lattes.cnpq.br/6780676773042373,2012,"Chronic toxicologic study of the ethanolic extract of the aerial parts of Jatropha gossypiifolia in rats","REVISTA BRASILEIRA DE FARMACOGNOSIA (IMPRESSO)",0102-695X,A3,75,Educação,2017-2020
"Gilberto Santos Cerqueira",http://lattes.cnpq.br/6780676773042373,2012,"?EXPOSIÇÃO OCUPACIONAL AOS AGROTÓXICOS: UM ESTUDO TRANSVERSAL","REVINTER",1984-3577,C,0,Educação,2017-2020
"Gilberto Santos Cerqueira",http://lattes.cnpq.br/6780676773042373,2012,"Plantas medicinais utilizadas na saúde da mulher: riscos na gravidez","DIÁLOGOS & CIÊNCIA (ONLINE)",1678-0493,B1,55,Educação,2017-2020
"Gilberto Santos Cerqueira",http://lattes.cnpq.br/6780676773042373,2012,"Perfil cineantropometrico de praticantes de pilates de juazeiro, CE","LECTURAS EDUCACIÓN FÍSICA Y DEPORTES (BUENOS AIRES)",1514-3465,B1,55,Educação,2017-2020
"Gilberto Santos Cerqueira",http://lattes.cnpq.br/6780676773042373,2012,"Perfil epidemiológico de pacientes sequelados de AVC","ENCICLOPÉDIA BIOSFERA",1809-0583,B4,10,Educação,2017-2020
"Gilberto Santos Cerqueira",http://lattes.cnpq.br/6780676773042373,2012,"Effects of hecogenin and its possible mechanism of action on experimental models of gastric ulcer in mice","EUROPEAN JOURNAL OF PHARMACOLOGY",0014-2999,A3,75,Educação,2017-2020
"Gilberto Santos Cerqueira",http://lattes.cnpq.br/6780676773042373,2012,"POTENCIAL DO TREINAMENTO ATÉ A FALHA CONCÊNTRICA PARA INDUZIR  OVERREACHING/OVERTRAINIG","COLEÇÃO PESQUISA EM EDUCAÇÃO FÍSICA",1981-4313,B2,40,Educação,2017-2020
"Gilberto Santos Cerqueira",http://lattes.cnpq.br/6780676773042373,2011,"Central nervous system effects of Iso-6-spectaline isolated from senna spectabilis var. excelsa (schrad) in mice","JOURNAL OF YOUNG PHARMACISTS",0975-1505,B4,10,Educação,2017-2020
"Gilberto Santos Cerqueira",http://lattes.cnpq.br/6780676773042373,2011,"Antimicrobial activity of the extract of stem bark of Diplotropis ferruginea benth","JOURNAL OF YOUNG PHARMACISTS",0975-1505,B4,10,Educação,2017-2020
"Gilberto Santos Cerqueira",http://lattes.cnpq.br/6780676773042373,2011,"Uso de anfetaminas entre caminhoneiros - um estudo transversal","REVINTER",1984-3577,C,0,Educação,2017-2020
"Gilberto Santos Cerqueira",http://lattes.cnpq.br/6780676773042373,2011,"Fatores que permeiam a não adesão a atividade física  em portadores de diabetes mellitus do nordeste brasileiro","LECTURAS EDUCACIÓN FÍSICA Y DEPORTES (BUENOS AIRES)",1514-3465,B1,55,Educação,2017-2020
"Gilberto Santos Cerqueira",http://lattes.cnpq.br/6780676773042373,2011,"Actividad física y Enfermedad de Parkinson","LECTURAS EDUCACIÓN FÍSICA Y DEPORTES (BUENOS AIRES)",1514-3465,B1,55,Educação,2017-2020
"Gilberto Santos Cerqueira",http://lattes.cnpq.br/6780676773042373,2011,"Antioxidant and Antinociceptive Effects of Citrus limon Essential Oil in Mice","JOURNAL OF BIOMEDICINE AND BIOTECHNOLOGY (PRINT)",1110-7243,N,,,
"Gilberto Santos Cerqueira",http://lattes.cnpq.br/6780676773042373,2011,"Exposição ocupacional: um estudo com trabalhadores de postos de combustíveis do sertão paraibano","REVISTA SAÚDE & CIÊNCIA",2177-6679,B3,25,Educação,2017-2020
"Gilberto Santos Cerqueira",http://lattes.cnpq.br/6780676773042373,2011,"Consumo de suplementos Alimentares em praticantes de ativiade física da cidade do Icó","LECTURAS EDUCACIÓN FÍSICA Y DEPORTES (BUENOS AIRES)",1514-3465,B1,55,Educação,2017-2020
"Gilberto Santos Cerqueira",http://lattes.cnpq.br/6780676773042373,2011,"Anti-nociceptive and anti-inflammatory activities of (¿)-¿-bisabolol in rodents","NAUNYN-SCHMIEDEBERG'S ARCHIVES OF PHARMACOLOGY",0028-1298,A3,75,Educação,2017-2020
"Gilberto Santos Cerqueira",http://lattes.cnpq.br/6780676773042373,2011,"Investigação do uso de  Anabolizantes no  Município de Icó-CE:  um estudo  transversal","REVINTER",1984-3577,C,0,Educação,2017-2020
"Gilberto Santos Cerqueira",http://lattes.cnpq.br/6780676773042373,2011,"Levantamento de Plantas Medicinais utilizadas no Sertão Paraibano: Um Estudo Transversal.","CONCEITOS (JOÃO PESSOA)",1519-7204,C,0,Educação,2017-2020
"Gilberto Santos Cerqueira",http://lattes.cnpq.br/6780676773042373,2011,"Consumo de álcool entre estudantes de uma escola pública da cidade de Cajazeiras, PB","SMAD. REVISTA ELETRÔNICA SAÚDE MENTAL ÁLCOOL E DROGAS (EDIÇÃO EM PORTUGUÊS)",1806-6976,B1,55,Educação,2017-2020
"Gilberto Santos Cerqueira",http://lattes.cnpq.br/6780676773042373,2010,"Dados da exposição ocupacional aos agrotóxicos em grupo assistido por uma ubs na cidade de Cajazeiras, PB","REVINTER",1984-3577,C,0,Educação,2017-2020
"Gilberto Santos Cerqueira",http://lattes.cnpq.br/6780676773042373,2010,"Mechanisms involved in the gastroprotective activity of esculin on acute gastric lesions in mice","CHEMICO-BIOLOGICAL INTERACTIONS (PRINT)",0009-2797,A2,85,Educação,2017-2020
"Gilberto Santos Cerqueira",http://lattes.cnpq.br/6780676773042373,2010,"Perfil do consumo de anabolizantes em praticantes   de atividade física da cidade de João Pessoa, Paraíba","LECTURAS EDUCACIÓN FÍSICA Y DEPORTES (BUENOS AIRES)",1514-3465,B1,55,Educação,2017-2020
"Gilberto Santos Cerqueira",http://lattes.cnpq.br/6780676773042373,2010,"Consumo de álcool em uma comunidade do cariri cearense","REVINTER",1984-3577,C,0,Educação,2017-2020
"Gilberto Santos Cerqueira",http://lattes.cnpq.br/6780676773042373,2010,"Consumo de suplemento alimentar  por praticantes de musculação nas academias da cidade de Ouricuri, PE","LECTURAS EDUCACIÓN FÍSICA Y DEPORTES (BUENOS AIRES)",1514-3465,B1,55,Educação,2017-2020
"Gilberto Santos Cerqueira",http://lattes.cnpq.br/6780676773042373,2010,"Acidentes perfurocortantes em profissionais de enfermagem: um estudo transversal na cidade de Cajazeiras/PB","ENFERMAGEM BRASIL",1678-2410,B2,40,Educação,2017-2020
"Gilberto Santos Cerqueira",http://lattes.cnpq.br/6780676773042373,2010,"Análisis de las variables aeróbicas y antropométricas de practicantes de musculación de la ciudad de Joao Pessoa","LECTURAS EDUCACIÓN FÍSICA Y DEPORTES (BUENOS AIRES)",1514-3465,B1,55,Educação,2017-2020
"Gilberto Santos Cerqueira",http://lattes.cnpq.br/6780676773042373,2008,"Avaliação histopatológica em ratos após tratamento agudo com o extrato etanólico de partes aéreas de Jatropha gossypiifolia L.","REVISTA BRASILEIRA DE FARMACOGNOSIA",0102-695X,A3,75,Educação,2017-2020
"Gilberto Santos Cerqueira",http://lattes.cnpq.br/6780676773042373,2006,"Avaliação epidemiológica da intoxicações por inseticidas organofosforados do estado da Paraíba de 1998 a 2002","REVISTA DE CIÊNCIAS DA SAÚDE SANTA MARIA",1809-0907,N,,,
"Gilberto Santos Cerqueira",http://lattes.cnpq.br/6780676773042373,2006,"Estudo toxicológico agudo do extrato etanólico de partes aéreas de Jatropha gossypiifolia L. em ratos","REVISTA BRASILEIRA DE FARMACOGNOSIA",0102-695X,A3,75,Educação,2017-2020
"Gilberto Santos Cerqueira",http://lattes.cnpq.br/6780676773042373,2006,"Aspectos éticos do uso de animais em experimentação biológica","REVISTA DE CIÊNCIAS DA SAÚDE SANTA MARIA",1809-0907,N,,,
"Gilberto Santos Cerqueira",http://lattes.cnpq.br/6780676773042373,2004,"Perfil das intoxicações exógenas na cidade de João Pessoa","REVISTA DE CIÊNCIAS DA SAÚDE NOVA ESPERANÇA",1679-1983,B2,40,Educação,2017-2020
"Gilberto Santos Cerqueira",http://lattes.cnpq.br/6780676773042373,2004,"Flavonóides da dieta e sua importância para saúde humana","REVISTA DE CIÊNCIAS DA SAÚDE NOVA ESPERANÇA",1679-1983,B2,40,Educação,2017-2020
"Gilberto Santos Cerqueira",http://lattes.cnpq.br/6780676773042373,2003,"Estudo Epidemiológico de Enteroparasitas no Povoado de Areia Branca, Aracaju/SE","NEWSLAB",0104-8384,C,0,Educação,2017-2020