nome,lattes_url,ano_publicacao,titulo_publicacao,periodico,issn,qualis,pontos,area,ano_base
"Gisafran Nazareno Mota Jucá",http://lattes.cnpq.br/0833133979224938,2025,"Pandemia e Educação: uma análise narrativa de publicações do Jornal O Povo","REVISTA EDUCAÇÃO & ENSINO",2594-4444,B1,,,2017-2020
"Gisafran Nazareno Mota Jucá",http://lattes.cnpq.br/0833133979224938,2025,"História de Mulheres: Professora Júlia Vasconcelos","HORIZONTES",2317-109X,A2,,,2017-2020
"Gisafran Nazareno Mota Jucá",http://lattes.cnpq.br/0833133979224938,2024,"Escolas Fechadas  Abismos Aprofundados. A Gestão da Educação Cearense na Pandemia","REVISTA DOCENTES",2526-2815,N,,,
"Gisafran Nazareno Mota Jucá",http://lattes.cnpq.br/0833133979224938,2024,"Rastros e alcance da memória social através da história oral: pós-memória da hanseníase Pará/Ceará","REVISTA DO PEMO",2675-519X,A3,,,2017-2020
"Gisafran Nazareno Mota Jucá",http://lattes.cnpq.br/0833133979224938,2023,"estratégias do Brasil e de Portugal para lidar com a pandemia no contexto educacional","REVISTA IBERO-AMERICANA DE ESTUDOS EM EDUCAÇÃO",2446-8606,A1,,,2017-2020
"Gisafran Nazareno Mota Jucá",http://lattes.cnpq.br/0833133979224938,2023,"Dr. Waldemar Alcântara: o Médico e o Político na Memória Social","ANAIS DA ACADEMIAS CEARENSE DE MEDICINA",2236-9961,N,,,
"Gisafran Nazareno Mota Jucá",http://lattes.cnpq.br/0833133979224938,2023,"Ciência e Ensino de História na Educação Básica","CONTEMPORÂNEA - REVISTA DE ÉTICA E FILOSOFIA POLÍTICA",2447-0961,B1,,,2017-2020
"Gisafran Nazareno Mota Jucá",http://lattes.cnpq.br/0833133979224938,2023,"A História Do Descobrimento Do Brasil Nos Livros Didáticos Do Século XIX (1843-1898)","REVISTA IBERO-AMERICANA DE ESTUDOS EM EDUCAÇÃO",2446-8606,A1,,,2017-2020
"Gisafran Nazareno Mota Jucá",http://lattes.cnpq.br/0833133979224938,2023,"Cultura e Ideologia No Livro Didático de História do Brasil no Século XIX","REVISTA IBERO-AMERICANA DE ESTUDOS EM EDUCAÇÃO",2446-8606,A1,,,2017-2020
"Gisafran Nazareno Mota Jucá",http://lattes.cnpq.br/0833133979224938,2022,"Eduicação e Saúde: uma reflexão em torno do imaginário da Doença de Chagas","TEMAS EM EDUCACAO",2359-7003,A4,,,2017-2020
"Gisafran Nazareno Mota Jucá",http://lattes.cnpq.br/0833133979224938,2020,"Revelações da Arte do Bordado e do Crochê na Memória Social de Nova Russas","BRAZILIAN JOURNAL OF DEVELOPMENT",2525-8761,C,,,2017-2020
"Gisafran Nazareno Mota Jucá",http://lattes.cnpq.br/0833133979224938,2020,"Woman,historiography and a Oral History a possible dialogue","RESEARCH, SOCIETY AND DEVELOPMENT",2525-3409,C,,,2017-2020
"Gisafran Nazareno Mota Jucá",http://lattes.cnpq.br/0833133979224938,2020,"Dr. Waldemar Alcântara, Na Trilha De Uma Narrativa Histórica: perspectivas de análise sobre a relação política e saúde pública, no pós-guerra, no Estado do Ceará","REVISTA DO INSTITUTO DO CEARÁ",0100-3585,C,,,2017-2020
"Gisafran Nazareno Mota Jucá",http://lattes.cnpq.br/0833133979224938,2019,"Reflexões Sobre A História Das Famílias No Brasil","BRAZILIAN JOURNAL OF DEVELOPMENT",2525-8761,C,,,2017-2020
"Gisafran Nazareno Mota Jucá",http://lattes.cnpq.br/0833133979224938,2019,"Itinerários Metodológicos De Pesquisa:uma abordagem transdisciplinar","PLURES HUMANIDADES",2238-4979,B1,,,2017-2020
"Gisafran Nazareno Mota Jucá",http://lattes.cnpq.br/0833133979224938,2019,"Memoria Individual como Expressão de uma Memória Social: Reminiscências Reveladoras das Múltiplas Facetas de Fortaleza","HISTÓRIA ORAL",2358-1654,A3,,,2017-2020
"Gisafran Nazareno Mota Jucá",http://lattes.cnpq.br/0833133979224938,2019,"A Doença de Chagas no Ceará: Revelações dos Atingidos pela Doença, uma Expressão da Memória Social","REVISTA ENBORNAL",2177-160X,B2,,,2017-2020
"Gisafran Nazareno Mota Jucá",http://lattes.cnpq.br/0833133979224938,2019,"The Female Body in Cearense Education in The 20th Century:territories of representations, speech and faith","BRAZILIAN JOURNAL OF DEVELOPMENT",2525-8761,C,,,2017-2020
"Gisafran Nazareno Mota Jucá",http://lattes.cnpq.br/0833133979224938,2019,"History Teaching For New Tecnologiies: from epistemological diiscussions to basic education","BRAZILAIAN JOURNAL OF DECELIPMENT",2525-8761,C,,,2017-2020
"Gisafran Nazareno Mota Jucá",http://lattes.cnpq.br/0833133979224938,2018,"A Paraíba No Processo de ocupação do Semiárido","REVISTA DO INSTITUTO DO CEARÁ",0100-3585,C,,,2017-2020
"Gisafran Nazareno Mota Jucá",http://lattes.cnpq.br/0833133979224938,2014,"A História Oral e Suas Representações Sociais:entrevista com o Professor Gisafran nazareno Mota Jucá","47149/PEMO.V7.",2675-519X,A3,,,2017-2020
"Gisafran Nazareno Mota Jucá",http://lattes.cnpq.br/0833133979224938,2013,"Memória Individual Sobre o Seminário da Prainha: revelação de experiências","REVISTA DO INSTITUTO DO CEARÁ",0100-3585,C,,,2017-2020
"Gisafran Nazareno Mota Jucá",http://lattes.cnpq.br/0833133979224938,2012,"O Sesquicentenário do Seminário da Prainha,1864-2014, nas Revelações da Memória individual e da Memóriia Coletiva","REVISTA DO INSTITUTO DO CEARÁ",0100-3585,C,,,2017-2020
"Gisafran Nazareno Mota Jucá",http://lattes.cnpq.br/0833133979224938,2010,"Resenha: Revelações da Memória: uma nova trilha nos caminhos da tradicional história política regional e dos consasgrados conceitos que a definiram. Nome da Obra: O que os netos dos vaqueiros me contaram, de Manoel Domingos Neto","HISTÓRIA ORAL (RIO DE JANEIRO)",1516-7658,A3,,,2017-2020
"Gisafran Nazareno Mota Jucá",http://lattes.cnpq.br/0833133979224938,2010,"Dr. Waldemar Alcântara, na Trilha de uma Narrativa Histórica. Perspectivas de Análise sobre a relação política e saúde pública, no pós-guerra, no Estado do Ceará","REVISTA DO INSTITUTO DO CEARÁ",0100-3585,C,,,2017-2020
"Gisafran Nazareno Mota Jucá",http://lattes.cnpq.br/0833133979224938,2008,"Seminário da Prainha: Limites e Possibilidades da "Ego-História", como opção metodológica","CLIO. SÉRIE HISTÓRIA DO NORDESTE (UFPE)",0102-9487,B1,,,2017-2020
"Gisafran Nazareno Mota Jucá",http://lattes.cnpq.br/0833133979224938,2007,""Seminário da Prainha,uma outra Fortaleza": um velho tema numa nova opção metodológica","REVISTA DO INSTITUTO DO CEARÁ",0100-3585,C,,,2017-2020
"Gisafran Nazareno Mota Jucá",http://lattes.cnpq.br/0833133979224938,2006,"O Lazer no Cotidiano do Recife do Pós-Guerra","TRAJETOS (UFC)",1676-3033,N,,,
"Gisafran Nazareno Mota Jucá",http://lattes.cnpq.br/0833133979224938,2006,"A Trajetória de um acervo: explanação  sobre a organização dos Fundos Capistrano de Abreu e Sociedade Capistrano de Abreu","REVISTA DO INSTITUTO DO CEARÁ",0100-3585,C,,,2017-2020
"Gisafran Nazareno Mota Jucá",http://lattes.cnpq.br/0833133979224938,2006,"O Nordeste e a História Oral: a contribuição dos grupos de pesquisa no Ceará","HISTÓRIA ORAL (RIO DE JANEIRO)",1516-7658,A3,,,2017-2020
"Gisafran Nazareno Mota Jucá",http://lattes.cnpq.br/0833133979224938,2004,"O Processo de Ocupação e Crescimento do Espaço Urbano do Recife","REVISTA DO INSTITUTO DO CEARÁ",0100-3585,C,,,2017-2020
"Gisafran Nazareno Mota Jucá",http://lattes.cnpq.br/0833133979224938,2003,"Fortaleza na Visão dos Idosos","O PÚBLICO E O PRIVADO",1519-5481,B2,,,2017-2020
"Gisafran Nazareno Mota Jucá",http://lattes.cnpq.br/0833133979224938,2003,"O Significado da Ferrovia no Cotidiano da Vida Interiorana","CADERNO O PUBLICO E O PRIVADO",1519-5,N,,,
"Gisafran Nazareno Mota Jucá",http://lattes.cnpq.br/0833133979224938,2002,"A Polifonia Urbana Expressa na Oralidade","TRAJETOS (UFC)",1676-3033,N,,,
"Gisafran Nazareno Mota Jucá",http://lattes.cnpq.br/0833133979224938,2001,"Poder Público e Subemprego no Recife(1945-1960)","POLÍTICAS PÚBLICAS E SOCIEDADE",1519-096X,N,,,
"Gisafran Nazareno Mota Jucá",http://lattes.cnpq.br/0833133979224938,2001,"Fortaleza na visão dos idosos: onde o público e o privado se entrecruzam","O PÚBLICO E O PRIVADO",,N,,,
"Gisafran Nazareno Mota Jucá",http://lattes.cnpq.br/0833133979224938,2001,"A História de Fortaleza através da imprensa e do depoimento dos idosos","TRAJETOS (UFC)",1676-3033,N,,,
"Gisafran Nazareno Mota Jucá",http://lattes.cnpq.br/0833133979224938,2001,"Na trilha das fontes, relativas ao Seminário da Prainha, a descoberta das dimensões da oralidade","HUMANIDADES E CIÊNCIAS SOCIAIS (UECE)",1516-974X,N,,,
"Gisafran Nazareno Mota Jucá",http://lattes.cnpq.br/0833133979224938,2001,"A dimensão metodológica da história oral","REVISTA DO INSTITUTO DO CEARÁ",0100-3585,C,,,2017-2020
"Gisafran Nazareno Mota Jucá",http://lattes.cnpq.br/0833133979224938,2000,"Os impasses dos serviços urbanos em Fortaleza","REVISTA DO INSTITUTO DO CEARÁ-HISTÓRICO,GEOGRÁFICO E ANTROPOLÓGICO",9193-7205,N,,,
"Gisafran Nazareno Mota Jucá",http://lattes.cnpq.br/0833133979224938,1997,"Revendo as datas e fatos e complementando as notas para a História do Ceará","REV DO INSTITUTO DO CEARÁ",,N,,,
"Gisafran Nazareno Mota Jucá",http://lattes.cnpq.br/0833133979224938,1996,"Lazer em Fortaleza","CADERNO DO NUDOC",,N,,,
"Gisafran Nazareno Mota Jucá",http://lattes.cnpq.br/0833133979224938,1995,"A pobreza e conflitos de Fortaleza","CADERNO DE HISTÓRIA",,N,,,
"Gisafran Nazareno Mota Jucá",http://lattes.cnpq.br/0833133979224938,1990,"Gustavo Barroso: vida, contexto e idéias","CADERNO DO NUDOC",,N,,,
"Gisafran Nazareno Mota Jucá",http://lattes.cnpq.br/0833133979224938,1983,"Por uma problemática do Mamulengo","REV DE EDUCAÇÃO E CULTURA",,N,,,
"Gisafran Nazareno Mota Jucá",http://lattes.cnpq.br/0833133979224938,1980,"O crescimento do Recife e os entraves à urbanização","REV DE CIÊNCIAS HUMANAS",,N,,,
"Gisafran Nazareno Mota Jucá",http://lattes.cnpq.br/0833133979224938,1980,"Liberalismo e divisão de poderes em Montesquieu","REVISTA DE CIÊNCIAS  HUMANAS",,N,,,