nome,lattes_url,ano_publicacao,titulo_publicacao,periodico,issn,qualis,pontos,area,ano_base
"Henrique Cunha Junior",http://lattes.cnpq.br/3168771550890062,2025,"Pretagonistas de suas Histórias: População Negra do Morro do Cabritos em Natividade-Rj","HISTÓRIA ORAL",2358-1654,A3,,,2017-2020
"Henrique Cunha Junior",http://lattes.cnpq.br/3168771550890062,2025,"Entendendo Qual a História Que Está Por Trás Das  Imagens no Terreiro Axé Ilê Obá","REVISTA DE GEOPOLITICA",2177-3246,A2,,,2017-2020
"Henrique Cunha Junior",http://lattes.cnpq.br/3168771550890062,2025,"AS AFRODESCENDÊNCIAS NA FORMAÇÃO DE PROFESSORES: UMA PROPOSTA PARA UM ENSINO DE GEOGRAFIA AFROREFERÊNCIADO","REVISTA DE GEOPOLITICA",2177-3246,A2,,,2017-2020
"Henrique Cunha Junior",http://lattes.cnpq.br/3168771550890062,2024,"Terreiro de Candomblé no bairro do Jabaquara na cidade de São Paulo - a dificuldade da impressão da marca africana na cidade","CUADERNOS DE EDUCACIÓN Y DESARROLLO",1989-4155,A4,,,2017-2020
"Henrique Cunha Junior",http://lattes.cnpq.br/3168771550890062,2024,"A Ética Ubuntu dos Bairros Negros","INTELLÈCTUS (UERJ. ONLINE)",1676-7640,B1,,,2017-2020
"Henrique Cunha Junior",http://lattes.cnpq.br/3168771550890062,2024,"PAPIRO: A PLANTA AQUÁTICA ORNAMENTAL DO JARDIM DOS FARAÓS E PLANTA DA ECONOMIA EGÍPCIA","REVISTA EDUCAÇÃO GRÁFICA",2179-7374,A3,,,2017-2020
"Henrique Cunha Junior",http://lattes.cnpq.br/3168771550890062,2024,"Caracterização de um novo bairro de população negra","VERBACULA TERRITORIOS CONTEMPERANEOS",2965-6125,N,,,
"Henrique Cunha Junior",http://lattes.cnpq.br/3168771550890062,2024,"Ensino de patrimônio no curso de arquitetura e urbanismo: a feira livre como legado africano em Iguatu-Ce","REVISTA ABPN",2177-2770,A4,,,2017-2020
"Henrique Cunha Junior",http://lattes.cnpq.br/3168771550890062,2024,"A PRODUÇÃO E DIFUSÃO SOCIAL DO PENSAMENTO INTELECTUAL DE JOSEPHAUGUSTEANTÉNORFIRMIN","PRACS: REVISTA ELETRÔNICA DE HUMANIDADES DO CURSO DE CIÊNCIAS SOCIAIS DA UNIFAP",1984-4352,A2,,,2017-2020
"Henrique Cunha Junior",http://lattes.cnpq.br/3168771550890062,2024,"Da construção dos engenhos de cana-de-açúcar à espacialidade negra: geografizando sobre o Crato-CE","REVISTA DE GESTÃO E SECRETARIADO",2178-9010,A4,,,2017-2020
"Henrique Cunha Junior",http://lattes.cnpq.br/3168771550890062,2024,"O COURO E O VAQUEIRO ENQUANTO LEGADO AFRICANO NO CARIRI CEARENSE","REVISTA ABPN",2177-2770,A4,,,2017-2020
"Henrique Cunha Junior",http://lattes.cnpq.br/3168771550890062,2024,"O ensino de geografia e a efetivação da Lei Federal 10.639/03: estudando a complexidade de matriz africana no engenho de cana-de-açúcara complexidade","SALVADOR E SUAS CORES",2966-4322,N,,,
"Henrique Cunha Junior",http://lattes.cnpq.br/3168771550890062,2024,"Bairros Negros: patrimônio cultural material e imaterial da comunidade do Gesso e o ensino de história.","SALVADOR E SUAS CORES",2966-4322,N,,,
"Henrique Cunha Junior",http://lattes.cnpq.br/3168771550890062,2024,"A cozinha afro-brasileira nos cursos de gastronomia do município de Fortaleza (CE): uma breve análise","HTTPS://DOI.ORG/10.70051/MANGT.V4I2.64392",2763-9029,N,,,
"Henrique Cunha Junior",http://lattes.cnpq.br/3168771550890062,2024,"LOTUS: A FLOR SAGRADA DOS JARDINS DO ANTIGO EGITO","REVISTA EDUCAÇÃO GRÁFICA",2179-7374,A3,,,2017-2020
"Henrique Cunha Junior",http://lattes.cnpq.br/3168771550890062,2024,"Barragem Do Banguê: Memoria e História do Município de Assaré No Ceará","REVISTA DE TECNOLOGIA E GESTÃO SUSTENTÁVEL",2764-6769,N,,,
"Henrique Cunha Junior",http://lattes.cnpq.br/3168771550890062,2023,"Análise da formação sócio-histórica do bairro Niterói da cidade de Itaperuna-RJ: o rio Muriaé como demarcador de segregação socioespacial","REVISTA CIENTÍFICA ANAP BRASIL",1984-3240,B3,,,2017-2020
"Henrique Cunha Junior",http://lattes.cnpq.br/3168771550890062,2023,"Reflexão acerca das problemáticas socioambientais da população negra no Vale do Rio Carangola","REVISTA CIENTÍFICA ANAP BRASIL",1984-3240,B3,,,2017-2020
"Henrique Cunha Junior",http://lattes.cnpq.br/3168771550890062,2023,"Análise da formação sócio-histórica do bairro Niterói da cidade de Itaperuna-RJ: o rio Muriaé como demarcador de segregação socioespacial.","SCIENTIFIC JOURNAL ANAP",2965-0364,N,,,
"Henrique Cunha Junior",http://lattes.cnpq.br/3168771550890062,2023,"Reflexão acerca das problemáticas socioambientais da população negra no Vale do Rio Carangola","SCIENTIFIC JOURNAL ANAP",2965-0364,N,,,
"Henrique Cunha Junior",http://lattes.cnpq.br/3168771550890062,2023,"BAIRROS NEGROS E CIDADES NEGRAS: CONCEITOS NECESSÁRIOS PARA A INCLUSÃO DAS POPULAÇÕES NEGRAS NAS HISTÓRIAS DA CIDADES BRASILEIRAS","REVISTA CAMPO DA HISTÓRIA",2526-3943,B3,,,2017-2020
"Henrique Cunha Junior",http://lattes.cnpq.br/3168771550890062,2023,"A População Negra no Ordenamento Jurídico Brasileiro _ Uma relação de direito e racismo que se perpetua até hoje","BRAZILIAN JOURNAL OF DEVELOPMENT",2525-8761,C,,,2017-2020
"Henrique Cunha Junior",http://lattes.cnpq.br/3168771550890062,2023,"O Escravismo Criminoso no Brasil","REVISTA ELETRÔNICA ESPAÇO ACADÊMICO (ONLINE)",1519-6186,B3,,,2017-2020
"Henrique Cunha Junior",http://lattes.cnpq.br/3168771550890062,2023,"A (auto)biografia como basedepesquisapara estudos sobre educaçãonobairronegro Rosalina, Fortaleza-CE","REVISTA TRANSMUTARE",2525-6475,B2,,,2017-2020
"Henrique Cunha Junior",http://lattes.cnpq.br/3168771550890062,2023,"Bairro negro e o jogo de Mancala na escola","LAJE",2965-4904,N,,,
"Henrique Cunha Junior",http://lattes.cnpq.br/3168771550890062,2023,"História Sociológica Brasileira e Pan Africanismo","ESFERAS",2446-6190,A4,,,2017-2020
"Henrique Cunha Junior",http://lattes.cnpq.br/3168771550890062,2023,"CRIMINOLOGIA PRETA E A SAÚDE DA POPULAÇÃO NEGRA SOB O FOCO DOS CRIMES DE ÓDIO PELA VIOLÊNCIA RACIAL","CAPTURA CRÍPTICA (ONLINE)",1984-6096,B4,,,2017-2020
"Henrique Cunha Junior",http://lattes.cnpq.br/3168771550890062,2023,"BAIRROS NEGROS: FORMAS DE MORAR, FORMAS DE ALUGAR","CADERNOS DO CEAS",2447-861X,A4,,,2017-2020
"Henrique Cunha Junior",http://lattes.cnpq.br/3168771550890062,2023,"Figo e figueira dos faraós dos jardins do antigo Egito","REVISTA ÁFRICA E AFRICANIDADES",1983-2354,A4,,,2017-2020
"Henrique Cunha Junior",http://lattes.cnpq.br/3168771550890062,2023,"Pan-africanismo e educação: perspectivas para o ensino das africanidades","PERSPECTIVAS EM DIÁLOGO: REVISTA DE EDUCAÇÃO E SOCIEDADE",2358-1840,B1,,,2017-2020
"Henrique Cunha Junior",http://lattes.cnpq.br/3168771550890062,2023,"O ESTUDO DAS AFRICANIDADES COMO INSTRUMENTO DE SISTEMATIZAÇÃO DO ENSINO DA HISTÓRIA E CULTURA AFRICANA E AFRODESCENDENTE","REVISTA INTERINSTITUCIONAL ARTES DE EDUCAR",2359-6856,A4,,,2017-2020
"Henrique Cunha Junior",http://lattes.cnpq.br/3168771550890062,2022,"História dos Afrodescendentes: Disciplina do curso de pedagogia da Universidade Federal do Ceará","REVISTA ELETRÔNICA ESPAÇO ACADÊMICO (ONLINE)",1519-6186,B3,,,2017-2020
"Henrique Cunha Junior",http://lattes.cnpq.br/3168771550890062,2022,"O terreiro e o lugar dentro dos terreiros:A docência e o reconhecimento desse Patrimônio Cultural","REVISTA ÁFRICA E AFRICANIDADES",1983-2354,A4,,,2017-2020
"Henrique Cunha Junior",http://lattes.cnpq.br/3168771550890062,2022,"Percursos urbanos como método de reconhecimento do patrimônio cultural negro","REVISTA COCAR (ONLINE)",2237-0315,A2,,,2017-2020
"Henrique Cunha Junior",http://lattes.cnpq.br/3168771550890062,2022,"A continuidade da paisagem e da natureza através dos afrodescendentes na cidade de São Paulo -Capital","REVISTA LATINO-AMERICANA DE AMBIENTE CONSTRUÍDO & SUSTENTABILIDADE",2675-7524,C,,,2017-2020
"Henrique Cunha Junior",http://lattes.cnpq.br/3168771550890062,2022,"Art History and society. Black artists and Candomblé Art in the history of Brazilian art and the art curriculum","CONFERENCE PROCEEDINGS CIVAE 2022 4TH INTERDISCIPLINARY AND VIRTUAL CONFERENCE ON ARTS IN EDUCATION",2445-3641,N,,,
"Henrique Cunha Junior",http://lattes.cnpq.br/3168771550890062,2022,"Meeting place and Brotherhood of Black Men, spaces of resistance in São Paulo the case of Axé Ilê Obá in the neighborhood of Jabaquara","ISSN 2764-2216",2764-2216,N,,,
"Henrique Cunha Junior",http://lattes.cnpq.br/3168771550890062,2022,"O Terreiro, o Bairro e a Cidade. O Axé Ilê Obá, o bairro do Jabaquara, e a cidade de São Paulo.","97898990",9789-8990,N,,,
"Henrique Cunha Junior",http://lattes.cnpq.br/3168771550890062,2022,"Terreiro de Candomblé en el barrio de Jabaquara en la ciudad de São Paulo - La dificultad de imprimir la marca africana en la ciudad.","ISSN 2675-7524",2675-7524,C,,,2017-2020
"Henrique Cunha Junior",http://lattes.cnpq.br/3168771550890062,2022,"Terreiro de Candomblé no bairro do Jabaquara na cidade de São Paulo  - A dificuldade da impressão da marca africana na cidade.","REVISTA LATINO-AMERICANA DE AMBIENTE CONSTRUÍDO & SUSTENTABILIDADE",2675-7524,C,,,2017-2020
"Henrique Cunha Junior",http://lattes.cnpq.br/3168771550890062,2022,"Visit the Exhibition of Black Artist and Militant Abidias Nascimento at MASP: an introduction to Afro-Brazilian art and the art of Candomblé","CONFERENCE PROCEEDINGS CIVAE 2022 4TH INTERDISCIPLINARY AND VIRTUAL CONFERENCE ON ARTS IN EDUCATION",2445-3641,N,,,
"Henrique Cunha Junior",http://lattes.cnpq.br/3168771550890062,2022,"POAIA, CICLO EXTRATIVISTA DA ECONOMIA DO VALE DO RIO CARANGOLA","REVISTA MEIO AMBIENTE E SUSTENTABILIDADE",2316-2856,B3,,,2017-2020
"Henrique Cunha Junior",http://lattes.cnpq.br/3168771550890062,2022,"A FESTA DA SANTA CRUZ DA BAIXA RASA: SOCIABILIDADE E AMBIÊNCIA NEGRA NO CRATO-CE","HUMANIDADES & INOVAÇÃO",2358-8322,B2,,,2017-2020
"Henrique Cunha Junior",http://lattes.cnpq.br/3168771550890062,2021,"BAIRROS NEGROS: RUPTURA EPISTÊMICA DO PAN- AFRICANISMO NO BRASIL","EXTRAMUROS - REVISTA DE EXTENSÃO DA UNIVASF",2318-3640,B3,,,2017-2020
"Henrique Cunha Junior",http://lattes.cnpq.br/3168771550890062,2021,"MA'AT EM IMAGENS ICONOGRAFICAS","REVISTA EDUCAÇÃO GRÁFICA",2179-7374,A3,,,2017-2020
"Henrique Cunha Junior",http://lattes.cnpq.br/3168771550890062,2021,"Negras verdades em 20 anos de revista","REVISTA ELETRÔNICA ESPAÇO ACADÊMICO (ONLINE)",1519-6186,B3,,,2017-2020
"Henrique Cunha Junior",http://lattes.cnpq.br/3168771550890062,2021,"O Ensino de Geografia e a Apresentação do Patrimonio Afroarquitetônico no Cariri Cearense","PERSPECTIVA (UFSC) (ONLINE)",2175-795X,A2,,,2017-2020
"Henrique Cunha Junior",http://lattes.cnpq.br/3168771550890062,2021,"MULHERES NEGRAS ATRAVÉS DA HISTÓRIA AFRICANA E BRASILEIRA","REVISTA ÁFRICA E AFRICANIDADES",1983-2354,A4,,,2017-2020
"Henrique Cunha Junior",http://lattes.cnpq.br/3168771550890062,2021,"Resolvendo o problema de como tratar o dia 13 de maio nas escolas","REVISTA ELETRÔNICA ESPAÇO ACADÊMICO (ONLINE)",1519-6186,B3,,,2017-2020
"Henrique Cunha Junior",http://lattes.cnpq.br/3168771550890062,2020,"Há uma verdade unica e absoluta a respeito do conhecimento ?","REVISTA PHILOLOGUS",1413-6457,C,,,2017-2020
"Henrique Cunha Junior",http://lattes.cnpq.br/3168771550890062,2020,"Bairros Negros:  Patrimônio Cultural Negro em Fortaleza-CE","ID ON LINE. REVISTA DE PSICOLOGIA",1981-1179,B3,,,2017-2020
"Henrique Cunha Junior",http://lattes.cnpq.br/3168771550890062,2020,"A população negra na construção do território do Vale do Rio Carangola","REVISTA TRANSFORMAR",2175-8255,C,,,2017-2020
"Henrique Cunha Junior",http://lattes.cnpq.br/3168771550890062,2020,"Se eu fosse ensinar filosofias africanas, eu as ensinaria como a hermenêutica do bem viver","REVISTA ELETRÔNICA ESPAÇO ACADÊMICO (ONLINE)",1519-6186,B3,,,2017-2020
"Henrique Cunha Junior",http://lattes.cnpq.br/3168771550890062,2020,"Bairros negros, a forma urbana das populações negras no Brasil: Disciplina da Pós-Graduação em Arquitetura e Urbanismo","CRÍTICA E SOCIEDADE: REVISTA DE CULTURA POLÍTICA",2237-0579,B1,,,2017-2020
"Henrique Cunha Junior",http://lattes.cnpq.br/3168771550890062,2020,"Bairros negros de Natividade/ RJ : Modelo de Expansão Urbana das Populações Negras no Pós-abolição","REVISTA ABPN",2177-2770,A4,,,2017-2020
"Henrique Cunha Junior",http://lattes.cnpq.br/3168771550890062,2020,"Quintal da Dona Luiza de Souza como parte da inserção da população negra na cidade","REVISTA ABPN",2177-2770,A4,,,2017-2020
"Henrique Cunha Junior",http://lattes.cnpq.br/3168771550890062,2020,"MULHERES NEGRAS ATRAVÉS DA HISTÓRIA AFRICANA E BRASILEIRA","REVISTA ÁFRICA E AFRICANIDADES",1983-2354,A4,,,2017-2020
"Henrique Cunha Junior",http://lattes.cnpq.br/3168771550890062,2020,"URBANISMO AFRICANO: 6000 mil anos construindo cidades (uma introdução ao tema)","TEIAS (RIO DE JANEIRO)",1982-0305,A2,,,2017-2020
"Henrique Cunha Junior",http://lattes.cnpq.br/3168771550890062,2019,"Bairros Negros : A Forma Urbana das Populações Negras no Brasil","REVISTA ABPN",2177-2770,A4,,,2017-2020
"Henrique Cunha Junior",http://lattes.cnpq.br/3168771550890062,2019,"Experiencia Educativa em Comunidade Quilombola Caririense: Pedagogia de Quilombo","DEBATES EM EDUCAÇÃO",2175-6600,A2,,,2017-2020
"Henrique Cunha Junior",http://lattes.cnpq.br/3168771550890062,2019,"Percursos urbanos como forma de pesquisar o patrimônio afrocratense","GEOTEXTOS (ONLINE)",1984-5537,A3,,,2017-2020
"Henrique Cunha Junior",http://lattes.cnpq.br/3168771550890062,2017,"AFROETNOMATEMÁTICA: DA FILOSOFIA AFRICANA AO ENSINO DE MATEMÁTICA PELA ARTE","REVISTA ABPN",2177-2770,A4,,,2017-2020
"Henrique Cunha Junior",http://lattes.cnpq.br/3168771550890062,2015,"Iconografia dos Tabuleiros de IFA","EDUCAÇÃO GRÁFICA (ONLINE)",2179-7374,A3,,,2017-2020
"Henrique Cunha Junior",http://lattes.cnpq.br/3168771550890062,2014,"Criticas ao pensamento das senzalas e da casa grande","REVISTA ESPAÇO ACADÊMICO (UEM)",1519-6186,B3,,,2017-2020
"Henrique Cunha Junior",http://lattes.cnpq.br/3168771550890062,2014,"Trabalhando Elementos de Representação Gráfica da Arte Afro-Islâmica em Sala de Aula","EDUCAÇÃO GRÁFICA (ONLINE)",2179-7374,A3,,,2017-2020
"Henrique Cunha Junior",http://lattes.cnpq.br/3168771550890062,2014,"Mandela líder maior de uma geração do Pan-africanismo Libertário","CIÊNCIA & LUTA DE CLASSES",2358-3444,N,,,
"Henrique Cunha Junior",http://lattes.cnpq.br/3168771550890062,2014,"Cidades Negras - Petrópolis Imperial","REVISTA AMBIVALÊNCIAS",2318-3888,B3,,,2017-2020
"Henrique Cunha Junior",http://lattes.cnpq.br/3168771550890062,2014,"O couro e o vaqueiro enquanto legado africano no Cariri Cearense","REVISTA ABPN",2177-2770,A4,,,2017-2020
"Henrique Cunha Junior",http://lattes.cnpq.br/3168771550890062,2013,"Afrodescendencia e Africanidades: Um dentre os diversos enfoques possiveis sobre a população negra no Brasil","INTERFACES DE SABERES (FAFICA. ONLINE)",1981-6812,N,,,
"Henrique Cunha Junior",http://lattes.cnpq.br/3168771550890062,2013,"Geometria, geiometrização e arte afro islamica","TEIAS (RIO DE JANEIRO. IMPRESSO)",1518-5370,A2,,,2017-2020
"Henrique Cunha Junior",http://lattes.cnpq.br/3168771550890062,2012,"Quilombo: patrimonio cultural histórico e cultural","REVISTA ESPAÇO ACADÊMICO (UEM)",1519-6186,B3,,,2017-2020
"Henrique Cunha Junior",http://lattes.cnpq.br/3168771550890062,2012,"A importancia da lei federal 10.639/03","REVISTA ÁFRICA E AFRICANIDADES",1983-2354,A4,,,2017-2020
"Henrique Cunha Junior",http://lattes.cnpq.br/3168771550890062,2012,"Resgatando a história da etnia negra no Ceará","REVISTA ÁFRICA E AFRICANIDADES",1983-2354,A4,,,2017-2020
"Henrique Cunha Junior",http://lattes.cnpq.br/3168771550890062,2011,"A INSCRIÇÃO DE UM TERRITÓRIO NEGRO URBANO: INTRODUÇÃO A UMA PESQUISA EM CARAPICUÍBA - SP","REVISTA ÁFRICA E AFRICANIDADES",1983-2354,A4,,,2017-2020
"Henrique Cunha Junior",http://lattes.cnpq.br/3168771550890062,2010,"Cotas para a População Negra nas Universidades Brasileiras","UNIVERSIDADE E SOCIEDADE (BRASÍLIA)",1517-1779,A4,,,2017-2020
"Henrique Cunha Junior",http://lattes.cnpq.br/3168771550890062,2010,"Derek Walcott e Omeros: uma discussão sobre a problematica das identidades afro-caribenhas","REVISTA BRASILEIRA DO CARIBE (IMPRESSO)",1518-6784,A4,,,2017-2020
"Henrique Cunha Junior",http://lattes.cnpq.br/3168771550890062,2010,"NTU","REVISTA ESPAÇO ACADÊMICO (UEM)",1519-6186,B3,,,2017-2020
"Henrique Cunha Junior",http://lattes.cnpq.br/3168771550890062,2010,"População Negra no Ceará e Sua Cultura.","REVISTA ÁFRICA E AFRICANIDADES",1983-2354,A4,,,2017-2020
"Henrique Cunha Junior",http://lattes.cnpq.br/3168771550890062,2009,"Candomblé: como abordar esta cultura na escola","REVISTA ESPAÇO ACADÊMICO (UEM)",1519-6186,B3,,,2017-2020
"Henrique Cunha Junior",http://lattes.cnpq.br/3168771550890062,2009,"Quilombos - Geografia Africana - cartografia  étnica e territorios tradicionais - resenha do livro","DEMOCRACIA VIVA",1415-1499,N,,,
"Henrique Cunha Junior",http://lattes.cnpq.br/3168771550890062,2008,"África? Presente!","VIDA E EDUCAÇÃO (FORTALEZA)",1806-0145,N,,,
"Henrique Cunha Junior",http://lattes.cnpq.br/3168771550890062,2008,"Racismo antinegro, um problema estrutural e ideológico das relações sociais brasileiras","POLÍTICA DEMOCRÁTICA (BRASÍLIA)",1518-7446,N,,,
"Henrique Cunha Junior",http://lattes.cnpq.br/3168771550890062,2008,"Abolição Inacabada e a Educação dos Afrodescendentes","REVISTA ELETRÔNICA ESPAÇO ACADÊMICO",1519-6186,B3,,,2017-2020
"Henrique Cunha Junior",http://lattes.cnpq.br/3168771550890062,2008,"Metodologia Afrodescendente em Pesquisa","ETHNOS BRASIL",1676-2843,N,,,
"Henrique Cunha Junior",http://lattes.cnpq.br/3168771550890062,2008,"A prática pedagógica do movimento negro.","ETHNOS BRASIL",1676-2843,N,,,
"Henrique Cunha Junior",http://lattes.cnpq.br/3168771550890062,2007,"Os Negros Não Se Deixaram Escravizar: Temas para as aulas de história dos Afrodescendentes","REVISTA ELETRÔNICA ESPAÇO ACADÊMICO",1519-6186,B3,,,2017-2020
"Henrique Cunha Junior",http://lattes.cnpq.br/3168771550890062,2007,"O Etiope: Uma escrita africana","EDUCAÇÃO GRÁFICA (BAURU)",1414-3895,A3,,,2017-2020
"Henrique Cunha Junior",http://lattes.cnpq.br/3168771550890062,2005,"Formação de Pesquisadores (as) negros ( as), uma necessidade democratica.","DEMOCRACIA VIVA",1415-1499,N,,,
"Henrique Cunha Junior",http://lattes.cnpq.br/3168771550890062,2005,"Movimento Negro apos a Conferencia Nacional da Promoção da Igualdade Racial","REVISTA ESPAÇO ACADÊMICO",1519-7446,N,,,
"Henrique Cunha Junior",http://lattes.cnpq.br/3168771550890062,2005,"Novos Caminhos para os Movimentos Negros","POLÍTICA DEMOCRÁTICA (BRASÍLIA)",1518-7446,N,,,
"Henrique Cunha Junior",http://lattes.cnpq.br/3168771550890062,2005,"História e Cultura Africana e os Elementos para uma Organização Curricular","TEMAS EM EDUCAÇÃO",0104-2777,A4,,,2017-2020
"Henrique Cunha Junior",http://lattes.cnpq.br/3168771550890062,2004,"Afroetnomatematica, África e Afrodescendência","TEMAS EM EDUCAÇÃO",0104-2777,A4,,,2017-2020
"Henrique Cunha Junior",http://lattes.cnpq.br/3168771550890062,2003,"Ver vendo, versando sem verso, escrevendoe se inscrevendo no HIP HOP","REVISTA ELETRÔNICA ESPAÇO ACADÊMICO",1519-6186,B3,,,2017-2020
"Henrique Cunha Junior",http://lattes.cnpq.br/3168771550890062,2003,"A Formação de Pesquisadores Negros no Brasil - Plano 500","REVISTA ELETRÔNICA ESPAÇO ACADÊMICO",1519-6186,B3,,,2017-2020
"Henrique Cunha Junior",http://lattes.cnpq.br/3168771550890062,2003,"Lugar dos Negros na Educação na Transição do século XIX ao XX","EDUCAÇÃO EM DEBATE (CESA/UFC)",0102-1117,B1,,,2017-2020
"Henrique Cunha Junior",http://lattes.cnpq.br/3168771550890062,2003,"Movimento de Consciencia Negra na Década de 1970","EDUCAÇÃO EM DEBATE (CESA/UFC)",0102-1117,B1,,,2017-2020
"Henrique Cunha Junior",http://lattes.cnpq.br/3168771550890062,2003,"A Ausencia de Novidade Economica","REVISTA ELETRÔNICA ESPAÇO ACADÊMICO",1519-6186,B3,,,2017-2020
"Henrique Cunha Junior",http://lattes.cnpq.br/3168771550890062,2002,"Politica de Cotas e Alguns Porquês","REVISTA ELETRÔNICA ESPAÇO ACADÊMICO",1519-6186,B3,,,2017-2020
"Henrique Cunha Junior",http://lattes.cnpq.br/3168771550890062,2002,"África - Brasil no Pensamento Escolar","KAWE PESQUISA",,N,,,
"Henrique Cunha Junior",http://lattes.cnpq.br/3168771550890062,2001,"Africanidade, Afrodescendencia e Educação","EDUCAÇÃO EM DEBATE (UFC)",0102-1117,B1,,,2017-2020
"Henrique Cunha Junior",http://lattes.cnpq.br/3168771550890062,2000,"Praticando Valores Culturais Afrodescendentes na Realidade Educacional Sergipana.","EDUCAÇÃO EM DEBATE",,N,,,
"Henrique Cunha Junior",http://lattes.cnpq.br/3168771550890062,1999,"Pesquisas Educacionais em Temas de Interesse dos Afrodescendentes","SERIE PENSAMENTO NEGRO EM EDUCAÇÃO",,N,,,
"Henrique Cunha Junior",http://lattes.cnpq.br/3168771550890062,1999,"Uma Retrospectiva dos Sistemas de Controle de Trafego.","CIÊNCIA & ENGENHARIA",0103-944X,B4,,,2017-2020
"Henrique Cunha Junior",http://lattes.cnpq.br/3168771550890062,1999,"A Historia Africana na Formação de Educadores","CADERNOS DE APOIO AO ENSINO (UEM)",1415-6849,N,,,
"Henrique Cunha Junior",http://lattes.cnpq.br/3168771550890062,1998,"Afrodescendencia, Pluriculturalismo e Educação","PATIO REVISTA PEDAGOGICA",,N,,,
"Henrique Cunha Junior",http://lattes.cnpq.br/3168771550890062,1997,"Relações Étnicas e Educação: reflexões sobre o negro no Ceará","CADERNOS DE PÓS-GRADUAÇÃO",,N,,,
"Henrique Cunha Junior",http://lattes.cnpq.br/3168771550890062,1997,"Relações Étnicas e Educação: reflexões sobre o negro no Ceará","CADERNOS DE PÓS-GRADUAÇÃO",,N,,,
"Henrique Cunha Junior",http://lattes.cnpq.br/3168771550890062,1984,"Modele echantillonne de boucle a verrouillage de phase","INTERNATIONAL JOURNAL OF MODELLING AND SIMULATION",0228-6203,A4,,,2020