nome,lattes_url,ano_publicacao,titulo_publicacao,periodico,issn,qualis,pontos,area,ano_base
"Herminio Borges Neto",http://lattes.cnpq.br/6933091154844634,2025,"Desenho didático para o ensino a distância, do conceito de medida no ambiente Moodle","REVISTA SERGIPANA DE MATEMÁTICA E EDUCAÇÃO MATEMÁTICA",2525-5444,A4,,,2017-2020
"Herminio Borges Neto",http://lattes.cnpq.br/6933091154844634,2025,"Contribuições do Polígono Fedathi na prática docente fedathiana em contexto Comodale","SENSOS-E REVISTA MULTIMÉDIA DE INVESTIGAÇÃO EM EDUCAÇÃO",2183-1432,B1,,,2017-2020
"Herminio Borges Neto",http://lattes.cnpq.br/6933091154844634,2024,"Sequência Fedathi e a investigação em um truque de baralho","REVISTA CEARENSE DE EDUCAÇÃO MATEMÁTICA",2764-8311,N,,,
"Herminio Borges Neto",http://lattes.cnpq.br/6933091154844634,2024,"Grau de dificuldade de itens em um teste para 9º ano do ensino fundamental","HORIZONTES",2317-109X,A2,,,2017-2020
"Herminio Borges Neto",http://lattes.cnpq.br/6933091154844634,2024,"Sequência fedathi em um contexto olímpico","REVISTA CEARENSE DE EDUCAÇÃO MATEMÁTICA",2764-8311,N,,,
"Herminio Borges Neto",http://lattes.cnpq.br/6933091154844634,2024,"Reflexões sobre a Sala de Aula Ampliada e o Comodale: Polígono Fedathi em Ação","EAD EM FOCO",2177-8310,A2,,,2017-2020
"Herminio Borges Neto",http://lattes.cnpq.br/6933091154844634,2024,"GeoGebra en dispositivos móviles en la enseñanza y la aprendizaje de la Geometría en la Educación Básica: una revisión sistemática de la literatura","UNIÓN (SAN CRISTOBAL DE LA LAGUNA)",1815-0640,A3,,,2017-2020
"Herminio Borges Neto",http://lattes.cnpq.br/6933091154844634,2023,"Convergência entre a Metodologia de Ensino Sequência Fedathi com os Objetivos Educacionais do Domínio Cognitivo da Taxonomia de Bloom","CONTRIBUCIONES A LAS CIENCIAS SOCIALES",1988-7833,A4,,,2017-2020
"Herminio Borges Neto",http://lattes.cnpq.br/6933091154844634,2023,"A Sequência Fedathi no ensino de Geometria para o Ensino Fundamental: relato de experiência em uma escola periférica de Caucaia-CE-Brasil","EDUCAÇÃO MATEMÁTICA EM REVISTA",2317-904X,A2,,,2017-2020
"Herminio Borges Neto",http://lattes.cnpq.br/6933091154844634,2023,"Aprendizagem dos conceitos matemáticos na Teoria APOS e o ensino na Sequência Fedathi: Algumas interseções","REVISTA DE MATEMÁTICA, ENSINO E CULTURA",2675-1909,N,,,
"Herminio Borges Neto",http://lattes.cnpq.br/6933091154844634,2023,"Avaliação formativa no ensino superior: um estudo observacional das universidades públicas e particulares brasileiras","CUADERNOS DE EDUCACIÓN Y DESARROLLO",1989-4155,A4,,,2017-2020
"Herminio Borges Neto",http://lattes.cnpq.br/6933091154844634,2023,"Presencialidade em ambiente on-line","REVISTA IBERO-AMERICANA DE ESTUDOS EM EDUCAÇÃO",1982-5587,A1,,,2017-2020
"Herminio Borges Neto",http://lattes.cnpq.br/6933091154844634,2023,"As variadas concepções de Álgebra no contexto da Educação Matemática","EDUCAÇÃO MATEMÁTICA DEBATE",2526-6136,B1,,,2017-2020
"Herminio Borges Neto",http://lattes.cnpq.br/6933091154844634,2023,"O ensino de Álgebra Linear e de Álgebra Abstrata em trabalhos do Laboratório de Pesquisa Multimeios daUniversidade Federal do Ceará","REVISTA DE INVESTIGAÇÃO E DIVULGAÇÃO EM EDUCAÇÃO MATEMÁTICA",2594-4673,B2,,,2017-2020
"Herminio Borges Neto",http://lattes.cnpq.br/6933091154844634,2023,"Abordagem fedathiana para a promoção do ensino de matemática: tecendo saberes para uso do H5P","REVISTA CEARENSE DE EDUCAÇÃO MATEMÁTICA",2764-8311,N,,,
"Herminio Borges Neto",http://lattes.cnpq.br/6933091154844634,2023,"Aprendizagem Criativa Do Novo Pc Para O Velho","EDUCAÇÃO BÁSICA REVISTA",2447-5971,B1,,,2017-2020
"Herminio Borges Neto",http://lattes.cnpq.br/6933091154844634,2022,"Sequência Fedathi, H5P e Papiro de Rhind para a promoção do ensino de Matemática","BOLETIM CEARENSE DE EDUCAÇÃO E HISTÓRIA DA MATEMÁTICA",2357-8661,B1,,,2017-2020
"Herminio Borges Neto",http://lattes.cnpq.br/6933091154844634,2022,"TRILHA DIDÁTICA PARA O ENSINO DE MATEMÁTICA: UMA PROPOSTA REALIZADA EM CONTEXTO DE ENSINO REMOTO NO MUNÍCIPIO DE CANINDÉ, CE","REVISTA DOCÊNCIA E CIBERCULTURA",2594-9004,B1,,,2017-2020
"Herminio Borges Neto",http://lattes.cnpq.br/6933091154844634,2022,"As relações entre a Sequência Fedathi aplicada no ensino de Matemática e o Pensamento Matemático Avançado","REVISTA CEARENSE DE EDUCAÇÃO MATEMÁTICA",2764-8311,N,,,
"Herminio Borges Neto",http://lattes.cnpq.br/6933091154844634,2022,"Virtual learning environments: EAD and its history","BRAZILIAN JOURNAL OF DEVELOPMENT",2525-8761,C,,,2017-2020
"Herminio Borges Neto",http://lattes.cnpq.br/6933091154844634,2022,"Sequência Fedathi: uma proposta metodológica para o ensino fundamental e médio na Guiné-Bissau","ACTA SCIENTIARUM. EDUCATION (ONLINE)",2178-5201,A2,,,2017-2020
"Herminio Borges Neto",http://lattes.cnpq.br/6933091154844634,2021,"Sequência Fedathi na prática : Mediação docente em uma sessão didática sobre conjuntos no grupo de educação matemática do laboratório multimeios (GEM²)","PROFESSOR DE MATEMÁTICA ONLINE",2319-023X,C,,,2017-2020
"Herminio Borges Neto",http://lattes.cnpq.br/6933091154844634,2021,"Contextualização didática da função exponencial: por que ensinar a interpretar o gráfico da doença COVID-19","REVISTA DOCENTES",2526-4923,B1,,,2017-2020
"Herminio Borges Neto",http://lattes.cnpq.br/6933091154844634,2021,"The application of the Fedathi Sequence in teaching human anatomy: a successful change of attitude","INTERNATIONAL JOURNAL OF DEVELOPMENT RESEARCH",2230-9926,C,,,2017-2020
"Herminio Borges Neto",http://lattes.cnpq.br/6933091154844634,2020,"A theory about the Fedathi Sequence as a teaching methodology","INTERNATIONAL JOURNAL OF DEVELOPMENT RESEARCH",2230-9926,C,,,2017-2020
"Herminio Borges Neto",http://lattes.cnpq.br/6933091154844634,2020,"FORMAÇÃO FEDATHI GENERALIZÁVEL: METODOLOGIA DE FORMAÇÃO DE PROFESSORES","BOLETIM CEARENSE DE EDUCAÇÃO E HISTÓRIA DA MATEMÁTICA",2357-8661,B1,,,2017-2020
"Herminio Borges Neto",http://lattes.cnpq.br/6933091154844634,2020,"SEQUÊNCIA FEDATHI E O PAPIRO DE RHIND: O CASO DO PROBLEMA 79","HTTPS://REVISTAS.UECE.BR/INDEX.PHP/BOCEHM/ARTICLE/VIEW/2906/25506",2447-8504,B1,,,2017-2020
"Herminio Borges Neto",http://lattes.cnpq.br/6933091154844634,2020,"Learning style in a virtual environment: a study with basic education teachers in continuing education","RESEARCH, SOCIETY AND DEVELOPMENT",2525-3409,C,,,2017-2020
"Herminio Borges Neto",http://lattes.cnpq.br/6933091154844634,2020,"SEQUÊNCIA FEDATHI E RAZÃO ÁUREA: UMA PROPOSTA DIDÁTICA","CUADERNOS DE EDUCACIÓN Y DESARROLLO",1989-4155,A4,,,2017-2020
"Herminio Borges Neto",http://lattes.cnpq.br/6933091154844634,2020,"Uso de recursos didáticos em atividades de Modelagem Matemática: uma análise de relatos de experiência","EDUCAÇÃO MATEMÁTICA DEBATE",2526-6136,B1,,,2017-2020
"Herminio Borges Neto",http://lattes.cnpq.br/6933091154844634,2020,"The Didactic Contract from the Perspective of the Theory of Didactical Situations: An Integrative Review","INTERNATIONAL JOURNAL FOR INNOVATION EDUCATION AND RESEARCH",2411-2933,C,,,2017-2020
"Herminio Borges Neto",http://lattes.cnpq.br/6933091154844634,2020,"Análise da postura pedagógica no filme ?O primeiro da classe? sob a perspectiva da metodologia de ensino sequência FEDA-THI","QUADERNS D'ANIMACIÓ I EDUCACIÓ SOCIAL",1698-4404,B2,,,2017-2020
"Herminio Borges Neto",http://lattes.cnpq.br/6933091154844634,2020,"Analysis of the content of the continuous formative teaching path through the proposals of the Fedathi sequence and the reflective teacher","ACTIO: DOCÊNCIA EM CIÊNCIAS",2525-8923,A3,,,2017-2020
"Herminio Borges Neto",http://lattes.cnpq.br/6933091154844634,2019,"ENSAIO TEÓRICO SOBRE O DESIGN INSTRUCIONAL CONTEXTUALIZADO E AS ESTRATÉGIAS DIDÁTICAS NA ELABORAÇÃO DE MATERIAL DIDÁTICO PARA EAD ONLINE","REVISTA EMREDE - REVISTA DE EDUCAÇÃO À DISTÂNCIA",2359-6082,A4,,,2017-2020
"Herminio Borges Neto",http://lattes.cnpq.br/6933091154844634,2019,"Tecnologias digitais de informação e comunicação como suporte ao Estágio em Odontologia","REVISTA DA ABENO",1679-5954,B3,,,2017-2020
"Herminio Borges Neto",http://lattes.cnpq.br/6933091154844634,2019,"A Proposal for Computer use in Mathematics Classes","INTERNATIONAL JOURNAL FOR INNOVATION EDUCATION AND RESEARCH",2411-2933,C,,,2017-2020
"Herminio Borges Neto",http://lattes.cnpq.br/6933091154844634,2019,"A ORIGEM E OS FUNDAMENTOS DA SEQUÊNCIA FEDATHI","BOLETIM CEARENSE DE EDUCAÇÃO E HISTÓRIA DA MATEMÁTICA",2447-8504,B1,,,2017-2020
"Herminio Borges Neto",http://lattes.cnpq.br/6933091154844634,2019,"TeleMeios as a Virtual Environment and their possibilities in Hybrid Education","INTERNATIONAL JOURNAL FOR INNOVATION EDUCATION AND RESEARCH",2411-3123,C,,,2017-2020
"Herminio Borges Neto",http://lattes.cnpq.br/6933091154844634,2019,"Uma aplicação da Sequência Fedathi no ensino de Matemática sob a perspectiva da alfabetização  matemática com alunos do 6o. ano","EDUCAÇÃO MATEMÁTICA EM FOCO (UFPB)",1981-6979,B1,,,2017-2020
"Herminio Borges Neto",http://lattes.cnpq.br/6933091154844634,2019,"A Proposal for Computer use in Mathematics Classes: algebra teaching in college","INTERNATIONAL JOURNAL FOR INNOVATION EDUCATION AND RESEARCH",2411-2933,C,,,2017-2020
"Herminio Borges Neto",http://lattes.cnpq.br/6933091154844634,2018,"O caráter investigativo em uma sala de aula apoiada em Lakatos e a Sequência Fedathi","BOLETIM CEARENSE DE EDUCAÇÃO E HISTÓRIA DA MATEMÁTICA - BOCEHM",2447-8504,B1,,,2017-2020
"Herminio Borges Neto",http://lattes.cnpq.br/6933091154844634,2018,"A Sequência Fedathi na Produção do Material Didático de Matemática: Estudo de Caso do IFCE","REVISTA CONEXÕES - CIÊNCIA E TECNOLOGIA",2176-0144,A2,,,2017-2020
"Herminio Borges Neto",http://lattes.cnpq.br/6933091154844634,2016,"Desenho didático e mediação pedagógica em ambientes virtuais: contribuições à educação a distância","REVISTA EMREDE - REVISTA DE EDUCAÇÃO À DISTÂNCIA",2359-6082,A4,,,2017-2020
"Herminio Borges Neto",http://lattes.cnpq.br/6933091154844634,2015,"Relações entre a Sequência Fedathi e as alavancas meta no ensino de álgebra linear","EM TEIA - REVISTA DE EDUCAÇÃO MATEMÁTICA E TECNOLÓGICA IBEROAMERICANA",2177-9309,B1,,,2017-2020
"Herminio Borges Neto",http://lattes.cnpq.br/6933091154844634,2014,"An Integrated View of Communicational, Educational and Technological Categories Applied to the Content Production for IDTV and Mobile Devices","INTERNATIONAL JOURNAL OF INFORMATION AND COMMUNICATION TECHNOLOGY",1466-6642,A4,,,2017-2020
"Herminio Borges Neto",http://lattes.cnpq.br/6933091154844634,2014,"A educação a distância no Brasil em tempos de contrarreformas: expansão, lógica discursiva e centralidade no Plano Nacional de Educação (2011 ? 2010)","LECTURAS EDUCACIÓN FÍSICA Y DEPORTES",1514-3465,B1,,,2017-2020
"Herminio Borges Neto",http://lattes.cnpq.br/6933091154844634,2013,"Modelagem de conceitos e processos matemáticos por redes de petri coloridas: o caso da integrabilidade de funções reais","BOLEMA (RIO CLARO)",0103-636X,A1,,,2017-2020
"Herminio Borges Neto",http://lattes.cnpq.br/6933091154844634,2013,"TRANSICIÓN INTERNA DEL CÁLCULO: UNA PROPUESTA PARA LA IDENTIFICACIÓN DE ELEMENTOS DE RUPTURA Y DE TRANSICIÓN APOYADA EN LA SECUENCIA FEDATHI","REVISTA PREMISA",1668-2904,N,,,
"Herminio Borges Neto",http://lattes.cnpq.br/6933091154844634,2012,"A existência da sequência de Fibonacci no campo dos inteiros: uma análise de investigaaçãoa apoiada nos pressupostos da Sequência Fedathi","BOLETIM GEPEM",0104-9739,A4,,,2017-2020
"Herminio Borges Neto",http://lattes.cnpq.br/6933091154844634,2011,"Uma aplicaçãoa da Sequência Fedathi no ensino de progressões geométricas e a formação do p´rofessor no IFCE","CONEXÕES : CIÊNCIA E TECNOLOGIA",1982-176X,A2,,,2017-2020
"Herminio Borges Neto",http://lattes.cnpq.br/6933091154844634,2011,"A contribuição de Efrain Fischbein(1920-1998) para a educação matemática e a formação do professor","CONEXÕES : CIÊNCIA E TECNOLOGIA",1982-176X,A2,,,2017-2020
"Herminio Borges Neto",http://lattes.cnpq.br/6933091154844634,2011,"Filosofia da matemática num curso de licenciatura: implicações para a formação do professor","CONEXÕES : CIÊNCIA E TECNOLOGIA",1982-176X,A2,,,2017-2020
"Herminio Borges Neto",http://lattes.cnpq.br/6933091154844634,2011,"Transição interna do Cálculo em uma variável para o cálculo a várias variáveis: uma análise de livros","EDUCAÇÃO MATEMÁTICA PESQUISA (IMPRESSO)",1516-5388,A1,,,2017-2020
"Herminio Borges Neto",http://lattes.cnpq.br/6933091154844634,2011,"Requisitos para Elaboração e Integração de Conteúdos com Recursos da TV Digital Brasileira aplicados em Experiências de Aprendizado","REVISTA RETEC",2236-739X,C,,,2017-2020
"Herminio Borges Neto",http://lattes.cnpq.br/6933091154844634,2011,"Requisitos para Elaboração e Integração de Conteúdos com  Recursos da TV Digital Brasileira aplicados em Experiências de  Aprendizado","RETEC - REVISTA DE EXATAS E TECNOLOGIAS",2236-739X,C,,,2017-2020
"Herminio Borges Neto",http://lattes.cnpq.br/6933091154844634,2010,"O matemático, o licenciado em matemática e o pedagogo: três concepções diferentes na abordagem matemática","REMATEC. REVISTA DE MATEMÁTICA, ENSINO E CULTURA (UFRN)",1980-3141,A4,,,2017-2020
"Herminio Borges Neto",http://lattes.cnpq.br/6933091154844634,2010,"Educação, desenvolvimento e inclusão digital: reflexões teórico-metodológicas para uma avaliação dos Centros Rurais de Inclusão Dgital (CRID)","REVISTA AVALIAÇÃO DE POLÍTICAS PÚBLICAS",1984-3100,B3,,,2017-2020
"Herminio Borges Neto",http://lattes.cnpq.br/6933091154844634,2010,"O uso da intuição ao longo da Sequência Fedathi: uma aplicação no ensino médio","CONEXÕES : CIÊNCIA E TECNOLOGIA",1982-176X,A2,,,2017-2020
"Herminio Borges Neto",http://lattes.cnpq.br/6933091154844634,2009,"Instrumentação tecnológica e realimentação no processo de avaliação para o ensino de matemática na universidade: um método baseado na Engenharia Didática","BOLEMA. BOLETIM DE EDUCAÇÃO MATEMÁTICA (UNESP. RIO CLARO. IMPRESSO)",0103-636X,A1,,,2017-2020
"Herminio Borges Neto",http://lattes.cnpq.br/6933091154844634,2009,"O que é inclusão digital?","LINHAS CRÍTICAS (UNB)",1516-4896,A2,,,2017-2020
"Herminio Borges Neto",http://lattes.cnpq.br/6933091154844634,2009,"A intuição na Sequência Fedathi:uma aplicação no ensino médio","CONEXÕES : CIÊNCIA E TECNOLOGIA",1982-176X,A2,,,2017-2020
"Herminio Borges Neto",http://lattes.cnpq.br/6933091154844634,2008,"Uma sequência de ensino para a aquisição do conceito de derivadas parciais, direcionais e teoremas correlatos no Cálculo em várias variáveis","CONEXÕES : CIÊNCIA E TECNOLOGIA",1982-176X,A2,,,2017-2020
"Herminio Borges Neto",http://lattes.cnpq.br/6933091154844634,2007,"Exclusão digital e ensino","VIDA E EDUCAÇÃO (FORTALEZA)",1806-0145,N,,,
"Herminio Borges Neto",http://lattes.cnpq.br/6933091154844634,2007,"As tecnologias digitais no desenvolvimento do raciocínio lógico","LINHAS CRÍTICAS (UNB)",1516-4896,A2,,,2017-2020
"Herminio Borges Neto",http://lattes.cnpq.br/6933091154844634,2001,"The computer science and the pedagogic currents in nursing","REV RENE",1517-3852,B1,,,2017-2020
"Herminio Borges Neto",http://lattes.cnpq.br/6933091154844634,2001,"Tele-Ambiente: Desenvolvimento e aplicação de ferramentas cooperativas, adaptativas e interativas aplicadas ao ensino à distânica","REVISTA BRASILEIRA DE INFORMÁTICA NA EDUCAÇÃO",1414-5685,A4,,,2017-2020
"Herminio Borges Neto",http://lattes.cnpq.br/6933091154844634,1999,"Considerações acerca do uso do computador no ensino de matemática nos cursos de pedagogia","RIE REVISTA DE INFORMATICA EDUCATIVA",0121-277X,N,,,
"Herminio Borges Neto",http://lattes.cnpq.br/6933091154844634,1999,"Uma classificação sobre a utilização do computador pela escola, aceito para pu-blicação na Revista da Educação","EDUCAÇÃO EM DEBATE (CESA/UFC)",0102-1117,B1,,,2017-2020
"Herminio Borges Neto",http://lattes.cnpq.br/6933091154844634,1995,"Desenvolvimento do Raciocínio Lógico Matemático","CADERNOS DA PÓS GRADUAÇÃO",,N,,,
"Herminio Borges Neto",http://lattes.cnpq.br/6933091154844634,1995,"De como os pastores ensinaram a operar","REVISTA DA FACULDADE DE PSICOLOGIA DE AVEIRO",,N,,,
"Herminio Borges Neto",http://lattes.cnpq.br/6933091154844634,1995,"Raciocínio lógico-formal e aprendizagem em Cálculo Diferencial e Integral I: O caso da UFC","TEMAS E DEBATES",,N,,,
"Herminio Borges Neto",http://lattes.cnpq.br/6933091154844634,1983,"Absolutely elliptic fields of genus two and their normal forms","MATHEMATISCH ANNALEN",,N,,,
"Herminio Borges Neto",http://lattes.cnpq.br/6933091154844634,1982,"An invariant of certain fields of genus two","BOLETIM DA SBM",,N,,,
"Herminio Borges Neto",http://lattes.cnpq.br/6933091154844634,1980,"Corpos de fórmula produto: o caso dos corpos de funcoes","SEMINARIO DE ARITMETICA",,N,,,
"Herminio Borges Neto",http://lattes.cnpq.br/6933091154844634,1980,"Invariantes para corpos de gênero dois","SEMINARIO DE ARITMETICA",,N,,,