nome,lattes_url,ano_publicacao,titulo_publicacao,periodico,issn,qualis,pontos,area,ano_base
"Hildemar Luiz Rech",http://lattes.cnpq.br/3048573722374977,2024,"Ultraliberalismo no Brasil: um balanço crítico","REVISTA DIALECTUS",2317-2010,A4,,,2017-2020
"Hildemar Luiz Rech",http://lattes.cnpq.br/3048573722374977,2022,"Escolas cívico-militares: estratégia política para ocultar a negligência com a educação pública no Estado brasileiro","EDUCAÇÃO (PUCRS. IMPRESSO)",0101-465X,A1,,,2017-2020
"Hildemar Luiz Rech",http://lattes.cnpq.br/3048573722374977,2022,"A FORMAÃ?Ã?O POLÃ?TICA COMO TOTALIDADE NOS MOVIMENTOS SOCIAIS POPULARES: A EXPERIÃ?NCIA DO TERRITÃ?RIO SERRINHA","REVISTA DIALECTUS",2317-2010,A4,,,2017-2020
"Hildemar Luiz Rech",http://lattes.cnpq.br/3048573722374977,2021,"MAL - ESTAR NA EDUCAÇÃO: O TRIUNFO DO DISCURSO DO MESTRE  SEGUNDO LACAN","REVISTA DIALECTUS",2317-2010,A4,,,2017-2020
"Hildemar Luiz Rech",http://lattes.cnpq.br/3048573722374977,2021,"LEITURA SOBRE DIFERENTES DIMENSÕES DA VIOLÊNCIA E DA LEI E REFLEXÕES SOBRE POLÍTICA E EDUCAÇÃO, COM BASE EM SLAVOJ ZIZEK","REVISTA DIALECTUS",2317-2010,A4,,,2017-2020
"Hildemar Luiz Rech",http://lattes.cnpq.br/3048573722374977,2021,"A ESTETIZAÇÃO DA POLÍTICA E A PERSONALIDADE AUTORITÁRIA: REFLEXÕES A PARTIR DE WALTER BENJAMIN E THEODOR ADORNO","CADERNOS WALTER BENJAMIN",2175-1293,B2,,,2017-2020
"Hildemar Luiz Rech",http://lattes.cnpq.br/3048573722374977,2021,"O CONCEITO DE ESCLARECIMENTO E O EDUCAR EMANCIPATÓRIO EM THEODOR ADORNO","KÍNESIS (MARÍLIA)",1984-8900,A3,,,2017-2020
"Hildemar Luiz Rech",http://lattes.cnpq.br/3048573722374977,2021,"Materialismo dialético, luta de classes e insights filosóficos sobre a educação a partir de Slavoj -i-ek","EDUCAÇÃO E FILOSOFIA (UFU. IMPRESSO)",0102-6801,A2,,,2017-2020
"Hildemar Luiz Rech",http://lattes.cnpq.br/3048573722374977,2020,"Zizek e Benjamin: Inteirações Críticas sobre a Violência","CADERNOS WALTER BENJAMIN",2175-1293,B2,,,2017-2020
"Hildemar Luiz Rech",http://lattes.cnpq.br/3048573722374977,2020,"-O saber é e será produzido para ser vendido-","REVISTA EDUCAÇÃO EM QUESTÃO (ONLINE)",1981-1802,A1,,,2017-2020
"Hildemar Luiz Rech",http://lattes.cnpq.br/3048573722374977,2017,"Zizek com lacan em: kant sem Sade. Liberdade como Reapropriação do Gozo","TRANS/FORM/AÇÃO (UNESP. MARÍLIA. IMPRESSO)",0101-3173,A1,,,2017-2020
"Hildemar Luiz Rech",http://lattes.cnpq.br/3048573722374977,2016,"REFLEXÕES SOBRE LEI E INCONSCIENTE, PODER E FORÇA-VIOLÊNCIA E CONEXÕES COM O ATO POLÍTICO-PEDAGÓGICO DE EMANCIPAÇÃO, COM BASE EM SLAVOJ ZIZEK","REVISTA DIALECTUS",2317-2010,A4,,,2017-2020
"Hildemar Luiz Rech",http://lattes.cnpq.br/3048573722374977,2016,"DESEMPREGO ESTRUTURAL NO CONTEXTO DO CAPITALISMO GLOBAL E O ATO POLÍTICO-EDUCACIONAL, SEGUNDO SLAVOJ ZIZEK.","REVISTA DIALECTUS",2317-2010,A4,,,2017-2020
"Hildemar Luiz Rech",http://lattes.cnpq.br/3048573722374977,2016,"INSIGHTS MARXIANO-LACANIANOS E RETHELIANO-KANTIANOS NA LEITURA DAS FORMAS DO FETICHISMO DA MERCADORIA, DA IDEOLOGIA E DA EDUCAÇÃO, COM BASE EM SLAVOJ ZIZEK","REVISTA DIALECTUS",2317-2010,A4,,,2017-2020
"Hildemar Luiz Rech",http://lattes.cnpq.br/3048573722374977,2014,"Violência, Poder, Lei e Justiça, segundo Walter Benjamin, Jacques Derrida e Slavoj Zizek e conexões com  a Educação","CADERNOS WALTER BENJAMIN",2175-1293,B2,,,2017-2020
"Hildemar Luiz Rech",http://lattes.cnpq.br/3048573722374977,2014,"Ato Educativo, Subjetividade, Fetichismo da Mercadoria-Imagem e os Discursos de Dominação na Contemporaneidade","INTERFACES CRÍTICAS",2316-1086,N,,,
"Hildemar Luiz Rech",http://lattes.cnpq.br/3048573722374977,2014,"Pós-fordismo, trabalho imaterial, pós-política, classes antagônicas e ato educativo","REVISTA DIALECTUS",2317-2010,A4,,,2017-2020
"Hildemar Luiz Rech",http://lattes.cnpq.br/3048573722374977,2012,"Slavoj Zizek: Sujeito, saber científico e do inconsciente e ato educativo","REVISTA DIALECTUS",2317-2010,A4,,,2017-2020
"Hildemar Luiz Rech",http://lattes.cnpq.br/3048573722374977,2011,"O não-idêntico sob a coerção do idêntico e a incongruência entre o conceito e a realidade na dialética negativa de Theodor Adorno","EDUCAÇÃO EM DEBATE (UFC)",0102-1117,B1,,,2017-2020
"Hildemar Luiz Rech",http://lattes.cnpq.br/3048573722374977,2010,"Apontamentos sobre os conceitos de práxis, indústria cultural, ideologia e educação em Theodor Adorno","EDUCAÇÃO EM DEBATE (UFC)",0102-1117,B1,,,2017-2020
"Hildemar Luiz Rech",http://lattes.cnpq.br/3048573722374977,2010,"A relação trabalho e educação no capitalismo cognitivo: uma abordagem biopolítica da educação profissional","SIMPÓSIO INTERNACIONAL IHU",2175-6864,N,,,
"Hildemar Luiz Rech",http://lattes.cnpq.br/3048573722374977,2009,"O conceito de práxis e a crítica marxiana da ideologia em Theodor Adorno.","EDUCAÇÃO EM DEBATE (UFC)",0102-1117,B1,,,2017-2020
"Hildemar Luiz Rech",http://lattes.cnpq.br/3048573722374977,2009,"Esperança e pedagogia: breve apresentação de Ernst Bloch, seu pensamento e algumas (re)flexões sobre a educação","REVISTA LABOR",1983-5000,B1,,,2017-2020
"Hildemar Luiz Rech",http://lattes.cnpq.br/3048573722374977,2007,"Registro Sociológico e Tragédia da Cultura em Georg Simmel","EDUCAÇÃO EM DEBATE (UFC)",0102-1117,B1,,,2017-2020
"Hildemar Luiz Rech",http://lattes.cnpq.br/3048573722374977,2006,"A Trajetória do "novo sindicalismo" metalúrgico do ABC paulista, anos 1980","EDUCAÇÃO EM DEBATE (CESA/UFC)",0102-1117,B1,,,2017-2020
"Hildemar Luiz Rech",http://lattes.cnpq.br/3048573722374977,2003,"As lições do sindicalismo europeu e norte-americano nas décadas de 1980 e 1990","EDUCAÇÃO EM DEBATE (UFC)",0102-1117,B1,,,2017-2020
"Hildemar Luiz Rech",http://lattes.cnpq.br/3048573722374977,2002,"Uma Leitura da Teorias da Regulação e Neo-Schumpeteriana","MOMENTO (RIO GRANDE)",0102-2717,A4,,,2017-2020
"Hildemar Luiz Rech",http://lattes.cnpq.br/3048573722374977,2001,"Tendências do sindicalismo na França e na Itália, a partir do final dos anos 1970","MOMENTO (RIO GRANDE)",0102-2717,A4,,,2017-2020
"Hildemar Luiz Rech",http://lattes.cnpq.br/3048573722374977,2000,"Considerações sobre o sistema de negociação coletiva do trabalho na Suécia e na Alemanha nos anos 80 e 90","MOMENTO (RIO GRANDE)",0102-2717,A4,,,2017-2020
"Hildemar Luiz Rech",http://lattes.cnpq.br/3048573722374977,1998,"Considerações sobre o sistema de relações industriais e sobre as tendências do mercado de trabalho na Grã-Bretanha, a partir de 1980","MOMENTO (RIO GRANDE)",0102-2717,A4,,,2017-2020
"Hildemar Luiz Rech",http://lattes.cnpq.br/3048573722374977,1998,"The New Trade Unionism in Brazil","WORKING PAPER SERIES",,N,,,
"Hildemar Luiz Rech",http://lattes.cnpq.br/3048573722374977,1996,"Estudo comparativo da filosofia da ciência e da linguagem","MOMENTO (RIO GRANDE)",0102-2717,A4,,,2017-2020
"Hildemar Luiz Rech",http://lattes.cnpq.br/3048573722374977,1995,"Bismarckismo e Bonapartismo: Considerações sobre Política e Sociedade em Max Weber e Karl Marx","TEMÁTICAS (UNICAMP)",1413-2486,B3,,,2017-2020
"Hildemar Luiz Rech",http://lattes.cnpq.br/3048573722374977,1995,"A acumulação flexível do capital, a fragmentação do mundo do trabalho e a atualidade da 'lei do valor'","BIBLOS (RIO GRANDE)",0102-4388,B3,,,2017-2020
"Hildemar Luiz Rech",http://lattes.cnpq.br/3048573722374977,1995,"A reificação das relações sociais, a acumulação flexível do capital e a centralidade da categoria trabalho","MOMENTO (RIO GRANDE)",0102-2717,A4,,,2017-2020
"Hildemar Luiz Rech",http://lattes.cnpq.br/3048573722374977,1994,"Considerações sobre a história recente do 'novo sindicalismo'brasileiro e gaúcho e sobre suas contradições, impasses e desafios","MOMENTO (RIO GRANDE)",0102-2717,A4,,,2017-2020
"Hildemar Luiz Rech",http://lattes.cnpq.br/3048573722374977,1993,"Um apanhado sintético de alguns paradigmas analíticos sobre o processo de trabalho e a orgnização operário-sindical","MOMENTO (RIO GRANDE)",0102-2717,A4,,,2017-2020
"Hildemar Luiz Rech",http://lattes.cnpq.br/3048573722374977,1992,"O problema da subjetividade e da moral na filosofi marxista e no chamado socialismo real","MOMENTO (RIO GRANDE)",0102-2717,A4,,,2017-2020
"Hildemar Luiz Rech",http://lattes.cnpq.br/3048573722374977,1992,"Elementos de reflexão sobre a formação social e brasileira","BIBLOS (RIO GRANDE)",0102-4388,B3,,,2017-2020