nome,lattes_url,ano_publicacao,titulo_publicacao,periodico,issn,qualis,pontos,area,ano_base
"João Batista de Albuquerque Figueiredo",http://lattes.cnpq.br/5738654153004098,2024,"EDUCAÇÃO AMBIENTAL DIALÓGICA E GIRO DECOLONIAL NA PRÁXIS DO GEAD/UFC","GEOCONEXÕES",2359-6007,A3,,,2017-2020
"João Batista de Albuquerque Figueiredo",http://lattes.cnpq.br/5738654153004098,2023,"Perspectiva Eco-Relacional: contribuições dialógica, crítica, decolonial e intercultural para uma formação libertadora","ENSINO EM PERSPECTIVA",2675-9144,C,,,2017-2020
"João Batista de Albuquerque Figueiredo",http://lattes.cnpq.br/5738654153004098,2023,"A gênese de um espect-a(u)tor eco-relacional reflexões sobre teatro, política e educação","REFLEXÃO E AÇÃO (VERSÃO ELETRÔNICA)",1982-9949,A3,,,2017-2020
"João Batista de Albuquerque Figueiredo",http://lattes.cnpq.br/5738654153004098,2022,"EDUCAÇÃO PARA A HUMANIZAÇÃO NA PERSPECTIVA DA ÉTICA DA ALTERIDADE","CONJECTURA: FILOSOFIA E EDUCAÇÃO (UCS)",2178-4612,A3,,,2017-2020
"João Batista de Albuquerque Figueiredo",http://lattes.cnpq.br/5738654153004098,2021,"A produção da Pesquisa em Educação Ambiental no Nordeste e Pesquisa Dialógica","REVISTA ELETRÔNICA DO MESTRADO EM EDUCAÇÃO AMBIENTAL",1517-1256,A3,,,2017-2020
"João Batista de Albuquerque Figueiredo",http://lattes.cnpq.br/5738654153004098,2021,"A Didática no Ensino Superior: Uma Experiência Dialógica de Estágio em Docência","ENSINO EM PERSPECTIVAS",2675-9144,C,,,2017-2020
"João Batista de Albuquerque Figueiredo",http://lattes.cnpq.br/5738654153004098,2021,"A Didática em Diálogo com a Pedagogia Freireana","ENSINO EM PERSPECTIVAS",2675-9144,C,,,2017-2020
"João Batista de Albuquerque Figueiredo",http://lattes.cnpq.br/5738654153004098,2021,"PAULO FREIRE VIVO: liberdade e educação na pandemia e no ensino de teatro","REVISTA KIRI-KERÊ - PESQUISA EM ENSINO",2526-2688,B2,,,2017-2020
"João Batista de Albuquerque Figueiredo",http://lattes.cnpq.br/5738654153004098,2020,"A Moral e a Ética nas Relações de Poder / Morals and Ethics in Power Relationships","ID ON LINE. REVISTA DE PSICOLOGIA",1981-1179,B3,,,2017-2020
"João Batista de Albuquerque Figueiredo",http://lattes.cnpq.br/5738654153004098,2018,"Em busca de uma atuação para sensibilização em Ecologia Integral","REVISTA ELETRÔNICA ESPAÇO ACADÊMICO (ONLINE)",1519-6186,B3,,,2017-2020
"João Batista de Albuquerque Figueiredo",http://lattes.cnpq.br/5738654153004098,2018,"ESTÉTICA E INTERCULTURA: GRAFITE E TOLERÂNCIA NA UNIVERSIDADE","CADERNOS DE CULTURA E CIÊNCIA (URCA)",1980-5861,C,,,2017-2020
"João Batista de Albuquerque Figueiredo",http://lattes.cnpq.br/5738654153004098,2018,"DEMOCRACIA, POLÍTICAS PÚBLICAS E PRÁTICAS EDUCATIVAS REPRESENTADAS NAS PESQUISAS DE EDUCAÇÃO AMBIENTAL SOBRE FORMAÇÃO DE EDUCADORES/PROFESSORES","PESQUISA EM EDUCAÇÃO AMBIENTAL (ONLINE)",2177-580X,A3,,,2017-2020
"João Batista de Albuquerque Figueiredo",http://lattes.cnpq.br/5738654153004098,2017,"Ser Criança Tremembé: Significações da Infância no Contexto Indígena","REVISTA FSA (FACULDADE SANTO AGOSTINHO)",2317-2983,B2,,,2017-2020
"João Batista de Albuquerque Figueiredo",http://lattes.cnpq.br/5738654153004098,2016,"O papel dos professores/educadores ambientais e seus espaços de formação. Qual é a educação ambiental que nos emancipa?","PESQUISA EM EDUCAÇÃO AMBIENTAL (ONLINE)",2177-580X,A3,,,2017-2020
"João Batista de Albuquerque Figueiredo",http://lattes.cnpq.br/5738654153004098,2015,"DIÁLOGOS NA EDUCAÇÃO INDÍGENA: UM OLHAR SOBRE AS ETNIAS GUARANI-MBYÁ DO PARANÁ E TREMEMBÉ DO CEARÁ.","REVISTA TERCEIRO INCLUÍDO",2237-079X,B3,,,2017-2020
"João Batista de Albuquerque Figueiredo",http://lattes.cnpq.br/5738654153004098,2013,"Torém: identidade étnica na luta política que perpassa o âmbito da educação escolar diferenciada indígena Tremembé","AMERÍNDIA (FORTALEZA. ONLINE)",1980-4806,B3,,,2017-2020
"João Batista de Albuquerque Figueiredo",http://lattes.cnpq.br/5738654153004098,2013,"Formação de educadores ambientais na tessitura de um grupo de pesquisa. Pesquisa em Educação Ambiental.","PESQUISA EM EDUCAÇÃO AMBIENTAL (ONLINE)",2177-580X,A3,,,2017-2020
"João Batista de Albuquerque Figueiredo",http://lattes.cnpq.br/5738654153004098,2012,"Educador(a) Intercultural numa Perspectiva de Formação Ambientalizada e Descolonializante.","REVISTA PEDAGÓGICA (UNOCHAPECÓ. IMPRESSO)",1415-8175,A4,,,2017-2020
"João Batista de Albuquerque Figueiredo",http://lattes.cnpq.br/5738654153004098,2012,"Contributos para a Formação para o Educador(a) Numa Perspectiva Freiriana numa Perspectiva Descolonializante: Um Estudo de Caso.","VISÃO GLOBAL",1516-2982,N,,,
"João Batista de Albuquerque Figueiredo",http://lattes.cnpq.br/5738654153004098,2012,"Espaços Educativos Impulsionadores da Educação Ambiental (2a. ed.)","CADERNOS CEDES (IMPRESSO)",0101-3262,A1,,,2017-2020
"João Batista de Albuquerque Figueiredo",http://lattes.cnpq.br/5738654153004098,2011,"La perspective éco-relationnelle et l?éducation interculturelle dans l?entrelacs d?affections : la décolonisation du savoir","CHEMINS DE FORMATION",1257-9890,N,,,
"João Batista de Albuquerque Figueiredo",http://lattes.cnpq.br/5738654153004098,2010,"Colonialidade e descolonialidade: uma perspectiva eco-relacional","ENTRELUGARES: REVISTA DE SOCIOPOÉTICA E ABORDAGENS AFINS",1984-1787,B4,,,2017-2020
"João Batista de Albuquerque Figueiredo",http://lattes.cnpq.br/5738654153004098,2010,"A educação ambiental popular e educação intercultural no contexto da formação docente","VISÃO GLOBAL",2179-4944,N,,,
"João Batista de Albuquerque Figueiredo",http://lattes.cnpq.br/5738654153004098,2009,"Espaços educativos impulsionadores da Educação Ambiental","CADERNOS DO CEDES (UNICAMP)",0101-3262,A1,,,2017-2020
"João Batista de Albuquerque Figueiredo",http://lattes.cnpq.br/5738654153004098,2009,"Espaços Educativos Impulsionadores da Educação Ambiental","CADERNOS CEDES (IMPRESSO)",0101-3262,A1,,,2017-2020
"João Batista de Albuquerque Figueiredo",http://lattes.cnpq.br/5738654153004098,2008,"Educação ambiental dialógica Freireana e a contextualização da EJA no sertão nordestino","REVISTA DO PROGRAMA ALFABETIZAÇÃO SOLIDÁRIA",1519-9096,N,,,