nome,lattes_url,ano_publicacao,titulo_publicacao,periodico,issn,qualis,pontos,area,ano_base
"Jorge Carvalho Brandao",http://lattes.cnpq.br/2206483361634095,2025,"Modelagem Matemática Maker: uma experiência com a caneta 3D","SENSOS-E REVISTA MULTIMÉDIA DE INVESTIGAÇÃO EM EDUCAÇÃO",2183-1432,B1,,,2017-2020
"Jorge Carvalho Brandao",http://lattes.cnpq.br/2206483361634095,2025,"UM ESTUDO DE CASO ENVOLVENDO O LIMITE FUNDAMENTAL DA TRIGONOMETRIA ADAPTADO PARA DISCENTES COM DEFICIÊNCIA VISUAL","ARACÊ - DIREITOS HUMANOS EM REVISTA",2358-2472,A2,,,2017-2020
"Jorge Carvalho Brandao",http://lattes.cnpq.br/2206483361634095,2025,"SAÚDE MENTAL E DOCÊNCIA NA PANDEMIA: PESQUISA NO BANCO DE TESES DA CAPES","REVISTA INTERAGIR",1809-5771,A2,,,2017-2020
"Jorge Carvalho Brandao",http://lattes.cnpq.br/2206483361634095,2024,"O uso de jogos no ensino de matemática: uma perspectiva piagetiana","CADERNO PEDAGÓGICO (LAJEADO. ONLINE)",1983-0882,A2,,,2017-2020
"Jorge Carvalho Brandao",http://lattes.cnpq.br/2206483361634095,2024,"A Cultura Maker no contexto da Modelagem Matemática: uma revisão sistemática da literatura","ENSINO DA MATEMÁTICA EM DEBATE",2358-4122,A4,,,2017-2020
"Jorge Carvalho Brandao",http://lattes.cnpq.br/2206483361634095,2024,"Vivências e convivências de lesson study","CONTRIBUCIONES A LAS CIENCIAS SOCIALES",1988-7833,A4,,,2017-2020
"Jorge Carvalho Brandao",http://lattes.cnpq.br/2206483361634095,2023,"Cursos de formação de professores a distância: custo ou investimento? Um estudo de caso das possibilidades reais para inclusão de futuros docentes com deficiência visual em um curso de Matemática EAD","OBSERVATORIO DE LA ECONOMÍA LATINOAMERICANA",1696-8352,A4,,,2017-2020
"Jorge Carvalho Brandao",http://lattes.cnpq.br/2206483361634095,2023,"Implicações histórico-sociais das aplicações das equações diferenciais ordinárias em modelagem matemáticas de políticas públicas","CONTRIBUCIONES A LAS CIENCIAS SOCIALES",1988-7833,A4,,,2017-2020
"Jorge Carvalho Brandao",http://lattes.cnpq.br/2206483361634095,2023,"Encontros de si: a produção de conhecimento na pós-graduação sobre a surdez e os modos de se subjetivar","REVISTA COCAR (ONLINE)",2237-0315,A2,,,2017-2020
"Jorge Carvalho Brandao",http://lattes.cnpq.br/2206483361634095,2022,"O sociointeracionismode Vygotsky na aprendizagem das funções quadráticas: um estudo com a mediação do softwaregeogebra.","TANGRAM",2595-0967,A3,,,2017-2020
"Jorge Carvalho Brandao",http://lattes.cnpq.br/2206483361634095,2021,"A MATEMÁTICA E O ALUNO COM DEFICIÊNCIA VISUAL: METODOLOGIAS DE MEDIAÇÃO E A ELABORAÇÃO DE CONCEITOS","INTERFACES CIENTÍFICAS - EDUCAÇÃO",2316-3828,A4,,,2017-2020
"Jorge Carvalho Brandao",http://lattes.cnpq.br/2206483361634095,2020,"Análise dos Parâmetros de Itens de Matemática à luz da Teoria Clássica dos Testes (TCT) e da Teoria de Resposta ao Item (TRI)","PERSPECTIVAS DA EDUCAÇÃO MATEMÁTICA",2359-2842,A2,,,2017-2020
"Jorge Carvalho Brandao",http://lattes.cnpq.br/2206483361634095,2019,"Discentes com Deficiência Visual: Estudo de Caso com Cálculo Diferencial e Integral Adaptado / Students with Visual Disabilities: A Case Study with Adaptive Differential and Integrated Calculation","ID ON LINE. REVISTA DE PSICOLOGIA",1981-1179,B3,,,2017-2020
"Jorge Carvalho Brandao",http://lattes.cnpq.br/2206483361634095,2019,"GEOGEBRA SOFTWARE APPLICATIONS FOR MATH EDUCATION: AN INTEGRATIVE REVIEW","INTERNATIONAL JOURNAL OF DEVELOPMENT RESEARCH",2230-9926,C,,,2017-2020
"Jorge Carvalho Brandao",http://lattes.cnpq.br/2206483361634095,2016,"Novas estratégias e velhos erros: Uma Introdução ao Cálculo para Alunos de Engenharias","ID ON LINE. REVISTA DE PSICOLOGIA",1981-1179,B3,,,2017-2020
"Jorge Carvalho Brandao",http://lattes.cnpq.br/2206483361634095,2014,"Estudo de congruências com discentes cegos: uma abordagem envolvendo a sequência fedathi e o método van hiele","ID ON LINE. REVISTA DE PSICOLOGIA",1981-1179,B3,,,2017-2020
"Jorge Carvalho Brandao",http://lattes.cnpq.br/2206483361634095,2009,"A matemática por trás da Orientação e Mobilidade","BENJAMIN CONSTANT (RIO DE JANEIRO)",1414-6339,B1,,,2017-2020
"Jorge Carvalho Brandao",http://lattes.cnpq.br/2206483361634095,2008,"Desenho geométrico e deficiência visual","BENJAMIN CONSTANT (RIO DE JANEIRO)",1414-6339,B1,,,2017-2020
"Jorge Carvalho Brandao",http://lattes.cnpq.br/2206483361634095,2004,"Geumetria = eu + geometria","BENJAMIN CONSTANT (RIO DE JANEIRO)",1414-6339,B1,,,2017-2020