nome,lattes_url,ano_publicacao,titulo_publicacao,periodico,issn,qualis,pontos,area,ano_base
"Josefa Jackline Rabelo",http://lattes.cnpq.br/8231954289757480,2024,"A retomada das Competências no Curriculo conforme Proposta da BNC-Formação: mais do mesmo?","REVISTA E-CURRICULUM (PUCSP)",1809-3876,A2,,,2017-2020
"Josefa Jackline Rabelo",http://lattes.cnpq.br/8231954289757480,2024,"A bússola e a bicicleta. A OCDE e o Learning Compass 2030: um exame crítico","ROTEIRO 2024",2577-6059,N,,,
"Josefa Jackline Rabelo",http://lattes.cnpq.br/8231954289757480,2023,"Via Campesina, práticas educativas e a construção do internacionalismo","GERMINAL: MARXISMO E EDUCAÇÃO EM DEBATE",2175-5604,A2,,,2017-2020
"Josefa Jackline Rabelo",http://lattes.cnpq.br/8231954289757480,2023,"As políticas de avaliação para as crianças em processo de alfabetização: uma análise crítica à luz da teoria histórico-cultural","IMAGENS DA EDUCAÇÃO",2179-8427,A4,,,2017-2020
"Josefa Jackline Rabelo",http://lattes.cnpq.br/8231954289757480,2023,"A educação escolar na formação do novo trabalhador no contexto da crise estrutural do capital","REVISTA DOCENTES",2526-4923,B1,,,2017-2020
"Josefa Jackline Rabelo",http://lattes.cnpq.br/8231954289757480,2023,"A função social da arte e os desdobramentos na formação estética do ser social","ACTA SCIENTIARUM. EDUCATION (ONLINE)",2178-5201,A2,,,2017-2020
"Josefa Jackline Rabelo",http://lattes.cnpq.br/8231954289757480,2023,"CRISE ESTRUTURAL DO CAPITAL, FORMAÇÃO DOCENTE E PANDEMIA COVID-19","REVISTA CEEINTER",2965-5102,N,,,
"Josefa Jackline Rabelo",http://lattes.cnpq.br/8231954289757480,2022,"O DISCURSO DA SOCIEDADE DO CONHECIMENTOE A (DE) FORMAÇÃO TÉCNICAE PROFISSIONAL DA CLASSE TRABALHADORA: O PRONATEC EM FOCO","REVISTA COCAR (ONLINE)",2237-0315,A2,,,2017-2020
"Josefa Jackline Rabelo",http://lattes.cnpq.br/8231954289757480,2022,"O PRONATEC E OS (DES)CAMINHOS E (DES)CONTINUIDADES DO ENSINO TÉCNICO NO BRASIL","REVISTA ELETRÔNICA ARMA DA CRÍTICA",1984-4735,B1,,,2017-2020
"Josefa Jackline Rabelo",http://lattes.cnpq.br/8231954289757480,2022,"A GÊNESE ONTO-HISTÓRICA DA OPRESSÃO RACIAL E O LUGAR DA EDUCAÇÃO","REVISTA ELETRÔNICA ARMA DA CRÍTICA",1984-4735,B1,,,2017-2020
"Josefa Jackline Rabelo",http://lattes.cnpq.br/8231954289757480,2022,"Pandemia covid-19 e OCPC para os municípios cearenses: uma an~álise crítica  da formação docente","TEAR: REVISTA DE EDUCAÇÃO, CIÊNCIA E TECNOLOGIA",2238-8079,B1,,,2017-2020
"Josefa Jackline Rabelo",http://lattes.cnpq.br/8231954289757480,2022,"A RETOMADA DAS METAS DA EDUCAÇÃO PARA O SÉCULO XXI  NO CONTEXTO DA PANCEMIA  COVID-19: DESAFIOS E ORIENTAÇÕES INTERNACIONAIS PARA O BRASIL","EDUCERE ET EDUCARE (IMPRESSO)",1809-5208,A4,,,2017-2020
"Josefa Jackline Rabelo",http://lattes.cnpq.br/8231954289757480,2022,"Práxis Formativas nas Licenciaturas e na Educação Básica: Experiências em Discussão","ANAIS XXI ENDIPE",9786-5860,N,,,
"Josefa Jackline Rabelo",http://lattes.cnpq.br/8231954289757480,2021,"Gênese e processo histórico do complexo da arte no cotidiano do ser social na Estética de Lukács","EDUCAÇÃO E FILOSOFIA (ONLINE)",1982-596X,A2,,,2017-2020
"Josefa Jackline Rabelo",http://lattes.cnpq.br/8231954289757480,2021,"A ARTE E A PANDEMIA DE COVID-19: O QUE ESTÁ LATENTE NO SER SOCIAL?","REVISTA EDUCAÇÃO EM DEBATE",2526-0847,B1,,,2017-2020
"Josefa Jackline Rabelo",http://lattes.cnpq.br/8231954289757480,2021,"O COMPLEXO DA EDUCAÇÃOE A FORMAÇÃO DO SER SOCIAL","REVISTA ELETRÔNICA ARMA DA CRÍTICA",1984-4735,B1,,,2017-2020
"Josefa Jackline Rabelo",http://lattes.cnpq.br/8231954289757480,2020,"As condições de trabalho do professor universitário substituto na contemporaneidade: explorando a realidade de uma universidade pública","TTPS://ORCID.ORG/0000-0002-4933-631X DOI: HTTPS://DOI.ORG/10.25053/REDUFOR.V5I13.1002",2448-3583,A3,,,2017-2020
"Josefa Jackline Rabelo",http://lattes.cnpq.br/8231954289757480,2020,"Gênese do complexo da arte: um estudo fundamentado na estética lukacsiana","CONJECTURA: FILOSOFIA E EDUCAÇÃO (UCS)",0103-1457,A3,,,2017-2020
"Josefa Jackline Rabelo",http://lattes.cnpq.br/8231954289757480,2020,"REFLEXÕES SOBRE AS CONDIÇÕES DE TRABALHO VIVENCIADAS PELOS DOCENTES NO CONTEXTO DA PANDEMIA DO COVID-19","REVISTA ELETRÔNICA ARMA DA CRÍTICA",1984-4735,B1,,,2017-2020
"Josefa Jackline Rabelo",http://lattes.cnpq.br/8231954289757480,2020,"AS PRÁTICAS PEDAGÓGICAS COM O 'ENSINO REMOTO'DE FORTALEZA NO CONTXTO DA PANDEMIA COVID-19","REVISTA ELETRÔNICA ARMA DA CRÍTICA",1984-4735,B1,,,2017-2020
"Josefa Jackline Rabelo",http://lattes.cnpq.br/8231954289757480,2020,"TRABALHO DOCENTE E O 'ENSINO REMOTO' NO CONTEXTO DA PANDEMIACOVID-19: UM REGISTRO DE EXPERIÊNCIA DE ESTÁGIO SUPERVISIONADO","REVISTA ELETRÔNICA ARMA DA CRÍTICA",1984-4735,B1,,,2017-2020
"Josefa Jackline Rabelo",http://lattes.cnpq.br/8231954289757480,2020,"OS EFEITOS DA PANDEMIA NO PROCESSO DA ALFABETIZAÇÃO DAS CRIANÇAS: ELEMENTOS DE CONTEXTUALIZAÇÃO A PARTIR DA PERSPECTIVA DOCENTE","REVISTA ELETRÔNICA ARMA DA CRÍTICA",1984-4735,B1,,,2017-2020
"Josefa Jackline Rabelo",http://lattes.cnpq.br/8231954289757480,2019,"Apresentação do REVISTA ELETRÔNICA ARMA DA CRÍTICA N.11/MAIO 2019","REVISTA ELETRÔNICA ARMA DA CRÍTICA",1984-4735,B1,,,2017-2020
"Josefa Jackline Rabelo",http://lattes.cnpq.br/8231954289757480,2019,"A Reificação das Relações Sociais: Fragmentação das Subjetividades no Processo de Produção e Reprodução do Capital","GERMINAL: MARXISMO E EDUCAÇÃO EM DEBATE",2175-5604,A2,,,2017-2020
"Josefa Jackline Rabelo",http://lattes.cnpq.br/8231954289757480,2019,"O modelo liberal tecnoburocrático e as recentes reformas educacionais brasileiras: limites da tese reformista na perspectiva marxista","REVISTA BRASILEIRA DE EDUCAÇÃO",1809-449X,A1,,,2017-2020
"Josefa Jackline Rabelo",http://lattes.cnpq.br/8231954289757480,2019,"A ARTE COMO ESTRATÉGIA DE LUTA PARA A EMANCIPAÇÃO HUMANA","REVISTA ELETRÔNICA ARMA DA CRÍTICA",1984-4735,B1,,,2017-2020
"Josefa Jackline Rabelo",http://lattes.cnpq.br/8231954289757480,2018,"A política de Educação para Todos (EPT) no contexto da destrutividade do capital.","EDUCAÇÃO EM FOCO",2317-0093,A4,,,2017-2020
"Josefa Jackline Rabelo",http://lattes.cnpq.br/8231954289757480,2018,"TRABALHO, EDUCAÇÃO E PRÁXIS: RELAÇÕES E DISTINÇÕES ONTOLÓGICAS EM TORNO DO OFÍCIO DE PROFESSOR","REVISTA ELETRÔNICA ARMA DA CRÍTICA",1984-4735,B1,,,2017-2020
"Josefa Jackline Rabelo",http://lattes.cnpq.br/8231954289757480,2018,"OS NOVOS CURRÍCULOS DOS CURSOS DE PEDAGOGIA:INDICADORES E TENDÊNCIAS","CADERNOS DE PESQUISA",2178-2229,A3,,,2017-2020
"Josefa Jackline Rabelo",http://lattes.cnpq.br/8231954289757480,2017,"O ESTATUTO ONTOLÓGICO DO CONHECIMENTO EM LUKÁCS E A CRÍTICA AO IRRACIONALISMO","REVISTA ELETRÔNICA ARMA DA CRÍTICA",1984-4735,B1,,,2017-2020
"Josefa Jackline Rabelo",http://lattes.cnpq.br/8231954289757480,2016,"O PROBLEMA DO MUNDO DO TRABALHO NO ATUAL CONTEXTO DA CRISE ESTRUTURAL DO CAPITAL","CADERNOS DE PESQUISA",2178-2229,A3,,,2017-2020
"Josefa Jackline Rabelo",http://lattes.cnpq.br/8231954289757480,2015,"MOVIMENTO OPERÁRIO: A DESARTICULAÇÃO HISTÓRICA DE SUA ORGANIZAÇÃO DE CLASSE","REVISTA ELETRÔNICA ARMA DA CRÍTICA",1984-4735,B1,,,2017-2020
"Josefa Jackline Rabelo",http://lattes.cnpq.br/8231954289757480,2014,"Alienação da sexualidade, emancipação feminina e emancipação humana","EMANCIPAÇÃO (UEPG. IMPRESSO)",1519-7611,A2,,,2017-2020
"Josefa Jackline Rabelo",http://lattes.cnpq.br/8231954289757480,2012,"Apontamentos sobre a relação ontogenética entre  trabalho e conhecimento","SÉRIE-ESTUDOS (UCDB)",1414-5138,A3,,,2017-2020
"Josefa Jackline Rabelo",http://lattes.cnpq.br/8231954289757480,2012,"ELEMENTOS INTRODUTÓRIOS À PROBLEMÁTICA DA ALIENAÇÃO NOS MANUSCRITOS ECONÔMICO-FILOSÓFICOS de 1844","REVISTA ELETRÔNICA ARMA DA CRÍTICA",1984-4734,N,,,
"Josefa Jackline Rabelo",http://lattes.cnpq.br/8231954289757480,2011,"O PROGRAMA DE EDUCAÇÃO PARA TODOS (EPT) E A POLÍTICA DE FINANCIAMENTO DO ENSINO BÁSICO NO BRASIL","REVISTA ELETRÔNICA ARMA DA CRÍTICA",1984-4735,B1,,,2017-2020
"Josefa Jackline Rabelo",http://lattes.cnpq.br/8231954289757480,2010,"A concepção onto-marxista do ser social:elementos de compreensão","REVISTA ELETRÔNICA ARMA DA CRÍTICA",1984-4735,B1,,,2017-2020
"Josefa Jackline Rabelo",http://lattes.cnpq.br/8231954289757480,2010,"Hora do Passeio! Orientações para uma aula de campo","VIDA E EDUCAÇÃO (FORTALEZA)",1806-0145,N,,,
"Josefa Jackline Rabelo",http://lattes.cnpq.br/8231954289757480,2010,"Construtivismo: uma análise introdutória das duas bases conceituais","REVISTA ELETRÔNICA ARMA DA CRÍTICA",1984-4735,B1,,,2017-2020
"Josefa Jackline Rabelo",http://lattes.cnpq.br/8231954289757480,2009,"Os Paradigmas Educacionais dominantes na agenda dos organismos internacionais: uma análise à luz da crítica marxista","REVISTA ELETRÔNICA ARMA DA CRÍTICA",1984-4735,B1,,,2017-2020
"Josefa Jackline Rabelo",http://lattes.cnpq.br/8231954289757480,2009,"EDUCAÇÃO PARA TODOS E REPRODUÇÃO DO CAPITAL","TRABALHO NECESSÁRIO",1808-799X,A3,,,2017-2020
"Josefa Jackline Rabelo",http://lattes.cnpq.br/8231954289757480,2008,"Marxismo, Educação e Luta de Classes:  registro de uma experiência interinstitucional no Programa de Pós-Graduação em Educação Brasileira da UFC","EDUCAÇÃO EM DEBATE (UFC)",0102-1117,B1,,,2017-2020
"Josefa Jackline Rabelo",http://lattes.cnpq.br/8231954289757480,2006,"Recomendaçoes e advertências do Banco Mundial para a Educação Muncicipal Brasileira: notas críticas..","VIDA E EDUCAÇÃO (FORTALEZA)",1806-0145,N,,,
"Josefa Jackline Rabelo",http://lattes.cnpq.br/8231954289757480,1998,"Retirando o Véu. Um Olhar sobre O Projeto","EDUCAÇÃO EM DEBATE (CESA/UFC)",0102-1117,B1,,,2017-2020