nome,lattes_url,ano_publicacao,titulo_publicacao,periodico,issn,qualis,pontos,area,ano_base
"José Gerardo Vasconcelos",http://lattes.cnpq.br/1590976796851445,2025,"A VIOLÊNCIA CONTRA A PESSOA IDOSA","PERIFERIA (DUQUE DE CAXIAS)",1984-9540,A4,,,2017-2020
"José Gerardo Vasconcelos",http://lattes.cnpq.br/1590976796851445,2025,"EDUCAÇÃO AMBIENTAL E AS PERCEPÇÕES DE DOCENTES DE UMA ESCOLA PÚBLICA MUNICIPAL DO CEARÁ, BRASIL","ARACÊ - DIREITOS HUMANOS EM REVISTA",2358-2472,A2,,,2017-2020
"José Gerardo Vasconcelos",http://lattes.cnpq.br/1590976796851445,2024,"Educação ambiental e BNCC: a abordagem da temática no documento normativo","REVISTA DE GESTÃO E SECRETARIADO",2178-9010,A4,,,2017-2020
"José Gerardo Vasconcelos",http://lattes.cnpq.br/1590976796851445,2024,"QUESTÃO DEGENERO NO ENSINO SUPERIOR","REVISTA FISIO",1678-0817,B2,,,2017-2020
"José Gerardo Vasconcelos",http://lattes.cnpq.br/1590976796851445,2024,"Da campanha -De pé no chão também se aprende a ler- à trajetória profissional da professora Nair Almeida de Oliveira","CADERNOS DE HISTÓRIA DA EDUCAÇÃO (ONLINE)",1982-7806,A2,,,2017-2020
"José Gerardo Vasconcelos",http://lattes.cnpq.br/1590976796851445,2024,"A REVOLTA DAS SAIAS - O ATIVISMO DAS NORMALISTAS FORTALEZENSES EM MAIO DE 1968","REVISTA ELETRÔNICA CIENTÍFICA ENSINO INTERDISCIPLINAR",2447-0783,A3,,,2017-2020
"José Gerardo Vasconcelos",http://lattes.cnpq.br/1590976796851445,2024,"FORMAÇÃO DE PROFISSIONAIS DA EDUCAÇÃO: MEMÓRIA DE MULHERES","DELOS: DESARROLLO LOCAL SOSTENIBLE",1988-5245,B1,,,2017-2020
"José Gerardo Vasconcelos",http://lattes.cnpq.br/1590976796851445,2024,"Sustainable Environmental Educational Policies: Study in an Extractivist Reserve School in a Municipality on the Coast of Ceará-Brazil","RGSA (ANPAD)",1981-982X,A3,,,2017-2020
"José Gerardo Vasconcelos",http://lattes.cnpq.br/1590976796851445,2023,"Desenvolvimento produtivo das primeiras atividades econômicas e a exploração do trabalho escravo entre os séculos XVI - XIX","CONTRIBUCIONES A LAS CIENCIAS SOCIALES",1988-7833,A4,,,2017-2020
"José Gerardo Vasconcelos",http://lattes.cnpq.br/1590976796851445,2023,"Um estudo comparativo sobre os benefÃ­cios da educaÃ§Ã£o a distÃ¢ncia na vida dos egressos","OBSERVATORIO DE LA ECONOMÍA LATINOAMERICANA",1696-8352,A4,,,2017-2020
"José Gerardo Vasconcelos",http://lattes.cnpq.br/1590976796851445,2023,"EDUCAÇÃO COMO INSTRUMENTO DE ASSIMILAÇÃO CULTURAL NA SOCIEDADE GUIANENSE","INTER-AÇÃO (UFG. ONLINE)",1981-8416,A2,,,2017-2020
"José Gerardo Vasconcelos",http://lattes.cnpq.br/1590976796851445,2023,"?ESCOLA SEM PARTIDO? UMA DISTORÇÃO DA FORMAÇÃO HUMANA INCULCADA PELAS CLASSES DOMINANTES","REVISTA EDUCAÇÃO EM DEBATE",2526-0847,B1,,,2017-2020
"José Gerardo Vasconcelos",http://lattes.cnpq.br/1590976796851445,2023,"Relatos de experiências de blended-learning na Universidade Federal do Ceará: contribuições para qualidade de vida de licenciados em matemática","OBSERVATORIO DE LA ECONOMÍA LATINOAMERICANA",1696-8352,A4,,,2017-2020
"José Gerardo Vasconcelos",http://lattes.cnpq.br/1590976796851445,2022,"Saamaka ethnia: culture and education at Commune Tampack French Guiana","INTERFACES DA EDUCAÇÃO",2177-7691,A2,,,2017-2020
"José Gerardo Vasconcelos",http://lattes.cnpq.br/1590976796851445,2022,"CORPO, GÊNERO E VIOLÊNCIA NA EDUCAÇÃO MÉDICA","SCIENTIA (REVISTA DE ENSINO, PESQUISA E EXTENSÃO)",2317-5869,B4,,,2017-2020
"José Gerardo Vasconcelos",http://lattes.cnpq.br/1590976796851445,2022,"BIOGRAPHICAL DISPLAYS OF MANUEL HENRIQUE PEREIRA (BESOURO  CORDÃO DE OURO/BESOURO MANGAGÁ) AND THE ART OF CAPOEIRAGEM  IN SANTO AMARO DA BAHIA, BRAZIL","INTERNATIONAL JOURNAL OF DEVELOPMENT RESEARCH",2230-9926,C,,,2017-2020
"José Gerardo Vasconcelos",http://lattes.cnpq.br/1590976796851445,2022,"BIOGRAPHICAL NARRATIVES OF AN ADDICT: CONFLICTS AND DILEMMAS","INTERNATIONAL JOURNAL OF DEVELOPMENT RESEARCH",2230-9926,C,,,2017-2020
"José Gerardo Vasconcelos",http://lattes.cnpq.br/1590976796851445,2021,"Pesquisa em Educação: aspectos históricos e teórico-metodológicos","EDUCA - REVISTA MULTIDISCIPLINAR EM EDUCAÇÃO",2359-2087,B1,,,2017-2020
"José Gerardo Vasconcelos",http://lattes.cnpq.br/1590976796851445,2021,"Saberes populares, Etnomatemática e o uso de Jogos no ensino de Geometria","RESEARCH, SOCIETY AND DEVELOPMENT",2525-3409,C,,,2017-2020
"José Gerardo Vasconcelos",http://lattes.cnpq.br/1590976796851445,2021,"A performance-based funding da educação básica no Brasil","RESEARCH, SOCIETY AND DEVELOPMENT",2525-3409,C,,,2017-2020
"José Gerardo Vasconcelos",http://lattes.cnpq.br/1590976796851445,2021,"APRENDIZAGENS FORJADAS ENTRE O CÁRCERE E A RUA","ENSINO EM PERSPECTIVAS",2675-9144,C,,,2017-2020
"José Gerardo Vasconcelos",http://lattes.cnpq.br/1590976796851445,2021,"Arte Tembe, iconografia das etnias Saramaca, Boni, N?Djuka e Paramaka-Kourou ? Guiana Francesa e Suriname","REVISTA COCAR (ONLINE)",2237-0315,A2,,,2017-2020
"José Gerardo Vasconcelos",http://lattes.cnpq.br/1590976796851445,2021,"THE EDUCATOR AND THE EDUCACIONAL PRACTIES IN HOSPITAL SPACES: CONCEPTUAL AND CONTEXTUAL EPISTEMOLOGIES","INTERNATIONAL JOURNAL OF DEVELOPMENT RESEARCH",2230-9926,C,,,2017-2020
"José Gerardo Vasconcelos",http://lattes.cnpq.br/1590976796851445,2021,"Experiência museal no distrito de Mazagão VelhoAP: visita","ROTEIRO",2177-6059,A2,,,2017-2020
"José Gerardo Vasconcelos",http://lattes.cnpq.br/1590976796851445,2021,"MEMÓRIA E ORALIDADE, SEMENTES DA EDUCAÇÃO AFRICANA PLANYADAS NA DIÁSPORA","ENSINO EM PERSPECTIVAS",2675-9144,C,,,2017-2020
"José Gerardo Vasconcelos",http://lattes.cnpq.br/1590976796851445,2021,"Storytelling in the Bean Threshing: A Form of Struggle and Resistance for Tradition and Ancestral Memory","INTERNATIONAL JOURNAL OF ADVANCED ENGINEERING RESEARCH AND SCIENCE",2349-6495,C,,,2017-2020
"José Gerardo Vasconcelos",http://lattes.cnpq.br/1590976796851445,2021,"The Pitaguary Ethnicity Sociobiodiversity and SustentainnabilityPractices in Maracanaù, Ceará, Brazil","INTERNATIONAL JOURNAL OF ADVANCED ENGINEERING RESEARCH AND SCIENCE",2349-6495,C,,,2017-2020
"José Gerardo Vasconcelos",http://lattes.cnpq.br/1590976796851445,2021,"Sustainable Cultural Afro Brazilian Practices in the Melancias Quilombola Community in Ocara-Ceará- Brazil","INTERNATIONAL JOURNAL OF ADVANCED ENGINEERING RESEARCH AND SCIENCE",2349-6495,C,,,2017-2020
"José Gerardo Vasconcelos",http://lattes.cnpq.br/1590976796851445,2021,"Saberes tradicionais, sustentabilidade cultural e caracterização de etnovariedades da mandioca: estudo em uma comunidade no interior do Ceará","RESEARCH, SOCIETY AND DEVELOPMENT",2525-3409,C,,,2017-2020
"José Gerardo Vasconcelos",http://lattes.cnpq.br/1590976796851445,2021,"O caso Sady e Ágaba: política, movimento estudantil e violência escolar na Parahyba do Norte (1923)","REVISTA DE HISTÓRIA REGIONAL",1414-0055,A3,,,2017-2020
"José Gerardo Vasconcelos",http://lattes.cnpq.br/1590976796851445,2021,"AS CONTRIBUIÇÕES DO PET NA FORMAÇÃO DE DOCENTES DA FACULDADE  DE EDUCAÇÃO DA UNIVERSIDADE FEDERAL DO CEARÁ","REVISTA ELETRÔNICA CIENTÍFICA ENSINO INTERDISCIPLINAR",2447-0783,A3,,,2017-2020
"José Gerardo Vasconcelos",http://lattes.cnpq.br/1590976796851445,2021,"Una revisión bibliográfica de los movimientos estudiantiles en España, México y Colombia (1968-1971)","HISTORY OF EDUCATION IN LATIN AMERICA - HISTELA",2596-0113,B1,,,2017-2020
"José Gerardo Vasconcelos",http://lattes.cnpq.br/1590976796851445,2020,"EDUCAÇÃO INFORMAL, PRÁTICAS EDUCATIVAS E PROSTITUIÇÃO","REVISTA ELETRÔNICA CIENTÍFICA ENSINO INTERDISCIPLINAR",2447-0783,A3,,,2017-2020
"José Gerardo Vasconcelos",http://lattes.cnpq.br/1590976796851445,2020,"UM OLHAR NOS MOVIMENTOS ESTUDANTIS DO BRASIL, MÉXICO E  COLÔMBIA, ENTRE 1968 E 1971","REVISTA EDUCAÇÃO EM DEBATE",2526-0847,B1,,,2017-2020
"José Gerardo Vasconcelos",http://lattes.cnpq.br/1590976796851445,2020,"ANA MARIA EUGÊNIO DA SILVA: UMA QUILOMBOLA QUE VENCEU O CÂNCER ESCREVENDO E DANÇANDO COM SÃO GONÇALO","REVISTA BRASILEIRA DE PESQUISA (AUTO)BIOGRÁFICA",2525-426X,A4,,,2017-2020
"José Gerardo Vasconcelos",http://lattes.cnpq.br/1590976796851445,2020,"Conexões entre rua e universidade: I Curso de Formação de Professores em determinado grupo de capoeira.","REVISTA EDUCAÇÃO & FORMAÇÃO",2448-3583,A3,,,2017-2020
"José Gerardo Vasconcelos",http://lattes.cnpq.br/1590976796851445,2020,"Educação escolar como espaço de disputa cultural na Guiana Francesa","REVISTA COCAR (ONLINE)",2237-0315,A2,,,2017-2020
"José Gerardo Vasconcelos",http://lattes.cnpq.br/1590976796851445,2020,"ESCOLA DE TEMPO INTEGRAL: UMA EXPERIÊNCIA DE PROTAGONISMO JUVENIL","INTERFACES CIENTÍFICAS - EDUCAÇÃO",2316-3828,A4,,,2017-2020
"José Gerardo Vasconcelos",http://lattes.cnpq.br/1590976796851445,2020,"O MOVIMENTO ESTUDANTIL NA UFC: histórias da década de 1960 e no contexto da ruptura institucional de 2016","REVISTA PEDAGÓGICA (CHAPECÓ. ONLINE)",1984-1566,A4,,,2017-2020
"José Gerardo Vasconcelos",http://lattes.cnpq.br/1590976796851445,2020,"O PROUNI como política pública de acesso à educação superior e de inclusão social","BRAZILIAN JOURNAL OF DEVELOPMENT",2525-8761,C,,,2017-2020
"José Gerardo Vasconcelos",http://lattes.cnpq.br/1590976796851445,2020,"A cor da escravidão e do racismo no Quilombo Sítio Veiga em Quixadá-Ceará, Brasil","BRAZILIAN JOURNAL OF DEVELOPMENT",2525-8761,C,,,2017-2020
"José Gerardo Vasconcelos",http://lattes.cnpq.br/1590976796851445,2020,"NILDES ALENCAR: TO BE A PROFESSOR IN TIMES OF MILITARY REGIM","INTERNATIONAL JOURNAL OF DEVELOPMENT RESEARCH",2230-9926,C,,,2017-2020
"José Gerardo Vasconcelos",http://lattes.cnpq.br/1590976796851445,2020,"ORGANIZAÇÃO COLETIVA E SEMENTES CRIOULAS: UMA FORMA DE RESISTÊNCIA  PELA IDENTIDADE  SOCIOCULTURAL QUILOMBOLA NA COMUNIDADE SÍTIO VEIGA EM QUIXADÁ-CE","REVISTA BRASILEIRA DE EDUCAÇÃO DO CAMPO",2525-4863,A4,,,2017-2020
"José Gerardo Vasconcelos",http://lattes.cnpq.br/1590976796851445,2020,"Memória: abordagem teórico-conceitual","PRÁTICAS EDUCATIVAS, MEMÓRIAS E ORALIDADES - REV. PEMO",2675-519X,A3,,,2017-2020
"José Gerardo Vasconcelos",http://lattes.cnpq.br/1590976796851445,2020,"'ESTAMOS EM CASA': NARRATIVAS DO COTIDIANO REMOTO DA EDUCAÇÃO INFANTIL EM TEMPO DE PANDEMIA","PRÁTICAS EDUCATIVAS, MEMÓRIA E ORALIDADE",2675-519X,A3,,,2017-2020
"José Gerardo Vasconcelos",http://lattes.cnpq.br/1590976796851445,2020,"PRÁTICAS PEDAGÓGICAS : ARTE/EDUCAÇÃO INFANTIL NA PERSPECTIVA ÉTNICO-RACIAL","REVISTA ABPN",2177-2770,A4,,,2017-2020
"José Gerardo Vasconcelos",http://lattes.cnpq.br/1590976796851445,2020,"INTEGRAÇÃO E EDUCAÇÃO AMBIENTAL ENTRE ESCOLA E COMUNIDADE: EXPERIÊNCIA NO BAIRRO JOÃO XXIII, FORTALEZA, CEARÁ, BRASIL / INTEGRATION AND EDUCATION BETWEEN SCHOOL AND COMMUNITY: JOÃO XXIII NEIGHBORHOOD EXPERIENCE, FORTALEZA, CEARÁ, BRAZIL","BRAZILIAN JOURNAL OF DEVELOPMENT",2525-8761,C,,,2017-2020
"José Gerardo Vasconcelos",http://lattes.cnpq.br/1590976796851445,2020,"SEGURANÇA PÚBLICA, DIREITOS HUMANOS E SISTEMA PENITENCIÁRIO: DILEMAS E TENSÕES","LINKSCIENCEPLACE",2358-8411,B3,,,2017-2020
"José Gerardo Vasconcelos",http://lattes.cnpq.br/1590976796851445,2019,"EDUCAÇÃO DA POPULAÇÃO NEGRA/AFRODESCENDENTE NO CEARÁ E O SISTEMA ESCOLAR NAS PRIMEIRAS DÉCADAS DA REPÚBLICA EM FORTALEZA (1891-1915)","REVISTA ELETRÔNICA CIENTÍFICA ENSINO INTERDISCIPLINAR",2447-0783,A3,,,2017-2020
"José Gerardo Vasconcelos",http://lattes.cnpq.br/1590976796851445,2019,"Percepções de jovens em conflito com a lei privados de liberdade: educação e socialização","ETD: EDUCAÇÃO TEMÁTICA DIGITAL",1676-2592,A1,,,2017-2020
"José Gerardo Vasconcelos",http://lattes.cnpq.br/1590976796851445,2019,"Saberes Populares das Plantas Medicinais e o Ensino de Ciências na Educação de Jovens e Adultos","CADERNOS DE PESQUISA: PENSAMENTO EDUCACIONAL (CURITIBA. ONLINE)",2175-2613,A4,,,2017-2020
"José Gerardo Vasconcelos",http://lattes.cnpq.br/1590976796851445,2019,"Práticas educativas da capoeira no século XX: reflexões a partir de aspectos biográficos de mestres da arte","REVISTA ENTREIDEIAS: EDUCAÇÃO, CULTURA E SOCIEDADE",2317-1219,A3,,,2017-2020
"José Gerardo Vasconcelos",http://lattes.cnpq.br/1590976796851445,2019,"CASA DE SEMENTES PAI XIGANO: UM OLHAR PARA OS SABERES ANCESTRAIS DO CULTIVO DE SEMENTES CRIOULAS NO QUILOMBO SÍTIO VEIGA, QUIXADÁ-CE","REVISTA COCAR (ONLINE)",2237-0315,A2,,,2017-2020
"José Gerardo Vasconcelos",http://lattes.cnpq.br/1590976796851445,2019,"Arte, transformação política e crítica sociorracial: na produção visual de Mirtho Linguet'","REVISTA ABPN",2177-2770,A4,,,2017-2020
"José Gerardo Vasconcelos",http://lattes.cnpq.br/1590976796851445,2019,"EDUCAÇÃO AMBIENTAL E RESÍDUOS SÓLIDOS URBANOS NA EJA DO ENSINO MÉDIO","EDUCAÇÃO AMBIENTAL EM AÇÃO",1678-0701,N,,,
"José Gerardo Vasconcelos",http://lattes.cnpq.br/1590976796851445,2019,"LEVEL OF KNOWLEDGE OF ELDERLY PEOPLE ABOUT DRUG PRESCRIPTION; STUDY IN A BASIC OF A MUNICIPALITY IN THE STATE OF CEARÁ, BRAZIL","INTERNATIONAL JOURNAL OF DEVELOPMENT RESEARCH",2230-9926,C,,,2017-2020
"José Gerardo Vasconcelos",http://lattes.cnpq.br/1590976796851445,2018,"EDUCAÇÃO E LIBERDADE EM ROUSSEAU","REVISTA EDUCAÇÃO & FORMAÇÃO",2448-3583,A3,,,2017-2020
"José Gerardo Vasconcelos",http://lattes.cnpq.br/1590976796851445,2018,"Reflexões sobre a formação e a práxis dos professores de história da escola de ensino médio Governador Adauto Bezerra","EDUCAÇÃO ON-LINE (PUCRJ)",1809-3760,A4,,,2017-2020
"José Gerardo Vasconcelos",http://lattes.cnpq.br/1590976796851445,2018,"BIOGRAFIA E EDUCAÇÃO: ASPECTOS HISTÓRICO-TEÓRICO-METODOLÓGICOS","REVISTA BRASILEIRA DE PESQUISA (AUTO)BIOGRÁFICA",2525-426X,A4,,,2017-2020
"José Gerardo Vasconcelos",http://lattes.cnpq.br/1590976796851445,2018,"INTERDISCIPLINARIDADE E OUTROS NÍVEIS DE CONHECIMENTO: DESAFIOS CONTEMPORÂNEOS ÀS PRÁTICAS EDUCATIVAS","REVISTA POLÊMICA",1676-0727,B1,,,2017-2020
"José Gerardo Vasconcelos",http://lattes.cnpq.br/1590976796851445,2018,"POVO KANINDÉ DE ARATUBA-CE: HISTÓRIA, AFIRMAÇÃO ÉTNICO-CULTURAL E EDUCAÇÃO","REVISTA COCAR (ONLINE)",2237-0315,A2,,,2017-2020
"José Gerardo Vasconcelos",http://lattes.cnpq.br/1590976796851445,2018,"O PROTAGONISMO QUILOMBOLA NA COMUNIDADE BOQUEIRÃO DA ARARA, CEARÁ","CADERNOS DE PESQUISA",2178-2229,A3,,,2017-2020
"José Gerardo Vasconcelos",http://lattes.cnpq.br/1590976796851445,2018,"A SEXUALIDADE NO CURRÍCULO AFRO-BRASILEIRO","REVISTA DO PROGRAMA DE PÓS-GRADUAÇÃO EM RELAÇÕES ÉTNICAS E CONTEMPORANEIDADE",2525-4715,B1,,,2017-2020
"José Gerardo Vasconcelos",http://lattes.cnpq.br/1590976796851445,2017,"Quilombo Boqueirão da Arara, Caucaia, Ceará: Histórias, memórias e saberes tradicionais","REVISTA ELETRÔNICA DO MESTRADO EM EDUCAÇÃO AMBIENTAL",1517-1256,A3,,,2017-2020
"José Gerardo Vasconcelos",http://lattes.cnpq.br/1590976796851445,2017,"CAPOEIRA COMO EDUCAÇÃO PATRIMONIAL: ESTUDO SOBRE A QUIBUNGO CAPOEIRA EM OCARA , CEARÁ","LINKSCIENCEPLACE",2358-8411,B3,,,2017-2020
"José Gerardo Vasconcelos",http://lattes.cnpq.br/1590976796851445,2017,"EXU: COSMOVISÃO , TRADIÇÃO E RITO NOS CANDOMBLÉS DE NAÇÃO KETU","REVISTA COCAR (ONLINE)",2237-0315,A2,,,2017-2020
"José Gerardo Vasconcelos",http://lattes.cnpq.br/1590976796851445,2017,"Financiamento da educação e as políticas gerenciais de ajuste fiscal: o Fundef/Fundeb em debate","REVISTA PEDAGÓGICA (UNOCHAPECÓ. IMPRESSO)",1415-8175,A4,,,2017-2020
"José Gerardo Vasconcelos",http://lattes.cnpq.br/1590976796851445,2015,"DA EDUCAÇÃO INFANTIL AO ENSINO FUNDAMENTAL: UM ESTUDO DE CASO DE DUAS ESCOLAS DE FORTALEZA","REVISTA ELETRÔNICA CIENTÍFICA ENSINO INTERDISCIPLINAR",2447-0783,A3,,,2017-2020
"José Gerardo Vasconcelos",http://lattes.cnpq.br/1590976796851445,2011,"IDENTIDADE E DIFERENÇA NA CIDADE DO GRAFITE","EDUCAÇÃO EM DEBATE (UFC)",0102-1117,B1,,,2017-2020
"José Gerardo Vasconcelos",http://lattes.cnpq.br/1590976796851445,2011,"A CONCEPÇÃO DE PUNIÇÃO ADOTADA PELO ESTADO: CRÍTICA FOUCAULTIANA","EDUCAÇÃO EM DEBATE (UFC)",0102-1117,B1,,,2017-2020
"José Gerardo Vasconcelos",http://lattes.cnpq.br/1590976796851445,2010,"DESAPARECIDOS POLÍTICOS PÓS-1964","EDUCAÇÃO EM DEBATE (UFC)",0102-1117,B1,,,2017-2020
"José Gerardo Vasconcelos",http://lattes.cnpq.br/1590976796851445,2010,"O SILÊNCIO DAS ÁGUAS: MEMÓRIA DOS PESCADORES E A EDUCAÇÃO RIBEIRINHA","EDUCAÇÃO EM DEBATE (UFC)",0102-1117,B1,,,2017-2020
"José Gerardo Vasconcelos",http://lattes.cnpq.br/1590976796851445,2009,"EDUCAÇÃO E MÚSICA NA CAPOEIRA","EDUCAÇÃO EM DEBATE (UFC)",0102-1117,B1,,,2017-2020
"José Gerardo Vasconcelos",http://lattes.cnpq.br/1590976796851445,2008,"A  DANÇA DO CONCEITO OU O CONCEITO D ADANÇA: EMBRIAGUEZ E DESMESURA NO TERRITÓRIO DO PRAZER","EDUCAÇÃO EM DEBATE (UFC)",0102-1117,B1,,,2017-2020
"José Gerardo Vasconcelos",http://lattes.cnpq.br/1590976796851445,2007,"ETNOCENOLOGIA DE UM CAPOEIRA JUSTICEIRO","EDUCAÇÃO EM DEBATE (UFC)",0102-1117,B1,,,2017-2020
"José Gerardo Vasconcelos",http://lattes.cnpq.br/1590976796851445,2001,"LEOPARDI E NIETZSCHE: UMA REFLEXÃO SOBRE HISTÓRIA, MEMÓRIA E ESQUECIMENTO","IMPULSO: REVISTA DE CIÊNCIAS SOCIAIS E HUMANAS",0103-7676,N,,,
"José Gerardo Vasconcelos",http://lattes.cnpq.br/1590976796851445,2000,"O público, o privado e a educação coletiva das mulheres guerreiras na República de Platão","EDUCAÇÃO (SANTA MARIA. ONLINE)",1984-6444,A2,,,2017-2020
"José Gerardo Vasconcelos",http://lattes.cnpq.br/1590976796851445,2000,"HISTÓRIA, MEMÓRIA E ESQUECIMENTO EM NIETZSCHE E LEOPARDI","EDUCAÇÃO EM DEBATE (CESA/UFC)",0102-1117,B1,,,2017-2020
"José Gerardo Vasconcelos",http://lattes.cnpq.br/1590976796851445,2000,"O MOVIMENTO FEMININO PELA  ANISTIA: TROCA DE EXPERIÊNCIA E AÇÃO PEDAGÓGICA NO INTERIOR DOS MOVIMENTOS SOCIAIS","HUMANIDADES E CIÊNCIAS SOCIAIS (UECE)",1516-974X,N,,,
"José Gerardo Vasconcelos",http://lattes.cnpq.br/1590976796851445,2000,"A EDUCAÇÃO DAS MULHERES NA POLIS E NA FAMÍLIA","CADERNOS DE EDUCAÇÃO",0103-8346,N,,,
"José Gerardo Vasconcelos",http://lattes.cnpq.br/1590976796851445,2000,"OS VASTOS PALÁCIOS DA MEMÓRIA NAS CONFISSÕES DE SANTO AGOSTINHO","CADERNOS DE EDUCAÇÃO",0103-8346,N,,,
"José Gerardo Vasconcelos",http://lattes.cnpq.br/1590976796851445,2000,"O IMPOTENTE DEUS TRABALHO E A PLENIPOTENTE PREGUIÇA HUMANA: A EDUCAÇÃO EM QUESTÃO","CADERNOS DE EDUCAÇÃO",0103-8346,N,,,
"José Gerardo Vasconcelos",http://lattes.cnpq.br/1590976796851445,2000,""HERÓIS" OU "BANDIDOS"? MILITANTES DE ESQUERDA NOS CÁRCERES POLÍTICOS ( 1964 - 1979)","REVISTA DE CIÊNCIAS SOCIAIS (FORTALEZA)",0041-8862,B1,,,2017-2020
"José Gerardo Vasconcelos",http://lattes.cnpq.br/1590976796851445,2000,"NIETZSCHE E SAINT EXUPÉRY: O SUPER HOMEM E O PEQUENO PRÍNCIPE REVELAM-SE NO SONHO E NA EMBRIAGUEZ","EDUCAÇÃO EM DEBATE (CESA/UFC)",0102-1117,B1,,,2017-2020
"José Gerardo Vasconcelos",http://lattes.cnpq.br/1590976796851445,2000,"POLÍTICA E EDUCAÇÃO LIBERTÁRIA:UMA LEITURA DE JEAN-JACQUES ROUSSEAU","EDUCAÇÃO (PORTO ALEGRE)",0101-465X,A1,,,2017-2020
"José Gerardo Vasconcelos",http://lattes.cnpq.br/1590976796851445,1999,"SUBJETIVIDADE E DISCIPLINAMENTO NA EDUCAÇÃO: UMA LEITURA FOUCAULTIANA DO ESPAÇO E DO TEMPO","EDUCAÇÃO EM DEBATE (UFC)",0102-1117,B1,,,2017-2020
"José Gerardo Vasconcelos",http://lattes.cnpq.br/1590976796851445,1999,"ANISTIAS NO BRASIL: MOBILIZAÇÕES, EXPERIÊNCIAS E TROCAS SIMBÓLICAS","EDUCAÇÃO EM DEBATE (UFC)",0102-1117,B1,,,2017-2020
"José Gerardo Vasconcelos",http://lattes.cnpq.br/1590976796851445,1998,"ÉTICA E SEXUALIDADE EM FOUCAULT","CADERNO DE FILOSOFIA E CIÊNCIAS HUMANAS",1415-5052,N,,,
"José Gerardo Vasconcelos",http://lattes.cnpq.br/1590976796851445,1998,"O MILITANTE CLANDESTINO: MEMÓRIA, IDENTIDADE E FAMÍLIA","EDUCAÇÃO EM DEBATE (UFC)",0102-1117,B1,,,2017-2020
"José Gerardo Vasconcelos",http://lattes.cnpq.br/1590976796851445,1998,"SUBJETIVIDADE E DISCIPLINAMENTO NA EDUCAÇÃO: UMA LEITURA FOUCAULTIANA DO ESPAÇO E DO TEMPO","EDUCAÇÃO EM DEBATE (CESA/UFC)",0102-1117,B1,,,2017-2020
"José Gerardo Vasconcelos",http://lattes.cnpq.br/1590976796851445,1998,"MEMÓRIA E IMAGINÁRIO DA ESPERA: O DRAMA DOS FAMILIARES DOS DESAPARECIDOS POLÍTICOS NO BRASIL AUTORITÁRIO ( 1964 A 1979)","CADERNO DE FILOSOFIA E CIÊNCIAS HUMANAS",1415-5052,N,,,
"José Gerardo Vasconcelos",http://lattes.cnpq.br/1590976796851445,1998,"PRESOS POLÍTICOS E PRESOS COMUNS: A IMAGEM DA VIOLÊNCIA POLICIAL E AS REBELIÕES NO BRASIL NO ANO DOS ENCARCERADOS","COLLOQUIUM (UNOESTE)",1413-7313,N,,,
"José Gerardo Vasconcelos",http://lattes.cnpq.br/1590976796851445,1998,"PRESOS POLÍTICOS E PRESOS COMUNS: TROCA DE EXPERIÊNCIA E AAÇÃO PEDAGÓGIC","EDUCAÇÃO (SANTA MARIA. ONLINE)",1984-6444,A2,,,2017-2020
"José Gerardo Vasconcelos",http://lattes.cnpq.br/1590976796851445,1997,"DIFERENTES CONCEPÇÕES DE MEMÓRIA: REFAZENDO OS CAMINHOS NO BRASIL AUTORITÁRIO","EDUCAÇÃO EM DEBATE (CESA/UFC)",0102-1117,B1,,,2017-2020
"José Gerardo Vasconcelos",http://lattes.cnpq.br/1590976796851445,1997,"O ESTIGMA DA BAIXA ESCOLARIDADE, A IGREJA E A EDUCAÇÃO POPULAR","EDUCAÇÃO EM DEBATE (UFC)",0102-1117,B1,,,2017-2020
"José Gerardo Vasconcelos",http://lattes.cnpq.br/1590976796851445,1995,"A PRODUÇÃO DE SABER/PODER E OS PROCESSOS DE DISCIPLINAMENTO NA ESCOLA: REVIVENDO O PENSAMENTO DE MICHEL FOUCAULT","EDUCAÇÃO EM DEBATE (UFC)",0102-1117,B1,,,2017-2020