nome,lattes_url,ano_publicacao,titulo_publicacao,periodico,issn,qualis,pontos,area,ano_base
"José Aires de Castro Filho",http://lattes.cnpq.br/1001172700194924,2024,"Validação da narrativa interativa gamificada (NIG) jornada da Mel para a aprendizagem de matemática financeira","REVISTA CONEXÕES - CIÊNCIA E TECNOLOGIA",2176-0144,A2,,,2017-2020
"José Aires de Castro Filho",http://lattes.cnpq.br/1001172700194924,2024,"CICLO INVESTIGATIVO PPDAC: UMA SEQUÊNCIA DE ENSINO PARA DESENVOLVER ELEMENTOS DO LETRAMENTO ESTATÍSTICO NOS ANOS INICIAIS","PAIDÉI@ (SANTOS)",1982-6109,A4,,,2017-2020
"José Aires de Castro Filho",http://lattes.cnpq.br/1001172700194924,2024,"Gamificação no Ensino de Matemática: análise das contribuições do Recurso Educacional Digital 'Ilhas das Operações' para a aprendizagemGamification in Mathematics Teaching: Contributions of the Digital Educational Resource 'Ilhas das Operações' to LearningGamificación en la Enseñanza de las Matemáticas: Contribuciones del Recurso Educativo Digital 'Ilhas das Operações","REVISTA ENSINO EM DEBATE",2965-6753,N,,,
"José Aires de Castro Filho",http://lattes.cnpq.br/1001172700194924,2024,"Percepção da Efetividade do Jogo Educativo Móvel Trevo S.A. para Aprendizagem de Combinatória por Professores e Estudantes","JORNAL INTERNACIONAL DE ESTUDOS EM EDUCAÇÃO MATEMÁTICA",2176-5634,A3,,,2017-2020
"José Aires de Castro Filho",http://lattes.cnpq.br/1001172700194924,2024,"Teaching and learning mathematics using digital games in the classroom","REVIEW OF SCIENCE, MATHEMATICS AND ICT EDUCATION",1792-3999,N,,,
"José Aires de Castro Filho",http://lattes.cnpq.br/1001172700194924,2023,"A Cultura Maker como Estratégia de Ensino e Aprendizagem: uma Revisão Sistemática da Literatura","REVISTA DE ENSINO, EDUCAÇÃO E CIÊNCIAS HUMANAS",2447-8733,A3,,,2017-2020
"José Aires de Castro Filho",http://lattes.cnpq.br/1001172700194924,2023,"Tecnologias digitais e a tomada de decisão na contabilidade: a importância das Metodologias Ativas na aprendizagem","RENOTE. REVISTA NOVAS TECNOLOGIAS NA EDUCAÇÃO",1679-1916,A4,,,2017-2020
"José Aires de Castro Filho",http://lattes.cnpq.br/1001172700194924,2023,"A Influência das Avaliações Externas SAEB e SPAECE nas Estratégias Educacionais no Estado do Ceará: uma Análise Sobre a Disciplina de Matemática em Escolas Públicas de Ensino Médio","REVISTA DE ENSINO, EDUCAÇÃO E CIÊNCIAS HUMANAS",2447-8733,A3,,,2017-2020
"José Aires de Castro Filho",http://lattes.cnpq.br/1001172700194924,2023,"Educação midiática e BNCC: uma revisão sistemática sobre seus impactos","TEORIA E PRÁTICA DA EDUCAÇÃO. VOL. 15 N.1 JAN/ABR 2012",2237-8707,A4,,,2017-2020
"José Aires de Castro Filho",http://lattes.cnpq.br/1001172700194924,2023,"Metodologias ativas e o protagonismo discente na produção de mídias digitais no ensino superior","TEAR: REVISTA DE EDUCAÇÃO, CIÊNCIA E TECNOLOGIA",2238-8079,B1,,,2017-2020
"José Aires de Castro Filho",http://lattes.cnpq.br/1001172700194924,2022,"Northeast Mathematical Education Network: professional development and statistical teaching from a critical and equity perspective","REVISTA BRASILEIRA DE ENSINO DE CIÊNCIA E TECNOLOGIA",1982-873X,A2,,,2017-2020
"José Aires de Castro Filho",http://lattes.cnpq.br/1001172700194924,2022,"Supporting mathematics public school teachers? professional development and the teaching of statistics in elementary and middle school: An imperative for teacher education in Brazil","INTERNATIONAL ELECTRONIC JOURNAL OF MATHEMATICS EDUCATION",1306-3030,A1,,,2017-2020
"José Aires de Castro Filho",http://lattes.cnpq.br/1001172700194924,2022,"Os jogos digitais nos processos de ensino e aprendizagem de Matemática: Um foco no ensino médio","RESEARCH, SOCIETY AND DEVELOPMENT",2525-3409,C,,,2017-2020
"José Aires de Castro Filho",http://lattes.cnpq.br/1001172700194924,2022,"Análise dos microdados de matemática do ENEM de 2017-2019 do Nordeste","RESEARCH, SOCIETY AND DEVELOPMENT",2525-3409,C,,,2017-2020
"José Aires de Castro Filho",http://lattes.cnpq.br/1001172700194924,2022,"Potencialidades e dificuldades do uso das tecnologias digitais na prática docente por professores de matemática","RESEARCH, SOCIETY AND DEVELOPMENT",2525-3409,C,,,2017-2020
"José Aires de Castro Filho",http://lattes.cnpq.br/1001172700194924,2022,"Enigmas de Yucatàn: Recurso Educacional Digital para o Ensino de Geometria Espacial","REVISTA BRASILEIRA DE INFORMÁTICA NA EDUCAÇÃO (RBIE)",2317-6121,A4,,,2017-2020
"José Aires de Castro Filho",http://lattes.cnpq.br/1001172700194924,2021,"Recurso Educacional Digital (RED) para os anos iniciais do Ensino Fundamental: aspectos pedagógicos e a Base Nacional Comum Curricular","RENOTE. REVISTA NOVAS TECNOLOGIAS NA EDUCAÇÃO",1679-1916,A4,,,2017-2020
"José Aires de Castro Filho",http://lattes.cnpq.br/1001172700194924,2021,"Indicadores de metodologias ativas com suporte das tecnologias digitais (Indicators of Active Methodologies Supported By Digital Technologies)","REVISTA ELETRÔNICA DE EDUCAÇÃO (SÃO CARLOS)",1982-7199,A2,,,2017-2020
"José Aires de Castro Filho",http://lattes.cnpq.br/1001172700194924,2020,"PROJETO PENSAR, CONECTAR E FAZER: O USO DAS TECNOLOGIAS DIGITAIS PARA A APRENDIZAGEM DA PROPORCIONALIDADE","INTERFACES CIENTÍFICAS - EDUCAÇÃO",2316-3828,A4,,,2017-2020
"José Aires de Castro Filho",http://lattes.cnpq.br/1001172700194924,2020,"Políticas Públicas para as Tecnologias na Educação e a Educação em Computação","REVISTA TECNOLOGIAS NA EDUCAÇÃO",1984-4751,N,,,
"José Aires de Castro Filho",http://lattes.cnpq.br/1001172700194924,2020,"Estágios da gestão pedagógica para o uso das tecnologias digitais","ETD: EDUCAÇÃO TEMÁTICA DIGITAL",1676-2592,A1,,,2017-2020
"José Aires de Castro Filho",http://lattes.cnpq.br/1001172700194924,2020,"SIPEMAT: 12 anos da trajetória e consolidação de um evento em educação matemática","REVISTA DE MATEMÁTICA, ENSINO E CULTURA",2675-1909,N,,,
"José Aires de Castro Filho",http://lattes.cnpq.br/1001172700194924,2020,"As Múltiplas Representações como Estratégia para Explorar as Relações Quaternárias do Campo Multiplicativo em um Recurso Educacional Digital Gamificado","REVISTA TECNOLOGIAS NA EDUCAÇÃO",1984-4751,N,,,
"José Aires de Castro Filho",http://lattes.cnpq.br/1001172700194924,2020,"UMA ANÁLISE DA FERRAMENTA ALICE NO ENSINO DA LÓGICA DE PROGRAMAÇÃO","LEIA ESCOLA",2358-5870,A4,,,2017-2020
"José Aires de Castro Filho",http://lattes.cnpq.br/1001172700194924,2019,"Sequências didáticas e recursos digitais podem potencializar a aprendizagem de conceitos algébricos?","SOUTH AMERICAN JOURNAL OF BASIC EDUCATION, TECHNICAL AND TECHNOLOGICAL",2446-4821,A4,,,2017-2020
"José Aires de Castro Filho",http://lattes.cnpq.br/1001172700194924,2019,"A gamificação como estratégia para explorar a interpretação de dados estatísticos a partir de um Recurso Educacional Digital","REVISTA TECNOLOGIAS NA EDUCAÇÃO",1984-4751,N,,,
"José Aires de Castro Filho",http://lattes.cnpq.br/1001172700194924,2019,"A utilização de Recursos Educacionais Digitais (RED) de Língua Portuguesa no Ensino Fundamental e a formação docente: a inserção de RED em sala de aula","REVISTA TECNOLOGIAS NA EDUCAÇÃO",1984-4751,N,,,
"José Aires de Castro Filho",http://lattes.cnpq.br/1001172700194924,2019,"Qual é o seu pedido?: Processo de desenvolvimento de um Recurso Educacional Digital (RED) sobre o gênero cardápio","REVISTA TECNOLOGIAS NA EDUCAÇÃO",1984-4751,N,,,
"José Aires de Castro Filho",http://lattes.cnpq.br/1001172700194924,2019,"Computação na Educação Básica: Breve Contextualização Histórica","COMPUTAÇÃO BRASIL",2965-9728,N,,,
"José Aires de Castro Filho",http://lattes.cnpq.br/1001172700194924,2018,"OBEDUC: Universidade e Escola Parceiras num Processo Formativo","EM TEIA - REVISTA DE EDUCAÇÃO MATEMÁTICA E TECNOLÓGICA IBEROAMERICANA",2177-9309,B1,,,2017-2020
"José Aires de Castro Filho",http://lattes.cnpq.br/1001172700194924,2018,"Desempenho de Estudantes do 5° ano na construção de Gráficos de Setores: dificuldades e possibilidades pedagógicas","REVISTA DE ENSINO DE CIÊNCIAS E MATEMÁTICA (RENCIMA)",2179-426X,A2,,,2017-2020
"José Aires de Castro Filho",http://lattes.cnpq.br/1001172700194924,2018,"Aprendizagem colaborativa com suporte computacional: o uso de aplicativo colaborativo no Ensino Fundamental","EDUCAÇÃO E CULTURA CONTEMPORÂNEA",2238-1279,A2,,,2017-2020
"José Aires de Castro Filho",http://lattes.cnpq.br/1001172700194924,2018,"O uso de aplicativos educacionais no Ensino Fundamental em tempos de aprendizagem móvel: contribuições para a formação de professores.","REVISTA TECNOLOGIAS NA EDUCAÇÃO",1984-4751,N,,,
"José Aires de Castro Filho",http://lattes.cnpq.br/1001172700194924,2018,"CONHECIMENTOS DE FUTUROS PROFESSORES ACERCA DE FUNÇÕES COM O USO DE TECNOLOGIAS DIGITAIS","COM A PALAVRA, O PROFESSOR",2526-2882,B1,,,2017-2020
"José Aires de Castro Filho",http://lattes.cnpq.br/1001172700194924,2018,"Tecnologias digitais e a aprendizagem: perspectivas para emergência de Zona de Desenvolvimento Proximal","RENOTE. REVISTA NOVAS TECNOLOGIAS NA EDUCAÇÃO",1679-1916,A4,,,2017-2020
"José Aires de Castro Filho",http://lattes.cnpq.br/1001172700194924,2017,"CIBERCONTEÚDOS EDUCATIVOS E SUA CONSTRUÇÃO EM REDE","NUANCES (UNESP PRESIDENTE PRUDENTE)",1413-9855,A3,,,2017-2020
"José Aires de Castro Filho",http://lattes.cnpq.br/1001172700194924,2017,"E Quando Skype, Facebook e Whatsapp São Usados em Formação de Professoras que Ensinam Matemática?","REVISTA TECNOLOGIAS NA EDUCAÇÃO",1984-4751,N,,,
"José Aires de Castro Filho",http://lattes.cnpq.br/1001172700194924,2017,"O campo multiplicativo na formaÃ§Ã£o inicial de professores de MatemÃ¡tica com suporte das tecnologias digitais","EDUCAÇÃO MATEMÁTICA DEBATE",2526-6136,B1,,,2017-2020
"José Aires de Castro Filho",http://lattes.cnpq.br/1001172700194924,2017,"ABORDAGENS PEDAGÓGICAS NA LITERATURA SOBRE A APRENDIZAGEM MÓVEL NO ENSINO FUNDAMENTAL","HOLOS (NATAL. ONLINE)",1807-1600,A1,,,2017-2020
"José Aires de Castro Filho",http://lattes.cnpq.br/1001172700194924,2017,"UMA REVISÃO SISTEMÁTICA DA LITERATURA SOBRE APRENDIZAGEM MÓVEL NO ENSINO FUNDAMENTAL","EDUCERE ET EDUCARE (VERSÃO ELETRÔNICA)",1981-4712,A4,,,2017-2020
"José Aires de Castro Filho",http://lattes.cnpq.br/1001172700194924,2017,"Tecnologia e Aprendizagem de Conceitos Matemáticos","JORNAL INTERNACIONAL DE ESTUDOS EM EDUCAÇÃO MATEMÁTICA",2176-5634,A3,,,2017-2020
"José Aires de Castro Filho",http://lattes.cnpq.br/1001172700194924,2016,"CONTRIBUIÇÕES DO CAMPO CONCEITUAL MULTIPLICATIVO PARA A FORMAÇÃO INICIAL DE PROFESSORES COM SUPORTE DAS TECNOLOGIAS DIGITAI","EDUCAÇÃO MATEMÁTICA PESQUISA (ONLINE)",1983-3156,A1,,,2017-2020
"José Aires de Castro Filho",http://lattes.cnpq.br/1001172700194924,2016,"Formação docente na era da cibercultura","REVISTA TECNOLOGIAS NA EDUCAÇÃO",1984-4751,N,,,
"José Aires de Castro Filho",http://lattes.cnpq.br/1001172700194924,2016,"CRIAR, COLABORAR E APRENDER COM SUPORTE DIGITAL: CAMINHO FAVORÁVEL À PRODUÇÃO DE TEXTOS","REVISTA TECNOLOGIAS NA EDUCAÇÃO",1984-4751,N,,,
"José Aires de Castro Filho",http://lattes.cnpq.br/1001172700194924,2016,"PROCESSO DE CRIAÇÃO DE UM REPOSITÓRIO VIRTUAL ABERTO: IMPORTÂNCIA DA CATALOGAÇÃO DE RECURSOS EDUCACIONAIS DIGITAIS (RED)","REVISTA TECNOLOGIAS NA EDUCAÇÃO",1984-4751,N,,,
"José Aires de Castro Filho",http://lattes.cnpq.br/1001172700194924,2016,"UMA REVISÃO SISTEMÁTICA DA LITERATURA SOBRE APRENDIZAGEM MÓVEL NO ENSINO FUNDAMENTAL","PESQUISEDUCA",2177-1626,A4,,,2017-2020
"José Aires de Castro Filho",http://lattes.cnpq.br/1001172700194924,2016,"Observatório da Educação em rede: as estruturas multiplicativas e a formação continuada","EDUCAÇÃO MATEMÁTICA EM FOCO (UEPB)",1981-6979,B1,,,2017-2020
"José Aires de Castro Filho",http://lattes.cnpq.br/1001172700194924,2015,"Práticas de multiletramentos com laptops educacionais","TEMPOS E ESPAÇOS EM EDUCAÇÃO",2358-1425,A3,,,2017-2020
"José Aires de Castro Filho",http://lattes.cnpq.br/1001172700194924,2015,"Desenvolvimento do Pensamento Estatístico com Suporte Computacional","EDUCAÇÃO MATEMÁTICA PESQUISA (ONLINE)",1983-3156,A1,,,2017-2020
"José Aires de Castro Filho",http://lattes.cnpq.br/1001172700194924,2014,"Formação de Professores que Ensinam Matemática no Contexto da Cibercultura: Estudo em uma Escola UCA","HOLOS (NATAL. ONLINE)",1807-1600,A1,,,2017-2020
"José Aires de Castro Filho",http://lattes.cnpq.br/1001172700194924,2013,"O uso do blog como ferramenta pedagógica: um estudo de caso com professores participantes do Projeto Um Computador por Aluno (UCA)","REVISTA BRASILEIRA DE INFORMÁTICA NA EDUCAÇÃO",1414-5685,A4,,,2017-2020
"José Aires de Castro Filho",http://lattes.cnpq.br/1001172700194924,2012,"Sistema de Análise de Interações Contingentes: Uma Contribuição para Práticas Interativas em Cursos a Distância.","REVISTA E-CURRICULUM (PUCSP)",1809-3876,A2,,,2017-2020
"José Aires de Castro Filho",http://lattes.cnpq.br/1001172700194924,2011,"Applying Model-Driven Development for Building Customizable Learning Objects","IEEE MULTIDISCIPLINARY ENGINEERING EDUCATION MAGAZINE",1558-7908,N,,,
"José Aires de Castro Filho",http://lattes.cnpq.br/1001172700194924,2011,"PLANEJAMENTO E PRÁTICA DE ATIVIDADES COM OBJETOS DE APRENDIZAGEM NOS ANOS INICIAIS","REVISTA E-CURRICULUM (PUCSP)",1809-3876,A2,,,2017-2020
"José Aires de Castro Filho",http://lattes.cnpq.br/1001172700194924,2009,"Linguagens Midiáticas e Comunicação em EaD","EM ABERTO",0104-1037,A2,,,2017-2020
"José Aires de Castro Filho",http://lattes.cnpq.br/1001172700194924,2008,"Atividades de modelagem exploratóoria aplicada ao ensino de física moderna com a utilizaçãoao do objeto de aprendizagem pato quântico","REVISTA BRASILEIRA DE ENSINO DE FÍSICA (ONLINE)",1806-9126,A1,,,2017-2020
"José Aires de Castro Filho",http://lattes.cnpq.br/1001172700194924,2008,"Informática Educativa: Estudo de um Modelo de Implementação","HÍFEN (URUGUAIANA. ONLINE)",1983-6511,N,,,
"José Aires de Castro Filho",http://lattes.cnpq.br/1001172700194924,2008,"Concepção e Validação de um Objeto de Aprendizagem para a Compreensão de Conceitos Termodinâmicos","UNOPAR CIENTÍFICA. CIÊNCIAS HUMANAS E EDUCAÇÃO",1518-3580,B2,,,2017-2020
"José Aires de Castro Filho",http://lattes.cnpq.br/1001172700194924,2008,"Análise de Objetos de Aprendizagem Baseada em Parâmetros Multiculturais e Etnomatemáticos","ANALES DE LA UNIVERSIDADE METROPOLITANA",1856-9811,N,,,
"José Aires de Castro Filho",http://lattes.cnpq.br/1001172700194924,2007,"LOCPN: Redes de Petri Coloridas na Produção de Objetos de Aprendizagem","REVISTA BRASILEIRA DE INFORMÁTICA NA EDUCAÇÃO",1414-5685,A4,,,2017-2020
"José Aires de Castro Filho",http://lattes.cnpq.br/1001172700194924,2006,"STAIRWAYS ARCHITECTURE: a learning object as a tool for developing concepts of similar triangles, ratios, proportions and Thales? theorem.","SCIENTIA (UNISINOS)",0104-1770,C,,,2017-2020
"José Aires de Castro Filho",http://lattes.cnpq.br/1001172700194924,2005,"Understanding rate of change using motion detectors: One teacher's voice, perspective, and growth.","INTERNATIONAL JOURNAL FOR MATEHMATICAL TEACHING AND LEARNING",1473-0111,N,,,
"José Aires de Castro Filho",http://lattes.cnpq.br/1001172700194924,2005,"LISTA DE DISCUSSÃO COMO UMA FERRAMENTA PARA APRENDIZAGEM COLABORATIVA","UNOPAR CIENTÍFICA. CIÊNCIAS HUMANAS E EDUCAÇÃO",1518-3580,B2,,,2017-2020
"José Aires de Castro Filho",http://lattes.cnpq.br/1001172700194924,2005,"UMA METODOLOGIA DE APOIO À SELEÇÃO DE SOFTWARES EDUCATIVOS PARA 
O ENSINO DE MATEMÁTICA","REVISTA LATINOAMERICANA DE TECNOLOGÍA EDUCATIVA",1695-288X,A3,,,2017-2020
"José Aires de Castro Filho",http://lattes.cnpq.br/1001172700194924,2003,"Conhecimento dos professores das séries iniciais sobre problemas de estruturas aditivas.","EDUCAÇÃO EM DEBATE (CESA/UFC)",0102-1117,B1,,,2017-2020
"José Aires de Castro Filho",http://lattes.cnpq.br/1001172700194924,2001,"O Desenvolvimento da Noção de Tempo como Integração da Distância e da Velocidade","PSICOLOGIA: REFLEXÃO E CRÍTICA (UFRGS. IMPRESSO)",0102-7972,A1,,,2017-2020
"José Aires de Castro Filho",http://lattes.cnpq.br/1001172700194924,2000,"Implementation Research as a Means to Link Systemic Reform and Applied Psychology in Mathematics Education","EDUCATIONAL PSYCHOLOGIST",0046-1520,A1,,,2020
"José Aires de Castro Filho",http://lattes.cnpq.br/1001172700194924,1996,"O Computador na Aprendizagem Escolar: Fundamentos Teóricos e Aplicações","REVISTA DE EDUCAÇÃO. AEC",0104-0537,N,,,
"José Aires de Castro Filho",http://lattes.cnpq.br/1001172700194924,1995,"A Porcentagem no Contexto Escolar: Estratégias Utilizadas pelos Alunos","TEMAS EM PSICOLOGIA (RIBEIRÃO PRETO)",1413-389X,A2,,,2017-2020
"José Aires de Castro Filho",http://lattes.cnpq.br/1001172700194924,1994,"O tempo como integração da Distância e da Velocidade","PSICOLOGIA. TEORIA E PESQUISA",0102-3772,A1,,,2017-2020
"José Aires de Castro Filho",http://lattes.cnpq.br/1001172700194924,1993,"Contribuições da Psicologia na Aprendizagem Escolar","REVISTA DE EDUCAÇÃO. AEC",0104-0537,N,,,