nome,lattes_url,ano_publicacao,titulo_publicacao,periodico,issn,qualis,pontos,area,ano_base
"Juscileide Braga de Castro",http://lattes.cnpq.br/2525374702919730,2025,"FORMAÇÃO CONTINUADA DE PROFESSORES DA EDUCAÇÃO INFANTIL BASEADA NA ESPIRAL REPARE: DESENVOLVIMENTO DE SEQUÊNCIAS DE ENSINO INTERDISCIPLINARES COM EQUIDADE","REVISTA DIÁLOGOS EM EDUCAÇÃO MATEMÁTICA",2764-9997,N,,,
"Juscileide Braga de Castro",http://lattes.cnpq.br/2525374702919730,2025,"Editorial","REVISTA DIÁLOGOS EM EDUCAÇÃO MATEMÁTICA",2764-9997,N,,,
"Juscileide Braga de Castro",http://lattes.cnpq.br/2525374702919730,2025,"CONSTITUIÇÃO DE REDE INTERINSTITUCIONAL DE PESQUISA EM EDUCAÇÃO MATEMÁTICA:  formação colaborativa de professores de matemática","REVISTA DOCENTES",2526-4923,B1,,,2017-2020
"Juscileide Braga de Castro",http://lattes.cnpq.br/2525374702919730,2025,"Equidade e Justiça Social para a aprendizagem em Matemática: perspectiva de professoras da Educação Infantil","BOLETIM DE EDUCAÇÃO MATEMÁTICA. BOLEMA",1980-4415,A1,,,2017-2020
"Juscileide Braga de Castro",http://lattes.cnpq.br/2525374702919730,2024,"Matemática financeira e programação: um relato de experiência no contexto do ensino superior","BRAZILIAN ELECTRONIC JOURNAL OF MATHEMATICS",2675-1313,B3,,,2017-2020
"Juscileide Braga de Castro",http://lattes.cnpq.br/2525374702919730,2024,"Ciclo Investigativo PPDAC: uma Sequência de Ensino para desenvolver elementos do Letramento Estatístico nos Anos Iniciais","PAIDEIA",0137-3943,N,,,
"Juscileide Braga de Castro",http://lattes.cnpq.br/2525374702919730,2024,"MATEMÁTICA É PARA TODAS!","REVISTA NOVA PAIDEIA - REVISTA INTERDISCIPLINAR EM EDUCAÇÃO E PESQUISA",2674-5976,B1,,,2017-2020
"Juscileide Braga de Castro",http://lattes.cnpq.br/2525374702919730,2024,"Gamificación en la Enseñanza de las Matemáticas: Contribuciones del Recurso Educativo Digital 'Ilhas das Operações' al Aprendizaje","REVISTA ENSINO EM DEBATE",2965-6753,N,,,
"Juscileide Braga de Castro",http://lattes.cnpq.br/2525374702919730,2024,"Editorial: a Rede de Educação Matemática (REM-Ne) e as articulações entre teorias, formação docente e práticas pedagógicasEditorial: the Mathematics Education Network (REM-Ne) and the connections between theories, teacher training and pedagogical practicesEditorial: la Red de Educación Matemática (REM-Ne) y las conexiones entre teorías, formación docente y prácticas pedagógicas","REVISTA ENSINO EM DEBATE",2965-6753,N,,,
"Juscileide Braga de Castro",http://lattes.cnpq.br/2525374702919730,2024,"Conhecimentos desenvolvidos por professores brasileiros a partir de uma formação colaborativa em Estatística","PERSPECTIVAS DA EDUCAÇÃO MATEMÁTICA",2359-2842,A2,,,2017-2020
"Juscileide Braga de Castro",http://lattes.cnpq.br/2525374702919730,2024,"Decolonizando Tecnologias por meio da Educação Matemática","REVEMOP",2596-0245,B2,,,2017-2020
"Juscileide Braga de Castro",http://lattes.cnpq.br/2525374702919730,2024,"O Recurso Educacional Digital Divertix como artefato para o desenvolvimento do letramento estatístico","TANGRAM - REVISTA DE EDUCAÇÃO MATEMÁTICA",2595-0967,A3,,,2017-2020
"Juscileide Braga de Castro",http://lattes.cnpq.br/2525374702919730,2023,"Educação Estatística no Ciclo de Alfabetização: uma revisão sistemática sobre pesquisas realizadas antes e após a implementação da BNCC","REVISTA ESPAÇO DO CURRÍCULO",1983-1579,A3,,,2017-2020
"Juscileide Braga de Castro",http://lattes.cnpq.br/2525374702919730,2023,"O ensino da física no contexto da prática esportiva de futebol: o efeito Magnus como um estudo de caso","A FÍSICA NA ESCOLA (ONLINE)",1983-6430,A3,,,2017-2020
"Juscileide Braga de Castro",http://lattes.cnpq.br/2525374702919730,2023,"TECNOLOGIAS DIGITAIS PARA O DESENVOLVIMENTO DO LETRAMENTO ESTATÍSTICO: PANORAMA DE PESQUISAS BRASILEIRAS DO PERÍODO ENTRE 2017 E 2022","REVISTA PARANAENSE DE EDUCAÇÃO MATEMÁTICA",2238-5800,A3,,,2017-2020
"Juscileide Braga de Castro",http://lattes.cnpq.br/2525374702919730,2023,"Educação midiática e BNCC: uma revisão sistemática sobre seus impactos","TEORIA E PRÁTICA DA EDUCAÇÃO. VOL. 15 N.1 JAN/ABR 2012",2237-8707,A4,,,2017-2020
"Juscileide Braga de Castro",http://lattes.cnpq.br/2525374702919730,2023,"Livro Interativo de Geometria: um Recurso Educacional Digital para o Ensino de Matemática","ENSINO DE CIÊNCIAS E TECNOLOGIA EM REVISTA",2237-4450,A4,,,2017-2020
"Juscileide Braga de Castro",http://lattes.cnpq.br/2525374702919730,2023,"Recursos Educacionais Digitais para o Ensino de Estatística no Ensino Fundamental","ENSINO DE CIÊNCIAS E TECNOLOGIA EM REVISTA",2237-4450,A4,,,2017-2020
"Juscileide Braga de Castro",http://lattes.cnpq.br/2525374702919730,2023,"Criação de um Repositório Utilizando o Google Drive: um relato de experiência no contexto do ensino remoto","SOUTH AMERICAN JOURNAL OF BASIC EDUCATION, TECHNICAL AND TECHNOLOGICAL",2446-4821,A4,,,2017-2020
"Juscileide Braga de Castro",http://lattes.cnpq.br/2525374702919730,2022,"Robótica Educacional: estratégias para além da pandemia da COVID-19","REVISTA DE ENSINO DE CIÊNCIAS E MATEMÁTICA (RENCIMA)",2179-426X,A2,,,2017-2020
"Juscileide Braga de Castro",http://lattes.cnpq.br/2525374702919730,2022,"Estatística na formação inicial em pedagogia: a vivência do ciclo investigativo","REVEMAT",1981-1322,A3,,,2017-2020
"Juscileide Braga de Castro",http://lattes.cnpq.br/2525374702919730,2022,"Equidade e Educação Matemática: experiências e reflexões","COM A PALAVRA, O PROFESSOR",2526-2882,B1,,,2017-2020
"Juscileide Braga de Castro",http://lattes.cnpq.br/2525374702919730,2022,"Concepciones de Docentes de Escuela Primaria sobre Estructuras Multiplicativas a partir del Desarrollo de Situaciones Problema","PARADIGMA (MARACAY)",1011-2251,A1,,,2017-2020
"Juscileide Braga de Castro",http://lattes.cnpq.br/2525374702919730,2022,"Supporting mathematics public school teachers? professional development and the teaching of statistics in elementary and middle school: An imperative for teacher education in Brazil","INTERNATIONAL ELECTRONIC JOURNAL OF MATHEMATICS EDUCATION",1306-3030,A1,,,2017-2020
"Juscileide Braga de Castro",http://lattes.cnpq.br/2525374702919730,2022,"O uso da RobÃ³tica no Ensino e na Aprendizagem da MatemÃ¡tica: uma RevisÃ£o SistemÃ¡tica de Literatura","REVISTA INSIGNARE SCIENTIA - RIS",2595--452,N,,,
"Juscileide Braga de Castro",http://lattes.cnpq.br/2525374702919730,2022,"ANÁLISE DO DESEMPENHO, ESTRATÉGIAS E REPRESENTAÇÕES ENVOLVENDO MÉDIA ARITMÉTICA POR ESTUDANTES DO 5º ANO DO ENSINO FUNDAMENTAL","EDUCAÇÃO MATEMÁTICA EM REVISTA-RS",1518-8221,B2,,,2017-2020
"Juscileide Braga de Castro",http://lattes.cnpq.br/2525374702919730,2022,"RACIOCÍNIO COMBINATÓRIO NO ENSINO MÉDIO POR MEIO DE OBJETO DE APRENDIZAGEM","REVISTA PRÁTICA DOCENTE",2526-2149,B1,,,2017-2020
"Juscileide Braga de Castro",http://lattes.cnpq.br/2525374702919730,2021,"A UTILIZAÇÃO DA GAMIFICAÇÃO ALIADA ÀS TECNOLOGIAS DIGITAIS NO ENSINO DA MATEMÁTICA: UM PANORAMA DE PESQUISAS BRASILEIRAS","REVISTA PRÁTICA DOCENTE",2526-2149,B1,,,2017-2020
"Juscileide Braga de Castro",http://lattes.cnpq.br/2525374702919730,2021,"O uso da placa Arduino no estudo de Movimento Circular: Uma proposta de intervenção para a Física no Ensino Médio","REVISTA CIENTÍFICA MULTIDISCIPLINAR NÚCLEO DO CONHECIMENTO",2448-0959,B1,,,2017-2020
"Juscileide Braga de Castro",http://lattes.cnpq.br/2525374702919730,2021,"Reflexões e concepções de uma professora em relação à estatística, a partir de uma formação baseada no ensino remoto","BOLETIM CEARENSE DE EDUCAÇÃO E HISTÓRIA DA MATEMÁTICA",2357-8661,B1,,,2017-2020
"Juscileide Braga de Castro",http://lattes.cnpq.br/2525374702919730,2021,"Uma Breve Discussão sobre a presença da Estatística no Currículo do Ensino Fundamental","REVISTA ESPAÇO DO CURRÍCULO",1983-1579,A3,,,2017-2020
"Juscileide Braga de Castro",http://lattes.cnpq.br/2525374702919730,2021,"Estatística nos anos iniciais do Ensino Fundamental: as experiências de duas professoras após um processo de formação colaborativa","REVISTA DE ENSINO DE CIÊNCIAS E MATEMÁTICA (RENCIMA)",2179-426X,A2,,,2017-2020
"Juscileide Braga de Castro",http://lattes.cnpq.br/2525374702919730,2021,"A utilização de recursos educacionais digitais e o ensino do campo aditivo: uma revisão sistemática da literatura","RESEARCH, SOCIETY AND DEVELOPMENT",2525-3409,C,,,2017-2020
"Juscileide Braga de Castro",http://lattes.cnpq.br/2525374702919730,2021,"TRILHAS DE APRENDIZAGEM NA DIDÁTICA: UM RELATO DE EXPERIÊNCIA NO ENSINO REMOTO EMERGENCIAL","CENAS EDUCACIONAIS",2595--488,N,,,
"Juscileide Braga de Castro",http://lattes.cnpq.br/2525374702919730,2021,"O(s) KITS EDUCACIONAIS DE ROBÓTICA PARA O ENSINO DE MATEMÁTICA","ENSINO DE CIÊNCIAS E TECNOLOGIA EM REVISTA",2237-4450,A4,,,2017-2020
"Juscileide Braga de Castro",http://lattes.cnpq.br/2525374702919730,2021,"Prototipação de puzzles geométricos para o Ensino Médio: desafios e contribuições do ensino remoto emergencial","REVISTA ELETRÔNICA DE EDUCAÇÃO (SÃO CARLOS)",1982-7199,A2,,,2017-2020
"Juscileide Braga de Castro",http://lattes.cnpq.br/2525374702919730,2021,"Prática pedagógica em Laboratório de Informática Educativa antes da Pandemia: dificuldades, desafios e reflexões","RESEARCH, SOCIETY AND DEVELOPMENT",2525-3409,C,,,2017-2020
"Juscileide Braga de Castro",http://lattes.cnpq.br/2525374702919730,2020,"Projeto Pensar, Conectar e Fazer: o uso das tecnologias digitais para a Aprendizagem da Proporcionalidade","INTERFACES CIENTÍFICAS - EDUCAÇÃO",2316-3828,A4,,,2017-2020
"Juscileide Braga de Castro",http://lattes.cnpq.br/2525374702919730,2020,"Gamificação de um Percurso Metodológico: o Contributo de Objetos de Aprendizagem no ensino de Eletrostática","EXPERIÊNCIAS EM ENSINO DE CIÊNCIAS (UFRGS)",1982-2413,B1,,,2017-2020
"Juscileide Braga de Castro",http://lattes.cnpq.br/2525374702919730,2020,"DESEMPENHO, REPRESENTAÇÕES E ESTRATÉGIAS DE ESTUDANTES DO 5º ANO DO ENSINO FUNDAMENTAL NA RESOLUÇÃO DE SITUAÇÕES DE COMBINATÓRIA","VIDYA (SANTA MARIA. ONLINE)",2176-4603,A2,,,2017-2020
"Juscileide Braga de Castro",http://lattes.cnpq.br/2525374702919730,2020,"Teoria das situações didática gamificada: um delineamento pormenorizado no ensino da sequência de Padovan","REVISTA DE ESTUDIOS E INVESTIGACION EN PSICOLOGIA  Y EDUCACIÓN",2386-7418,A3,,,2017-2020
"Juscileide Braga de Castro",http://lattes.cnpq.br/2525374702919730,2020,"As Múltiplas Representações como Estratégia para Explorar as Relações Quaternárias do Campo Multiplicativo em um Recurso Educacional Digital Gamificado","REVISTA TECNOLOGIAS NA EDUCAÇÃO",1984-4751,N,,,
"Juscileide Braga de Castro",http://lattes.cnpq.br/2525374702919730,2020,"A Construção do Conhecimento Matemático do Pedagogo: uma Investigação Sobre os Saberes para a Prática Pedagógica com Estatística","JORNAL INTERNACIONAL DE ESTUDOS EM EDUCAÇÃO MATEMÁTICA",2176-5634,A3,,,2017-2020
"Juscileide Braga de Castro",http://lattes.cnpq.br/2525374702919730,2020,"Formação de Professores: um relato de experiência sobre o uso de tirinhas como Objetos de Aprendizagem","REVISTA TECNOLOGIAS NA EDUCAÇÃO",1984-4751,N,,,
"Juscileide Braga de Castro",http://lattes.cnpq.br/2525374702919730,2020,"GAMIFICAÇÃO DE UM PERCURSO METODOLÓGICO: O CONTRIBUTO DE OBJETOS DE APRENDIZAGEM NO ENSINO DE ELETROSTÁTICA","EXPERIÊNCIAS EM ENSINO DE CIÊNCIAS (UFRGS)",1982-2413,B1,,,2017-2020
"Juscileide Braga de Castro",http://lattes.cnpq.br/2525374702919730,2019,"Gamificação como estratégia de aprendizagem ativa no ensino de Física","REVISTA BRASILEIRA DE ENSINO DE FÍSICA (ONLINE)",1806-9126,A1,,,2017-2020
"Juscileide Braga de Castro",http://lattes.cnpq.br/2525374702919730,2019,"Estratégias para a elaboração de um plano de atividade gamificado","RESEARCH, SOCIETY AND DEVELOPMENT",2525-3409,C,,,2017-2020
"Juscileide Braga de Castro",http://lattes.cnpq.br/2525374702919730,2019,"COMO O PROCESSO DE PRODUÇÃO DE MÍDIAS PODE CONTRIBUIR PARA A FORMAÇÃO DOCENTE?","RENOTE. REVISTA NOVAS TECNOLOGIAS NA EDUCAÇÃO",1679-1916,A4,,,2017-2020
"Juscileide Braga de Castro",http://lattes.cnpq.br/2525374702919730,2019,"Vamos Jogar Matemática: uma experiência com o RPG Maker para a aprendizagem de conceitos matemáticos","REVISTA TECNOLOGIAS NA EDUCAÇÃO",1984-4751,N,,,
"Juscileide Braga de Castro",http://lattes.cnpq.br/2525374702919730,2019,"A gamificação como estratégia para explorar a interpretação de dados estatísticos a partir de um Recurso Educacional Digital","REVISTA TECNOLOGIAS NA EDUCAÇÃO",1984-4751,N,,,
"Juscileide Braga de Castro",http://lattes.cnpq.br/2525374702919730,2018,"Tecnologia e Aprendizagem de Conceitos Matemáticos","JORNAL INTERNACIONAL DE ESTUDOS EM EDUCAÇÃO MATEMÁTICA",2176-5634,A3,,,2017-2020
"Juscileide Braga de Castro",http://lattes.cnpq.br/2525374702919730,2018,"Aprendizagem Baseada em Projetos: contribuições das Tecnologias Digitais","TEAR: REVISTA DE EDUCAÇÃO, CIÊNCIA E TECNOLOGIA",2238-8079,B1,,,2017-2020
"Juscileide Braga de Castro",http://lattes.cnpq.br/2525374702919730,2018,"DESEMPENHO DE ESTUDANTES DO 5° ANO NA CONSTRUÇÃO DE GRÁFICOS DE SETORES: DIFICULDADES E POSSIBILIDADES PEDAGÓGICAS","REVISTA DE ENSINO DE CIÊNCIAS E MATEMÁTICA (RENCIMA)",2179-426X,A2,,,2017-2020
"Juscileide Braga de Castro",http://lattes.cnpq.br/2525374702919730,2018,"A UTILIZAÇÃO DO APLICATIVO PLICKERS COMO FERRAMENTA NA IMPLEMENTAÇÃO DA METODOLOGIA PEER INSTRUCTION","REVISTA ELETRÔNICA CIENTÍFICA ENSINO INTERDISCIPLINAR",2447-0783,A3,,,2017-2020
"Juscileide Braga de Castro",http://lattes.cnpq.br/2525374702919730,2015,"Desenvolvimento do Pensamento Estatístico com Suporte Computacional","EDUCAÇÃO MATEMÁTICA PESQUISA (ONLINE)",1983-3156,A1,,,2017-2020