nome,lattes_url,ano_publicacao,titulo_publicacao,periodico,issn,qualis,pontos,area,ano_base
"Justino de Sousa Junior",http://lattes.cnpq.br/5835023680619914,2024,"Teoria e discurso n'O Capital: o feiticismo da mercadoria e as suas alegorias discursivas","VÉRTICE (LISBOA)",0042-4447,A4,,,2017-2020
"Justino de Sousa Junior",http://lattes.cnpq.br/5835023680619914,2023,"JOSÉ ADRIANO BARATA-MOURA -UM FILÓSOFO, UM ARTISTA, UM COMBATENTE","TRABALHO NECESSÁRIO",1808-799X,A3,,,2017-2020
"Justino de Sousa Junior",http://lattes.cnpq.br/5835023680619914,2022,"A práxis pedagógica em Makarenko e a construção de uma humanidade nova","REVISTA HISTEDBR ON-LINE",1676-2584,A3,,,2017-2020
"Justino de Sousa Junior",http://lattes.cnpq.br/5835023680619914,2022,"Práxis e formação humana - aportes engelsianos para a pedagogia","VÉRTICE (LISBOA)",0042-4447,A4,,,2017-2020
"Justino de Sousa Junior",http://lattes.cnpq.br/5835023680619914,2021,"A EDUCAÇÃO COMO RELAÇÃO SOCIAL FUNDAMENTAL E A EMANCIPAÇÃO HUMANA","GERMINAL: MARXISMO E EDUCAÇÃO EM DEBATE",2175-5604,A2,,,2017-2020
"Justino de Sousa Junior",http://lattes.cnpq.br/5835023680619914,2019,"REGRESSÃO SOCIAL (ACIMA DE TODOS) E RESISTÊNCIA DA CLASSE TRABALHADORA (ACIMA DE TUDO)","CADERNOS DE PESQUISA (UFMA)",0102-4175,A3,,,2017-2020
"Justino de Sousa Junior",http://lattes.cnpq.br/5835023680619914,2017,"[Resenha] Escola ‘sem’ partido: esfinge que ameaça a educação e a sociedade brasileira","TRABALHO, EDUCAÇÃO E SAÚDE (IMPRESSO)",1678-1007,B1,,,2017-2020
"Justino de Sousa Junior",http://lattes.cnpq.br/5835023680619914,2017,"Escola `sem’ partido: esfinge que ameaça a educação e a sociedade brasileira","TRABALHO, EDUCAÇÃO E SAÚDE (ONLINE)",1981-7746,B1,,,2017-2020
"Justino de Sousa Junior",http://lattes.cnpq.br/5835023680619914,2016,"Alienação, fetichismo e discurso em O Capital","INTERMEIO (UFMS)",1413-0963,A3,,,2017-2020
"Justino de Sousa Junior",http://lattes.cnpq.br/5835023680619914,2014,"EDUCAÇÃO E DESENVOLVIMENTO - A REPRODUÇÃO SOCIAL DA ORDEM REGRESSIVO-DESTRUTIVA DO CAPITAL","TRABALHO & EDUCAÇÃO",2238-037X,A3,,,2017-2020
"Justino de Sousa Junior",http://lattes.cnpq.br/5835023680619914,2014,"EDUCAÇÃO E DESENVOLVIMENTO - A REPRODUÇÃO SOCIAL DA ORDEM REGRESSIVO-DESTRUTIVA DO CAPITAL","TRABALHO & EDUCAÇÃO (UFMG)",1516-9537,A3,,,2017-2020
"Justino de Sousa Junior",http://lattes.cnpq.br/5835023680619914,2014,"Educação e desenvolvimento - reprodução social","TRABALHO & EDUCAÇÃO",2238-037X,A3,,,2017-2020
"Justino de Sousa Junior",http://lattes.cnpq.br/5835023680619914,2012,"A POLÍTICA EDUCACIONAL BRASILEIRA DE 2003 A 2010 E A PROPOSTA DA INTEGRAÇÃO DO ENSINO MÉDIO AO PROFISSIONAL","CADERNOS ANPAE",1677-3802,N,,,
"Justino de Sousa Junior",http://lattes.cnpq.br/5835023680619914,2009,"O programa marxiano de educação e o fundamento da práxis","TRABALHO, EDUCAÇÃO E SAÚDE (ONLINE)",1981-7746,B1,,,2017-2020
"Justino de Sousa Junior",http://lattes.cnpq.br/5835023680619914,2004,"A crítica marxiana da educação em tempos de mundialização do capital e crise social","TRABALHO NECESSÁRIO (ONLINE)",1808-799X,A3,,,2017-2020
"Justino de Sousa Junior",http://lattes.cnpq.br/5835023680619914,2003,"A nostalgia do trabalho","TRABALHO & EDUCAÇÃO (UFMG)",1516-9537,A3,,,2017-2020
"Justino de Sousa Junior",http://lattes.cnpq.br/5835023680619914,1999,"Politecnia e onilateralidade em Marx","TRABALHO & EDUCAÇÃO (UFMG)",1516-9537,A3,,,2017-2020
"Justino de Sousa Junior",http://lattes.cnpq.br/5835023680619914,1998,"Manifesto, 150 anos: ir à raiz para deacender a utopia","TRABALHO & EDUCAÇÃO (UFMG)",1516-9537,A3,,,2017-2020
"Justino de Sousa Junior",http://lattes.cnpq.br/5835023680619914,1997,"Para um conceito marxiano de educação","TRABALHO & EDUCAÇÃO (UFMG)",1516-9537,A3,,,2017-2020