nome,lattes_url,ano_publicacao,titulo_publicacao,periodico,issn,qualis,pontos,area,ano_base
"Luis Tavora Furtado Ribeiro",http://lattes.cnpq.br/6368042791230986,2024,"O contexto histórico-filosófico e o dualismo transcedental Kantiano superado na razão ontológica helegiana","PRÁTICAS EDUCATIVAS, MEMÓRIAS E ORALIDADES",2675-519X,A3,,,2017-2020
"Luis Tavora Furtado Ribeiro",http://lattes.cnpq.br/6368042791230986,2024,"IMPLICAÇÕES DA SOCIEDADE DIGITAL NA EDUCAÇÃO E NA SUBJETIVIDADE HUMANA","REVISTA COCAR (ONLINE)",2237-0315,A2,,,2017-2020
"Luis Tavora Furtado Ribeiro",http://lattes.cnpq.br/6368042791230986,2024,"GÊNEROS, VIOLÊNCIAS E CONSTRUÇÕES HISTÓRICAS DE SUBJETIVIDADES NAS DIVERSIDADES SÓCIOCULTURAIS","REVISTA DE HISTÓRIA BILROS",2357-8556,B1,,,2017-2020
"Luis Tavora Furtado Ribeiro",http://lattes.cnpq.br/6368042791230986,2024,"EDUCAÇÃO DO CAMPO: o estado precário da infraestrutura escolar","REVISTA ELETRÔNICA CIENTÍFICA ENSINO INTERDISCIPLINAR",2447-0783,A3,,,2017-2020
"Luis Tavora Furtado Ribeiro",http://lattes.cnpq.br/6368042791230986,2024,"A práxis pedagógica na formação humana: um olhar a partir da perspectiva do projeto político pedagógico de escolas do campo e dos seus educadores (as)","CUADERNOS DE EDUCACIÓN Y DESARROLLO",1989-4155,A4,,,2017-2020
"Luis Tavora Furtado Ribeiro",http://lattes.cnpq.br/6368042791230986,2023,"Memória, Educação e Formação:","TEMAS EM EDUCACAO",2359-7003,A4,,,2017-2020
"Luis Tavora Furtado Ribeiro",http://lattes.cnpq.br/6368042791230986,2023,"ENSINAR E APRENDER:  COM 'TUDO AQUILO QUE A NOSSA VISTA ABARCA'  NAS PAISAGENS DA CIDADE","GEOSABERES REVISTA DE ESTUDOS GEOEDUCACIONAIS",2178-0463,A2,,,2017-2020
"Luis Tavora Furtado Ribeiro",http://lattes.cnpq.br/6368042791230986,2023,"Práticas Educativas e Novas Tecnologias: Novos Paradigmas, Ideais e Impactos na Educação","REVISTA EXPRESSÃO CATÓLICA",2357-8483,B1,,,2017-2020
"Luis Tavora Furtado Ribeiro",http://lattes.cnpq.br/6368042791230986,2023,"Formação Docente e Legislação: contextualização, desafios e posibilidades","REVISTA PRÁXIS EDAGÓGICA",2237-5406,N,,,
"Luis Tavora Furtado Ribeiro",http://lattes.cnpq.br/6368042791230986,2022,"Integração Curricular por Meio de Temas Geradores Construindo Inter/Transdisciplinares a partir do Complexo Interdunar de Sabiaguaba , em Fortaleza/Ce","REVISTA BRASILEIRA DE EDUCAÇÃO AMBIENTAL (ONLINE)",1981-1764,A4,,,2017-2020
"Luis Tavora Furtado Ribeiro",http://lattes.cnpq.br/6368042791230986,2022,"Tecnologias Digitais de Informação e Comunicação (TDIC) Numa Perspectiva Interdisciplinar  no Ensino de Geografia","DOCENTES",2526-2815,N,,,
"Luis Tavora Furtado Ribeiro",http://lattes.cnpq.br/6368042791230986,2022,"ENSINO RELIGIOSO: BREVE HISTÓRICO ATRAVÉS DAS LEGISLAÇÕES BRASILEIRAS","REVISTA ELETRÔNICA ARMA DA CRÍTICA",1984-4735,B1,,,2017-2020
"Luis Tavora Furtado Ribeiro",http://lattes.cnpq.br/6368042791230986,2022,"LICENCIATURA EM EDUCAÇÃO DO CAMPO DA FAFIDAM/UECE: SEMEADURA DE RESISTÊNCIA NA FORMAÇÃO DOCENTE","INTER-AÇÃO (UFG. ONLINE)",1981-8416,A2,,,2017-2020
"Luis Tavora Furtado Ribeiro",http://lattes.cnpq.br/6368042791230986,2022,"Formação e prática docente do pedagogo no ensino de Geografia","RESEARCH, SOCIETY AND DEVELOPMENT",2525-3409,C,,,2017-2020
"Luis Tavora Furtado Ribeiro",http://lattes.cnpq.br/6368042791230986,2022,"Práxis Formativas nas Licenciaturas e na Educação Básica: Experiências em Discussão","ANAIS XXI ENDIPE",9786-5860,N,,,
"Luis Tavora Furtado Ribeiro",http://lattes.cnpq.br/6368042791230986,2021,"A consolidação da pesquisa como política educacional: a atuação da Capes entre as décadas de 1960-90","VOZES, PRETÉRITO & DEVIR",2317-1979,B1,,,2017-2020
"Luis Tavora Furtado Ribeiro",http://lattes.cnpq.br/6368042791230986,2021,"O Manifesto dos Pioneiros da Educação Nova e a Educação Produtivista Atual","ENSINO EM PERSPECTIVAS",2675-9144,C,,,2017-2020
"Luis Tavora Furtado Ribeiro",http://lattes.cnpq.br/6368042791230986,2021,"Os desafios atuais do ensino remoto: uma didática replanejada","ENSINO EM PERSPECTIVAS",2675-9144,C,,,2017-2020
"Luis Tavora Furtado Ribeiro",http://lattes.cnpq.br/6368042791230986,2021,"Educação e trabalho: Manifesto dos pioneiros da educação nova (1932)","ENSINO EM PERSPECTIVAS",2675-9144,C,,,2017-2020
"Luis Tavora Furtado Ribeiro",http://lattes.cnpq.br/6368042791230986,2021,"ESCOLA E AVALIAÇÕES EXTERNAS: IMPLICAÇÕES DE UM MODELO DE EDUCAÇÃO DIRIGIDO PARA RESULTADOS","SOUTH AMERICAN JOURNAL OF BASIC EDUCATION, TECHNICAL AND TECHNOLOGICAL",2446-4821,A4,,,2017-2020
"Luis Tavora Furtado Ribeiro",http://lattes.cnpq.br/6368042791230986,2021,"MUSEUS: TERRITÓRIOS DE BRINQUEDOS E BRINCADEIRAS COMO DIFUSÃO EXTENSIONISTA DE SABERES, MEMÓRIAS E PRÁTICAS","REVISTA DEBATES INSUBMISSOS (DEBIN)",2595-2803,B2,,,2017-2020
"Luis Tavora Furtado Ribeiro",http://lattes.cnpq.br/6368042791230986,2021,"CIDADE E CIDADANIA ATIVA: APROXIMAÇÕES ENTRE A PEDAGOGIA PROGRESSISTA FREIRIANA E A GEOGRAFIA ESCOLAR","HUMANIDADES & INOVAÇÃO",2358-8322,B2,,,2017-2020
"Luis Tavora Furtado Ribeiro",http://lattes.cnpq.br/6368042791230986,2021,"ENSINAR EXIGE: PRESSUPOSTOS NECESSÁRIOS À PRÁTICA DOCENTE SOB A ÓTICA DA PEDAGOGIA DA AUTONOMIA DE PAULO FREIRE","HUMANIDADES & INOVAÇÃO",2358-8322,B2,,,2017-2020
"Luis Tavora Furtado Ribeiro",http://lattes.cnpq.br/6368042791230986,2020,"Jovens da Escola Pública: Diálogos e reflexões acerca das possibilidades e limites de seu ingresso nas universidades brasileiras","AULA (SALAMANCA)",0214-3402,A3,,,2017-2020
"Luis Tavora Furtado Ribeiro",http://lattes.cnpq.br/6368042791230986,2020,"Interdisciplinaridades e construção de conhecimentos a partir das categorias paisagem e lugar no ensino de Geografia","HUMANIDADES & INOVAÇÃO",2358-8322,B2,,,2017-2020
"Luis Tavora Furtado Ribeiro",http://lattes.cnpq.br/6368042791230986,2020,"Educação do campo e a inter-relação com a pedagogia da alternância: a experiência de vida como ponto de partida e de chegada dos processos escolares","HUMANIDADES & INOVAÇÃO",2358-8322,B2,,,2017-2020
"Luis Tavora Furtado Ribeiro",http://lattes.cnpq.br/6368042791230986,2020,"Tecnologias digitais de informação e comunicação (TDIC) numa perspectiva interdisciplinar no ensino de geografia: Uma análise socioespacial de Limoeiro do Norte-Ceará","RESEARCH, SOCIETY AND DEVELOPMENT",2525-3409,C,,,2017-2020
"Luis Tavora Furtado Ribeiro",http://lattes.cnpq.br/6368042791230986,2020,"A construção do lugar social da mulher no cordel: Uma análise do romance O mal em paga do bem, de Leandro Gomes de Barros","RESEARCH, SOCIETY AND DEVELOPMENT",2525-3409,C,,,2017-2020
"Luis Tavora Furtado Ribeiro",http://lattes.cnpq.br/6368042791230986,2020,"Perspectivas docentes sobre o uso das TDIC na Educação Básica em tempos de pandemia do COVID-19","RESEARCH, SOCIETY AND DEVELOPMENT",2525-3409,C,,,2017-2020
"Luis Tavora Furtado Ribeiro",http://lattes.cnpq.br/6368042791230986,2020,"PANDEMIA DE COVID-19 E AS ATIVIDADES EDUCATIVAS EMERGENCIAIS: A EXPERIÊNCIAS DO CURSO DE PEDAGOGIA DA FACULDADE DE EDUCAÇÃO UNIVERSIDADE FEDERAL DO CEARÁ","REVISTA ELETRÔNICA ARMA DA CRÍTICA",1984-4735,B1,,,2017-2020
"Luis Tavora Furtado Ribeiro",http://lattes.cnpq.br/6368042791230986,2020,"A experiência visual no pensamento e na representação artística: percepções da criança no meio digital nas aulas remotas de arte","ART",2358-0437,A3,,,2017-2020
"Luis Tavora Furtado Ribeiro",http://lattes.cnpq.br/6368042791230986,2018,"O SPAECE e o trabalho pedagógico das escolas Cearenses:","QUAESTIO (UNISO)",1518-2886,A3,,,2017-2020
"Luis Tavora Furtado Ribeiro",http://lattes.cnpq.br/6368042791230986,2018,"CRÍTICA E DIÁLOGO EM FACE DA RELAÇÃO ESCOLA VERSUS AVALIAÇÕES EXTERNAS","REVISTA TEMPOS E ESPAÇOS EM EDUCAÇÃO (ONLINE)",2358-1425,A3,,,2017-2020
"Luis Tavora Furtado Ribeiro",http://lattes.cnpq.br/6368042791230986,2018,"Tecendo relações entre a disciplina de didática, a universidade e o contexto escolar","EDUCAÇÃO & LINGUAGEM (ONLINE)",2176-1043,A4,,,2017-2020
"Luis Tavora Furtado Ribeiro",http://lattes.cnpq.br/6368042791230986,2018,"Planejamento na prática dos professores: entre a formação e as experiencias vividas","REVISTA INTERNACIONAL DE FORMAÇÃO DE PROFESSORES",2447-8288,A4,,,2017-2020
"Luis Tavora Furtado Ribeiro",http://lattes.cnpq.br/6368042791230986,2018,"A FORMAÇÃO E A ATUAÇÃO DOS GESTORES ESCOLARES E COORDENADORES PEDAGÓGICOS : ENTRE LIÇÕES, LIMITES E NECESSIDADES","REVISTA INTERNACIONAL DE FORMAÇÃO DE PROFESSORES",2447-8288,A4,,,2017-2020
"Luis Tavora Furtado Ribeiro",http://lattes.cnpq.br/6368042791230986,2018,"O princípio da contextualização na reforma do ensino médio no Brasil: em busca de uma leitura ontológica","EDUCACAO UNISINOS (ONLINE)",2177-6210,A2,,,2017-2020
"Luis Tavora Furtado Ribeiro",http://lattes.cnpq.br/6368042791230986,2018,"OS NOVOS CURRÍCULOS DOS CURSOS DE PEDAGOGIA: indicadores e tendências","CADERNOS DE PESQUISA",2178-2229,A3,,,2017-2020
"Luis Tavora Furtado Ribeiro",http://lattes.cnpq.br/6368042791230986,2017,"O estágio supervisionado: fios, desafios, movimentos e possibilidades de formação","REVISTA IBERO-AMERICANA DE ESTUDOS EM EDUCAÇÃO",1982-5587,A1,,,2017-2020
"Luis Tavora Furtado Ribeiro",http://lattes.cnpq.br/6368042791230986,2017,"Ser ou não ser um coordenador pedagógico diferente? Eis a questão","DIALOGIA",1983-9294,A4,,,2017-2020
"Luis Tavora Furtado Ribeiro",http://lattes.cnpq.br/6368042791230986,2016,"TECNOLOGIAS MÓVEIS NOS PROCESSOS DE ENSINO E DE APRENDIZAGEM: MOBILIDADE DOCENTE?","REVISTA IBERO-AMERICANA DE ESTUDOS EM EDUCAÇÃO",1982-5587,A1,,,2017-2020
"Luis Tavora Furtado Ribeiro",http://lattes.cnpq.br/6368042791230986,2016,"A crise do capital e a relação com a educação brasileira","EDUCAÇÃO (SANTA MARIA. ONLINE)",1984-6444,A2,,,2017-2020
"Luis Tavora Furtado Ribeiro",http://lattes.cnpq.br/6368042791230986,2016,"A didática e a pedagogia como suporte teórico para uma coordenação pedagógica qualificada","POLÍTICA E GESTÃO EDUCACIONAL (ONLINE)",1519-9029,A3,,,2017-2020
"Luis Tavora Furtado Ribeiro",http://lattes.cnpq.br/6368042791230986,2014,"Relações de poder e as categorias históricas da ordenação, da duração e da  simultaneidade na escola","HISTÓRIA HELIKON",2357-9366,B4,,,2017-2020
"Luis Tavora Furtado Ribeiro",http://lattes.cnpq.br/6368042791230986,2014,"O IMPACTO DA ACELERAÇÃO TEMPO-ESPAÇO NAS RELAÇÕES DE PRODUÇÃO","CADERNOS DE PESQUISA",2178-2229,A3,,,2017-2020
"Luis Tavora Furtado Ribeiro",http://lattes.cnpq.br/6368042791230986,2014,"O Estágio na Formação Docente: considerações sobre a formação do professor de História na UFC","EDUCARE (FORTALEZA)",1984-3283,N,,,
"Luis Tavora Furtado Ribeiro",http://lattes.cnpq.br/6368042791230986,2013,"Formação de professores: a questão da inclusão de jovens que estão fora da escola e do mercado de trabalho","EDUCAR EM REVISTA (IMPRESSO)",0104-4060,A1,,,2017-2020
"Luis Tavora Furtado Ribeiro",http://lattes.cnpq.br/6368042791230986,2012,"Cultura Brasileira (,,, a 1750): Concepções e discussões","EDUCARE (FORTALEZA)",1984-3283,N,,,
"Luis Tavora Furtado Ribeiro",http://lattes.cnpq.br/6368042791230986,2010,"Hora do Passeio! Orientações para uma Aula de Campo","VIDA E EDUCAÇÃO (FORTALEZA)",1806-0145,N,,,
"Luis Tavora Furtado Ribeiro",http://lattes.cnpq.br/6368042791230986,2009,".Prólogo da Estética de Lukács: um esboço para apresentação.","REVISTA ELETRÔNICA ARMA DA CRÍTICA",1984-4735,B1,,,2017-2020
"Luis Tavora Furtado Ribeiro",http://lattes.cnpq.br/6368042791230986,2006,"As novas diretrizes curriculares nacionais para o Curso de Pedagogia","VIDA E EDUCAÇÃO (FORTALEZA)",1806-0145,N,,,
"Luis Tavora Furtado Ribeiro",http://lattes.cnpq.br/6368042791230986,2005,"Questões atuais sobre a reforma curricular","VIDA E EDUCAÇÃO (FORTALEZA)",1806-0145,N,,,
"Luis Tavora Furtado Ribeiro",http://lattes.cnpq.br/6368042791230986,1996,"A Etnometodologia e a Pesquisa nas Ciencias Sociais","CADERNOS DA PÓS-GRADUAÇÃO EM EDUCAÇÃO",1414-0829,N,,,
"Luis Tavora Furtado Ribeiro",http://lattes.cnpq.br/6368042791230986,1996,"Neoliberalismo, neoconservadorismo e educação","REVISTA DA ASSOCIAÇÃO DAS ESCOLAS CA´TÓLICAS AEC",,N,,,
"Luis Tavora Furtado Ribeiro",http://lattes.cnpq.br/6368042791230986,1996,"Precisamos afastar essa historica do curriculo","REVISTA DA ASSOCIAÇÃO DAS ESCOLAS CATÓLICAS AEC",,N,,,
"Luis Tavora Furtado Ribeiro",http://lattes.cnpq.br/6368042791230986,1994,"Educação e cidadania: um inicio de conversa","AMECE UNICEF",,N,,,