nome,lattes_url,ano_publicacao,titulo_publicacao,periodico,issn,qualis,pontos,area,ano_base
"Luiz Botelho Albuquerque",http://lattes.cnpq.br/1238913601532185,2025,"Um panorama sobre a produção científica acerca dos estudos da música popular e formação do habitus de músicos cearenses","REVISTA DE GESTÃO E SECRETARIADO",2178-9010,A4,,,2017-2020
"Luiz Botelho Albuquerque",http://lattes.cnpq.br/1238913601532185,2024,"Pedagogia dialógica - desafios e potencialidades da educação como prática da liberdade em Paulo Freire","CADERNO PEDAGÓGICO (LAJEADO. ONLINE)",1983-0882,A2,,,2017-2020
"Luiz Botelho Albuquerque",http://lattes.cnpq.br/1238913601532185,2024,"Trajetória de vida e o habitus docente do curso de música no estado do Piauí","REVISTA CONEXÃO COMCIÊNCIA",2763-5848,N,,,
"Luiz Botelho Albuquerque",http://lattes.cnpq.br/1238913601532185,2024,"Tecnologia aplicada à música: uma contribuição para a educação integral","OBSERVATORIO DE LA ECONOMÍA LATINOAMERICANA",1696-8352,A4,,,2017-2020
"Luiz Botelho Albuquerque",http://lattes.cnpq.br/1238913601532185,2024,"-Por uma educação intercultural-: explorando o enfoque socioformativo para a construção de cidadãos críticos e sustentáveis a partir de uma perspectiva decolonial","OBSERVATORIO DE LA ECONOMÍA LATINOAMERICANA",1696-8352,A4,,,2017-2020
"Luiz Botelho Albuquerque",http://lattes.cnpq.br/1238913601532185,2023,"As contribuições do processo de ensino e aprendizagem de música para a formação dos Jovens dos Assentamentos Tiracanga e Todos Os Santos - Canindé-CE","REVISTA DE GESTÃO E SECRETARIADO",2178-9010,A4,,,2017-2020
"Luiz Botelho Albuquerque",http://lattes.cnpq.br/1238913601532185,2023,"Um currículo em movimento: músicos em mobilidade geográfica e social","CONTRIBUCIONES A LAS CIENCIAS SOCIALES",1988-7833,A4,,,2017-2020
"Luiz Botelho Albuquerque",http://lattes.cnpq.br/1238913601532185,2022,"A construção do currículo no Brasil em meio aos dilemas e resistências","CONJECTURAS",1657-5830,B4,,,2017-2020
"Luiz Botelho Albuquerque",http://lattes.cnpq.br/1238913601532185,2021,"Luz, câmera, ação: práticas de professores de História com o cinema na sala de aula","EDUCAÇÃO (SANTA MARIA. ONLINE)",1984-6444,A2,,,2017-2020
"Luiz Botelho Albuquerque",http://lattes.cnpq.br/1238913601532185,2020,"Ensino de História e a linguagem fílmica","INSTRUMENTO - REVISTA EM ESTUDO E PESQUISA EM EDUCAÇÃO",1984-5499,B1,,,2017-2020
"Luiz Botelho Albuquerque",http://lattes.cnpq.br/1238913601532185,2020,"Avaliação das emoções de crianças e professoras sobre o espaço escolar na Educação Infantil","BRAZILIAN JOURNAL OF DEVELOPMENT",2525-8761,C,,,2017-2020
"Luiz Botelho Albuquerque",http://lattes.cnpq.br/1238913601532185,2020,"MUSICAL EDUCATION TODAY: (RE)AFFIRMATION OF CREATIVE PRACTICES IN MUSIC TEACHING","INTERNATIONAL JOURNAL OF DEVELOPMENT RESEARCH",2230-9926,C,,,2017-2020
"Luiz Botelho Albuquerque",http://lattes.cnpq.br/1238913601532185,2020,"A construção da disposição narrativa em uma pesquisa (auto)biográfica sobre o despertar musical","HTTP://DX.DOI.ORG/10.19179/2F2319-0868/2F760",2319-0868,A1,,,2017-2020
"Luiz Botelho Albuquerque",http://lattes.cnpq.br/1238913601532185,2008,"Educação e Música: desvelando o campo pedagógico-musical da UFC","OPUS (BELO HORIZONTE. ONLINE)",1517-7017,A4,,,2017-2020
"Luiz Botelho Albuquerque",http://lattes.cnpq.br/1238913601532185,1998,"Pesquisa, Pós-Graduação e A Constituição do Campo dos Estudos Sobre Educação e Ambiente.","LINGUAGENS, EDUCAÇÃO E SOCIEDADE",,N,,,
"Luiz Botelho Albuquerque",http://lattes.cnpq.br/1238913601532185,1997,"A Pós-Graduação e Seus Critérios.","JORNAL O DIA",,N,,,
"Luiz Botelho Albuquerque",http://lattes.cnpq.br/1238913601532185,1997,"Ambiente, Cultura e Sociedade: O Espaço da Universidade.","LINGUAGENS, EDUCAÇÃO E SOCIEDADE",,N,,,
"Luiz Botelho Albuquerque",http://lattes.cnpq.br/1238913601532185,1995,"Universidade, Intelectuais e A Produção de Conhecimento","EDUCAÇÃO E COMPROMISSO",,N,,,
"Luiz Botelho Albuquerque",http://lattes.cnpq.br/1238913601532185,1994,"Educação Ambiental, Interdisciplinaridade e Método No Estudo da Desertificação","CARTA CEPRO",,N,,,
"Luiz Botelho Albuquerque",http://lattes.cnpq.br/1238913601532185,1993,"Natureza, Sociedade e Conhecimento: Revisitando Os Paradigmas","EDUCAÇÃO E COMPROMISSO",,N,,,
"Luiz Botelho Albuquerque",http://lattes.cnpq.br/1238913601532185,1992,"De Folclore A Arte: Uma Discussão A Respeito de Algumas das Relaçòes Entre Cultura e Sociedade.","EDUCAÇÃO E COMPROMISSO",,N,,,
"Luiz Botelho Albuquerque",http://lattes.cnpq.br/1238913601532185,1991,"A Respeito de Variação Lingúistica Na Escola","EDUCAÇÃO E COMPROMISSO",,N,,,
"Luiz Botelho Albuquerque",http://lattes.cnpq.br/1238913601532185,1990,"Alguns Fatores Associados À Produção Científica Na UFPI","EDUCACAO E COMPROMISSO",0103-5916,N,,,