nome,lattes_url,ano_publicacao,titulo_publicacao,periodico,issn,qualis,pontos,area,ano_base
"Marco Antonio Toledo Nascimento",http://lattes.cnpq.br/8365583478004188,2024,"Fazer musical e vulnerabilidade juvenil: o curso de música da Rede CUCA na Barra do Ceará","REVISTA DA ABEM",2358-033X,A1,,,2017-2020
"Marco Antonio Toledo Nascimento",http://lattes.cnpq.br/8365583478004188,2024,"Diálogos Reflexivos sobre a Aprendizagem Musical compartilhada","DOCENTES",2526-4923,B1,,,2017-2020
"Marco Antonio Toledo Nascimento",http://lattes.cnpq.br/8365583478004188,2023,"A cultura patriarcal nas bandas de música do norte do Ceará","DEBATES - CADERNOS DO PROGRAMA DE PÓS-GRADUAÇÃO EM MÚSICA",2359-1056,A3,,,2017-2020
"Marco Antonio Toledo Nascimento",http://lattes.cnpq.br/8365583478004188,2023,"Ensino de Instrumento Musical e didáticas inovadoras","CAMINHOS DA EDUCAÇÃO DIÁLOGOS CULTURAS E DIVERSIDADES",2675-1496,B2,,,2017-2020
"Marco Antonio Toledo Nascimento",http://lattes.cnpq.br/8365583478004188,2023,"PRÁTICA INSTRUMENTAL, SOLFEJO, AFINAÇÃO E SMARTPHONE: UMA REVISÃO INTEGRATIVA","CONTEMPORÂNEA - REVISTA DE ÉTICA E FILOSOFIA POLÍTICA",2447-0961,B1,,,2017-2020
"Marco Antonio Toledo Nascimento",http://lattes.cnpq.br/8365583478004188,2023,"EDUCAÇÃO MUSICAL INSTRUMENTAL NOS CURSOS DE LICENCIATURA EM MÚSICA NO ESTADO DO CEARÁ: UMA ANÁLISE DOCUMENTAL","CONTEMPORÂNEA - REVISTA DE ÉTICA E FILOSOFIA POLÍTICA",2447-0961,B1,,,2017-2020
"Marco Antonio Toledo Nascimento",http://lattes.cnpq.br/8365583478004188,2023,"Didática da flauta transversal no ensino superior a partir de estratégias metacognitivas: um estudo exploratório","CAMINHOS DA EDUCAÇÃO DIÁLOGOS CULTURAS E DIVERSIDADES",2675-1496,B2,,,2017-2020
"Marco Antonio Toledo Nascimento",http://lattes.cnpq.br/8365583478004188,2022,"ENSINO COLETIVO DE INSTRUMENTO MUSICAL E A (RE)INVENÇÃO DO(S) COTIDIANO(S)","EDUCAÇÃO EM FOCO",2447-5246,A3,,,2017-2020
"Marco Antonio Toledo Nascimento",http://lattes.cnpq.br/8365583478004188,2022,"Uso do play along no ensino coletivo de instrumentos em bandas de música","REVISTA ENTREIDEIAS: EDUCAÇÃO, CULTURA E SOCIEDADE",2317-1219,A3,,,2017-2020
"Marco Antonio Toledo Nascimento",http://lattes.cnpq.br/8365583478004188,2022,"Banda de música: educação musical como instrumento de liberdade e superação em meio aos jovens do campo","REVISTA EDUCAÇÃO, ARTES E INCLUSÃO",1984-3178,B1,,,2017-2020
"Marco Antonio Toledo Nascimento",http://lattes.cnpq.br/8365583478004188,2021,"Polifonia da fé protestante: a Música Sacra como elemento educativo em Henriqueta Rosa Fernandes Braga (1961)","CAMINHOS DA EDUCAÇÃO: DIÁLOGOS, CULTURAS E DIVERSIDADES",2675-1496,B2,,,2017-2020
"Marco Antonio Toledo Nascimento",http://lattes.cnpq.br/8365583478004188,2021,"ENSINO-APRENDIZAGEM DA CLARINETA NO IFCE DE SOBRAL: O ENSINO COLETIVO COMO PROPOSTA METODOLÓGICA","REVISTA CULTURAL MOV",2764-3379,N,,,
"Marco Antonio Toledo Nascimento",http://lattes.cnpq.br/8365583478004188,2018,"A influência do Projeto Jardim de Gente na reinvenção do cotidiano: um estudo com os jovens do bairro Bom Jardim","REVISTA EDUCAÇÃO, ARTES E INCLUSÃO",1984-3178,B1,,,2017-2020
"Marco Antonio Toledo Nascimento",http://lattes.cnpq.br/8365583478004188,2011,"A aprendizagem musical amadora nas bandas de música da Confederação Musical da França (CMF): em vista de uma aplicação ao contexto brasileiro","ICTUS (PPGMUS/UFBA)",1516-2737,B4,,,2017-2020
"Marco Antonio Toledo Nascimento",http://lattes.cnpq.br/8365583478004188,2010,"La comparaison entre la France et le Brésil, dans le domaine de l'enseignement musical concernant les harmonies amateurs","LA REVUE DES DOCTORANTS DU LABORATOIRE LLA CREATIS (LETTES, LANGAGES ET ARTS) DE L'UNIVERSITÉ DE TOULOUSE LE MIRAIL",1773-0023,N,,,