nome,lattes_url,ano_publicacao,titulo_publicacao,periodico,issn,qualis,pontos,area,ano_base
"Marcos Antonio Martins Lima",http://lattes.cnpq.br/4480882123614278,2025,"Dilemas epistemológicos e conflitos curriculares nos cursos de licenciatura em Música do IFCE: avaliação centrada em especialistas","PRÁTICAS EDUCATIVAS, MEMÓRIAS E ORALIDADES - REV. PEMO",2675-519X,A3,,,2017-2020
"Marcos Antonio Martins Lima",http://lattes.cnpq.br/4480882123614278,2025,"PEDAGOGIA ORGANIZACIONAL: CAMPO DO SABER CIENTÍFICO DO PEDAGOGO FORMADO EM INSTITUÇÃO PÚBLICA DE ENSINO SUPERIOR","FOCO (FACULDADE NOVO MILÊNIO)",1981-223X,B2,,,2017-2020
"Marcos Antonio Martins Lima",http://lattes.cnpq.br/4480882123614278,2025,"PENTATEUCO DA AVALIAÇÃO: MODOS VITAIS, EPISTEMES,  FUNDAMENTOS, MODELOS E TECNIAS NO ATO DE AVALIAR","REVISTA DE DERECHO Y CÂMBIO SOCIAL",2224-4131,A2,,,2017-2020
"Marcos Antonio Martins Lima",http://lattes.cnpq.br/4480882123614278,2025,"Avaliação Como Ato de Amor à Vida","REVISTA CARIBEÑA DE CIENCIAS SOCIALES",2254-7630,B1,,,2017-2020
"Marcos Antonio Martins Lima",http://lattes.cnpq.br/4480882123614278,2025,"AVALIAÇÃO MUSICAL E FUSÃO DE HORIZONTES: HERMENÊUTICA DE GADAMER E A ABORDAGEM CONTEXTUAL DE FLICKINGER","REVISTA DE DERECHO Y CÂMBIO SOCIAL",2224-4131,A2,,,2017-2020
"Marcos Antonio Martins Lima",http://lattes.cnpq.br/4480882123614278,2025,"Metodologia Pentapolar: expansão e aplicação em pesquisas sobre avaliação","INTERFERENCE: A JOURNAL OF AUDIO CULTURE",2009-3578,A2,,,2017-2020
"Marcos Antonio Martins Lima",http://lattes.cnpq.br/4480882123614278,2025,"PREVENÇÃO AO SUICÍDIO POLICIAL: COMPETÊNCIAS INTERDISCIPLINARES","REVISTA PENSAMENTO CONTEMPORÂNEO EM ADMINISTRAÇÃO (UFF)",1982-2596,A3,,,2017-2020
"Marcos Antonio Martins Lima",http://lattes.cnpq.br/4480882123614278,2025,"AVALIAÇÃO DIAGNÓSTICA NO CEARÁ: INSTITUCIONALIZAÇÃO E CULTURA AVALIATIVA À LUZ DA AVALIAÇÃO CENTRADA EM PRINCÍPIOSDIAGNOSTIC EVALUATION IN CEARÁ: INSTITUTIONALISATION AND EVALUATION CULTURE IN THE LIGHT OF PRINCIPLE-BASED EVALUATIONEVALUACIÓN DIAGNÓSTICA EN CEARÁ: INSTITUCIONALIZACIÓN Y CULTURA DE EVALUACIÓN A LA LUZ DE LA EVALUACIÓN BASADA EN PRINCIPIOS","ARACÊ - DIREITOS HUMANOS EM REVISTA",2358-2472,A2,,,2017-2020
"Marcos Antonio Martins Lima",http://lattes.cnpq.br/4480882123614278,2025,"AVALIAÇÃO CENTRADA EM OBJETIVOS: UM ESTUDO BIBLIOMÉTRICO DOS PROGRAMAS DE PÓS-GRADUAÇÃO EM EDUCAÇÃO COM NOTA MÁXIMA NA CAPES","REVISTA POLÍTICAS PÚBLICAS & CIDADES",2359-1552,A3,,,2017-2020
"Marcos Antonio Martins Lima",http://lattes.cnpq.br/4480882123614278,2025,"AVALIAÇÃO DE COMPETÊNCIAS DE DISCENTES DO CURSO DE PEDAGOGIA DURANTE A FORMAÇÃO INICIAL","REVISTA ACADÊMICA ONLINE",2359-5787,B2,,,2017-2020
"Marcos Antonio Martins Lima",http://lattes.cnpq.br/4480882123614278,2024,"MODELO DE GESTÃO ESTRATÉGICA E POR RESULTADOS: CASO PRÁTICO NA COMPANHIA DE GESTÃO DOS RECURSOS HÍDRICOS DO ESTADO DO CEARÁ (COGERH)","CONTEMPORÂNEA - REVISTA DE ÉTICA E FILOSOFIA POLÍTICA",2447-0961,B1,,,2017-2020
"Marcos Antonio Martins Lima",http://lattes.cnpq.br/4480882123614278,2024,"Gestão estratégica e governança organizacional: o caso da  secretaria das finanças de fortaleza","CUADERNOS DE EDUCACIÓN Y DESARROLLO",1989-4155,A4,,,2017-2020
"Marcos Antonio Martins Lima",http://lattes.cnpq.br/4480882123614278,2024,"Avaliação em larga escala no Ceará e no Piauí na visão de  especialistas em educação","REVISTA EXPRESSÃO CATÓLICA",2237-8782,B1,,,2017-2020
"Marcos Antonio Martins Lima",http://lattes.cnpq.br/4480882123614278,2024,"Aprendizagem e competências empreendedoras de artesãs no Ceará","CADERNO PEDAGÓGICO (LAJEADO. ONLINE)",1983-0882,A2,,,2017-2020
"Marcos Antonio Martins Lima",http://lattes.cnpq.br/4480882123614278,2024,"Programa de implantação (proimplantar) aplicado a conselhos consultivos e estratégicos nas organizações","CUADERNOS DE EDUCACIÓN Y DESARROLLO",1989-4155,A4,,,2017-2020
"Marcos Antonio Martins Lima",http://lattes.cnpq.br/4480882123614278,2024,"Caso da ONG XYZ: avaliação & gestão de programas no terceiro setor","CADERNO PEDAGÓGICO (LAJEADO. ONLINE)",1983-0882,A2,,,2017-2020
"Marcos Antonio Martins Lima",http://lattes.cnpq.br/4480882123614278,2024,"Data Envelopment Analysis (DEA): uma análise da eficiência no Spaece das escolas estaduais da região 4 do município de Fortaleza (CE)","ENSAIO (RIO DE JANEIRO. ONLINE)",1809-4465,A1,,,2017-2020
"Marcos Antonio Martins Lima",http://lattes.cnpq.br/4480882123614278,2024,"Avaliação Qualitativa das Estruturas Essenciais: um olhar para Universidades Corporativas da Região Metropolitana de Fortaleza","REVISTA DE INSTRUMENTOS, MODELOS E POLÍTICAS EM AVALIAÇÃO EDUCACIONAL",2675-7427,C,,,2017-2020
"Marcos Antonio Martins Lima",http://lattes.cnpq.br/4480882123614278,2024,"RESEARCH MODEL CANVAS: APLICAÇÃO EM PLANEJAMENTO DE  PESQUISAS ACADÊMICAS","ARACÊ ¿ DIREITOS HUMANOS EM REVISTA",2358-2472,A2,,,2017-2020
"Marcos Antonio Martins Lima",http://lattes.cnpq.br/4480882123614278,2024,"Maturidade em Gestão Estratégica na Administração Pública","DELOS: DESARROLLO LOCAL SOSTENIBLE",1988-5245,B1,,,2017-2020
"Marcos Antonio Martins Lima",http://lattes.cnpq.br/4480882123614278,2023,"O EIXO DE GESTÃO DO PROGRAMA MAIS PAIC E A FORMAÇÃO PEDAGÓGICA:  ANÁLISE DE SATISFAÇÃO CENTRADA NA AVALIAÇÃO DO CONSUMIDOR","REVISTA VALORE",2525-9008,B2,,,2017-2020
"Marcos Antonio Martins Lima",http://lattes.cnpq.br/4480882123614278,2023,"Desenvolvimento, articulação política e  relacionamento institucional: diagnóstico de  atuação do Sistema da Confederação Nacional de  Dirigentes Lojistas (CNDL)","REVISTA BRASILEIRA DE POLÍTICAS PÚBLICAS E INTERNACIONAIS",2525-5584,A3,,,2017-2020
"Marcos Antonio Martins Lima",http://lattes.cnpq.br/4480882123614278,2023,"Avaliação dos fatores relacionados ao modelo design universal de aprendizagem no ensino superior","REVISTA BRASILEIRA DE POLÍTICA E ADMINISTRAÇÃO DA EDUCAÇÃO",1678-166X,A1,,,2017-2020
"Marcos Antonio Martins Lima",http://lattes.cnpq.br/4480882123614278,2023,"Estruturas Essenciais de Metodologias Ativas: Um Estudo no Segmento de Educação Corporativa","ADMINISTRAÇÃO: ENSINO E PESQUISA (RAEP)",2358-0917,A3,,,2017-2020
"Marcos Antonio Martins Lima",http://lattes.cnpq.br/4480882123614278,2023,"AVALIAÇÃO E DESIGN UNIVERSAL DE APRENDIZAGEM: um estudo em universidade pública do estado do Ceará, Brasil","TEIAS (RIO DE JANEIRO)",1982-0305,A2,,,2017-2020
"Marcos Antonio Martins Lima",http://lattes.cnpq.br/4480882123614278,2023,"Knowledge management: a study with managers in the oil, gas and biofuels sector","CONCILIUM (ENGLISH LANGUAGE EDITION)",0010-5236,A2,,,2017-2020
"Marcos Antonio Martins Lima",http://lattes.cnpq.br/4480882123614278,2023,"Reflexos da identidade organizacional das universidades brasileiras em suas declarações de missão","REVISTA BRASILEIRA DE ESTUDOS PEDAGÓGICOS  RBEP-INEP",2176-6681,A1,,,2017-2020
"Marcos Antonio Martins Lima",http://lattes.cnpq.br/4480882123614278,2023,"Metodologia para avaliação de efeitos em educação: o caso do Prêmio Escola Nota Dez","META: AVALIAÇÃO",2175-2753,A4,,,2017-2020
"Marcos Antonio Martins Lima",http://lattes.cnpq.br/4480882123614278,2022,"ARTICULAÇÃO DE AGENDA DE POLÍTICAS PÚBLICAS (PPs): PRÁTICAS PARA O SETOR DE VAREJO NO BRASIL","QUALIT@AS (UEPB)",1677-4280,B2,,,2017-2020
"Marcos Antonio Martins Lima",http://lattes.cnpq.br/4480882123614278,2022,"AVALIAÇÃO CENTRADA NA MUDANÇA: EFEITOS DO PROGRAMA MAIS EDUCAÇÃO NA DIMINUIÇÃO DA EVASÃO","REGAE: REVISTA DE GESTÃO E AVALIAÇÃO EDUCACIONAL",2176-2171,B1,,,2017-2020
"Marcos Antonio Martins Lima",http://lattes.cnpq.br/4480882123614278,2022,"Aderência às alavancas de controle estratégico: estudo de caso em uma empresa metal-mecânica / Adherence to the levers of strategic control: a case study in a metal-mechanic company","BRAZILIAN JOURNAL OF DEVELOPMENT",2525-8761,C,,,2017-2020
"Marcos Antonio Martins Lima",http://lattes.cnpq.br/4480882123614278,2022,"Isomorfismo institucional e cultura organizacional de uma empresa de distribuição: um estudo de caso","REVISTA DE GESTÃO E SECRETARIADO",2178-9010,A4,,,2017-2020
"Marcos Antonio Martins Lima",http://lattes.cnpq.br/4480882123614278,2022,"percepção dos docentes do PARFOR sobre a aprendizagem no ensino remoto","POLÍTICA E GESTÃO EDUCACIONAL (ONLINE)",1519-9029,A3,,,2017-2020
"Marcos Antonio Martins Lima",http://lattes.cnpq.br/4480882123614278,2021,"Modelagem de Equações Estruturais e os testes de seleção - Caso do vestibular da Universidade Estadual do Ceará","ENSAIO (RIO DE JANEIRO. ONLINE)",1809-4465,A1,,,2017-2020
"Marcos Antonio Martins Lima",http://lattes.cnpq.br/4480882123614278,2021,"O comportamento dos docentes estrangeiros da Universidade Federal do Ceará no âmbito da autogestão de carreira","RESEARCH, SOCIETY AND DEVELOPMENT",2525-3409,C,,,2017-2020
"Marcos Antonio Martins Lima",http://lattes.cnpq.br/4480882123614278,2021,"Aspecto formativo dos dados das avaliações diagnósticas para os trabalhadores da gestão escolar nas escolas públicas de ensino médio do estado do Ceará","DEVIR EDUCAÇÃO",2526-849X,B1,,,2017-2020
"Marcos Antonio Martins Lima",http://lattes.cnpq.br/4480882123614278,2020,"n. 09 - VARIABILIDADE DAS DESPESAS DAS UNIVERSIDADES FEDERAIS NO PERÍODO DE 2012 A 2017","JORNAL DE POLÍTICAS EDUCACIONAIS",1981-1969,A2,,,2017-2020
"Marcos Antonio Martins Lima",http://lattes.cnpq.br/4480882123614278,2020,"SISTEMA DE AVALIAÇÃO DO ENSINO MUNICIPAL: PESQUISA AVALIATIVA À LUZ DA METODOLOGIA QUADRIPOLAR","REVISTA E-CURRICULUM (PUCSP)",1809-3876,A2,,,2017-2020
"Marcos Antonio Martins Lima",http://lattes.cnpq.br/4480882123614278,2020,"Avaliação das variáveis de suporte psicossocial e material: impacto do Projeto Primeiro Passo em Fortaleza, Ceará, Brasil","RESEARCH, SOCIETY AND DEVELOPMENT",2525-3409,C,,,2017-2020
"Marcos Antonio Martins Lima",http://lattes.cnpq.br/4480882123614278,2020,"Desenvolvimento Econômico Local (DEL) e Políticas Públicas (PPs)","REVISTA BRASILEIRA DE POLÍTICAS PÚBLICAS E INTERNACIONAIS",2525-5584,A3,,,2017-2020
"Marcos Antonio Martins Lima",http://lattes.cnpq.br/4480882123614278,2020,"Narrativas sobre avaliação e Design Universal no ensino superior do estado do Ceará, Brasil","LINHAS (FLORIANÓPOLIS. ONLINE)",1984-7238,A2,,,2017-2020
"Marcos Antonio Martins Lima",http://lattes.cnpq.br/4480882123614278,2020,"AVALIAÇÃO DA GESTÃO NO ENSINO TÉCNICO PROFISSIONAL: IMPLICAÇÕES DA REFORMA DO ENSINO MÉDIO","POLÍTICA E GESTÃO EDUCACIONAL (ONLINE)",1519-9029,A3,,,2017-2020
"Marcos Antonio Martins Lima",http://lattes.cnpq.br/4480882123614278,2020,"O professor frente ao planejamento pedagógigo: entre os atos consciente e compulsório","BRAZILIAN JOURNAL OF DEVELOPMENT",2525-8761,C,,,2017-2020
"Marcos Antonio Martins Lima",http://lattes.cnpq.br/4480882123614278,2020,"PROGRAMA ESTRATÉGICO DE DESENVOLVIMENTO GERENCIAL (PEDG): ESTUDO AVALIATIVO NO CENTRO DE HEMATOLOGIA E HEMOTERAPIA DO CEARÁ (HEMOCE)","QUALIT@AS (UEPB)",1677-4280,B2,,,2017-2020
"Marcos Antonio Martins Lima",http://lattes.cnpq.br/4480882123614278,2020,"Avaliação dos efeitos de gerenciamento em escolas da rede pública estadual localizadas em Fortaleza/CE: um retrato dos fatores de planejamento, organização, direção e controle na modalidade de Educação Profissional","RESEARCH, SOCIETY AND DEVELOPMENT",2525-3409,C,,,2017-2020
"Marcos Antonio Martins Lima",http://lattes.cnpq.br/4480882123614278,2020,"Responsabilidade social universitária sob a ótica da autoavaliação de um instituto federal de educação","REGAE: REVISTA DE GESTÃO E AVALIAÇÃO EDUCACIONAL",2176-2171,B1,,,2017-2020
"Marcos Antonio Martins Lima",http://lattes.cnpq.br/4480882123614278,2020,"ALGORITMOS DE AVALIAÇÃO: MODELAGEM E APLICAÇÃO NO ESTUDO DA EVASÃO DISCENTE","ESTUDOS EM AVALIAÇÃO EDUCACIONAL (ONLINE)",1984-932X,A1,,,2017-2020
"Marcos Antonio Martins Lima",http://lattes.cnpq.br/4480882123614278,2020,"REFLEXÕES ACERCA DOS ASPECTOS NECESSÁRIOS PARA A PRÁTICA PSICOPEDAGÓGICA: CONSIDERAÇÕES SOBRE O ATO DE AVALIAR / REFLECTIONS ABOUT THE ASPECTS NECESSARY FOR PSYCHOPEDAGOGICAL PRACTICE: CONSIDERATIONS ABOUT THE EVALUATION ACT","BRAZILIAN JOURNAL OF DEVELOPMENT",2525-8761,C,,,2017-2020
"Marcos Antonio Martins Lima",http://lattes.cnpq.br/4480882123614278,2020,"Avaliação da educação superior no Brasil: análise do Índice Geral dos Cursos (IGC) numa perspectiva quali/quantitativa","AVALIAÇÃO: REVISTA DA AVALIAÇÃO DA EDUCAÇÃO SUPERIOR",1982-5765,A1,,,2017-2020
"Marcos Antonio Martins Lima",http://lattes.cnpq.br/4480882123614278,2020,"Professor, ensino e avaliação: uma perspectiva à luz do racionalismo bachelardiano","DEVIR EDUCAÇÃO",2526-849X,B1,,,2017-2020
"Marcos Antonio Martins Lima",http://lattes.cnpq.br/4480882123614278,2020,"AVALIAÇÃO E GESTÃO DOS CONFLITOS NA ORGANIZAÇÃO EDUCACIONAL","REVISTA EDUCAÇÃO EM DEBATE",2526-0847,B1,,,2017-2020
"Marcos Antonio Martins Lima",http://lattes.cnpq.br/4480882123614278,2020,"Análise da prática docente quanto ao desenvolvimento da avaliação da aprendizagem no 5º ano do ensino fundamental em uma escola municipal de Itarema-CE","BRAZILIAN JOURNAL OF DEVELOPMENT",2525-8761,C,,,2017-2020
"Marcos Antonio Martins Lima",http://lattes.cnpq.br/4480882123614278,2019,"Design de experiência de aprendizagem: avaliação do modelo Addie e contribuições para o ensino a distância","REGAE: REVISTA DE GESTÃO E AVALIAÇÃO EDUCACIONAL",2176-2171,B1,,,2017-2020
"Marcos Antonio Martins Lima",http://lattes.cnpq.br/4480882123614278,2019,"Percepção da avaliação da formação dos docentes do ensino médio das escolas da regional 1 em tecnologias digitais","REGAE: REVISTA DE GESTÃO E AVALIAÇÃO EDUCACIONAL",2176-2171,B1,,,2017-2020
"Marcos Antonio Martins Lima",http://lattes.cnpq.br/4480882123614278,2019,"Trabalho docente e as influências de forças coercitivas: um estudo em uma universidade privada","TEORIA E PRATICA EM ADMINISTRACAO",2238-104X,A4,,,2017-2020
"Marcos Antonio Martins Lima",http://lattes.cnpq.br/4480882123614278,2019,"Reflexões sobre identidade e profissionalidade docente a partir de um relato de experiência","BRAZILIAN JOURNAL OF DEVELOPMENT",2525-8761,C,,,2017-2020
"Marcos Antonio Martins Lima",http://lattes.cnpq.br/4480882123614278,2019,"PROGRAMA  DE DESENVOLVIMENTO DE EQUIPES (PRODE): ESTUDO AVALIATIVO NO SERVIÇO NACIONAL DE APRENDIZAGEM COMERCIAL (SENAC) ? DEPARTAMENTO REGIONAL CEARÁ","BOLETIM TÉCNICO DO SENAC",0102-549X,A4,,,2017-2020
"Marcos Antonio Martins Lima",http://lattes.cnpq.br/4480882123614278,2018,"Epistemologia dos modelos em avaliação institucional: um estudo sobre o Spaece-alfa adotado pelo governo do Estado do Ceará/Brasil","REGAE: REVISTA DE GESTÃO E AVALIAÇÃO EDUCACIONAL",2176-2171,B1,,,2017-2020
"Marcos Antonio Martins Lima",http://lattes.cnpq.br/4480882123614278,2018,"GESTÃO EDUCACIONAL E OS DESDOBRAMENTOS PRÁTICOS PARA A AÇÃO EDUCATIVA","FACULDADE CEARENSE EM REVISTA",2177-1677,C,,,2017-2020
"Marcos Antonio Martins Lima",http://lattes.cnpq.br/4480882123614278,2017,"Avaliação e gestão da autossustentabilidade organizacional: estudo de caso em Faculdade Particular de Fortaleza-Ceará","REVISTA EDUCAÇÃO EM QUESTÃO (ONLINE)",1981-1802,A1,,,2017-2020
"Marcos Antonio Martins Lima",http://lattes.cnpq.br/4480882123614278,2017,"Avaliação da organização do espaço escolar na percepção docente: um estudo realizado em escolas da rede pública municipal de Fortaleza/CE","REGAE: REVISTA DE GESTÃO E AVALIAÇÃO EDUCACIONAL",2176-2171,B1,,,2017-2020
"Marcos Antonio Martins Lima",http://lattes.cnpq.br/4480882123614278,2017,"Aprendizagem empreendedora: estudo com gestores de tecnologia da informação","RACE : REVISTA DE ADMINISTRAÇÃO, CONTABILIDADE E ECONOMIA",1678-6483,A4,,,2017-2020
"Marcos Antonio Martins Lima",http://lattes.cnpq.br/4480882123614278,2017,"As ações de extensão e suas contribuições para o discente de Pedagogia da Universidade Federal do Ceará","EXPERIÊNCIA - REVISTA CIENTÍFICA DE EXTENSÃO",2447-1151,B1,,,2017-2020
"Marcos Antonio Martins Lima",http://lattes.cnpq.br/4480882123614278,2016,"O RACIONALISMO CRÍTICO DE KARL POPPER: CONJECTURAS E  TEORIAS","REVISTA TRABALHO E SOCIEDADE",2357-934X,N,,,
"Marcos Antonio Martins Lima",http://lattes.cnpq.br/4480882123614278,2016,"Empreendedorismo educacional: reflexões para um ensino docente diferenciado","REVISTA PENSAMENTO CONTEMPORÂNEO EM ADMINISTRAÇÃO (UFF)",1982-2596,A3,,,2017-2020
"Marcos Antonio Martins Lima",http://lattes.cnpq.br/4480882123614278,2016,"Avaliação do Programa Social Bolsa Família a partir dos critérios do GesPública: estratégia e planos, processos e pessoas","LINHAS (FLORIANÓPOLIS. ONLINE)",1984-7238,A2,,,2017-2020
"Marcos Antonio Martins Lima",http://lattes.cnpq.br/4480882123614278,2016,"FORMAÇÃO INICIAL DE PROFESSORES PARA TUTORIA COM USO DE  TDIC","REVISTA EDUCAÇÃO E LINGUAGEM",2359-277X,B2,,,2017-2020
"Marcos Antonio Martins Lima",http://lattes.cnpq.br/4480882123614278,2015,"A APRENDIZAGEM ORGANIZACIONAL: CONTRIBUIÇÕES DO PEDAGOGO AO DESENVOLVIMENTO DO CAPITAL INTELECTUAL","REVISTA EXPRESSÃO CATÓLICA",2237-8782,B1,,,2017-2020
"Marcos Antonio Martins Lima",http://lattes.cnpq.br/4480882123614278,2015,"FUNDAMENTOS DA AVALIAÇÃO EDUCACIONAL E PRÁTICAS INVESTIGATIVAS NO PROCESSO EDUCATIVO","REVISTA EDUCAÇÃO E LINGUAGEM",2359-277X,B2,,,2017-2020
"Marcos Antonio Martins Lima",http://lattes.cnpq.br/4480882123614278,2015,"Avaliação Educacional: uma perspectiva histórico-conceitual","REVISTA EDUCAÇÃO E LINGUAGEM",2359-277X,B2,,,2017-2020
"Marcos Antonio Martins Lima",http://lattes.cnpq.br/4480882123614278,2015,"AVALIAÇÃO,  GESTÃO  E  POLÍTICA  DE  CAPACITAÇÃO  NO  SERVIÇO PÚBLICO","FFBUSINESS",1679-723X,B4,,,2017-2020
"Marcos Antonio Martins Lima",http://lattes.cnpq.br/4480882123614278,2015,"PRODUTIVIDADE ORGANIZACIONAL: ESTRATÉGIAS DE MELHORIA  COM AS PRÁTICAS DO PEDAGOGO ORGANIZACIONAL","REVISTA EXPRESSÃO CATÓLICA",2237-8782,B1,,,2017-2020
"Marcos Antonio Martins Lima",http://lattes.cnpq.br/4480882123614278,2015,"AVALIAÇÃO INSTITUCIONAL: DELINEANDO NOVAS TENDÊNCIAS RELACIONADAS À GESTÃO ESCOLAR","REVISTA ELETRÔNICA ACTA SAPIENTIA",2675-0937,B4,,,2017-2020
"Marcos Antonio Martins Lima",http://lattes.cnpq.br/4480882123614278,2014,"CONTRIBUIÇÃO DAS CONCEPÇÕES AVALIATIVAS PARA A GESTÃO DEMOCRÁTICA NA ESCOLA","REVISTA EXPRESSÃO CATÓLICA",2237-8782,B1,,,2017-2020
"Marcos Antonio Martins Lima",http://lattes.cnpq.br/4480882123614278,2014,"Funções da gestão educacional: Planejamento, organização, direção e controle nas escolas municipais de Aquiraz-CE, Brasil","REVISTA ELETRÔNICA DE EDUCAÇÃO (SÃO CARLOS)",1982-7199,A2,,,2017-2020
"Marcos Antonio Martins Lima",http://lattes.cnpq.br/4480882123614278,2014,"Lágrimas na chuva: reflexão epistemológica sobre desumanização e desperdício da tecnologia educacional","REVISTA DE CIÊNCIAS HUMANAS (UFSC)",0101-9589,A4,,,2017-2020
"Marcos Antonio Martins Lima",http://lattes.cnpq.br/4480882123614278,2014,"Avaliação da gestão da rede salesiana de ensino no município de Fortaleza/CE","REVISTA EDUCAÇÃO E LINGUAGEM",2359-277X,B2,,,2017-2020
"Marcos Antonio Martins Lima",http://lattes.cnpq.br/4480882123614278,2014,"Modelo de excelência em gestão: percepção dos gestores de organizações públicas do estado do Ceará","GESTÃO PÚBLICA: PRÁTICAS E DESAFIOS",2177-1243,B3,,,2017-2020
"Marcos Antonio Martins Lima",http://lattes.cnpq.br/4480882123614278,2013,"Metodologias de Planejamento Estratégico: uma análise de modelos adotados em organização hospitalar","REVISTA EXPRESSÃO CATÓLICA",2237-8782,B1,,,2017-2020
"Marcos Antonio Martins Lima",http://lattes.cnpq.br/4480882123614278,2013,"REVOLVENDO O PASSADO DA AVALIAÇÃO EDUCACIONAL E ALGUMAS REPERCUSSÕES NA ESCOLA","TEIAS (RIO DE JANEIRO. IMPRESSO)",1518-5370,A2,,,2017-2020
"Marcos Antonio Martins Lima",http://lattes.cnpq.br/4480882123614278,2013,"HISTÓRIA DA AVALIAÇÃO INSTITUCIONAL DO ENSINO SUPERIOR BRASILEIRO: UM RECORTE ENTRE OS ANOS 1970 A 2010","REVISTA IBEROAMERICANA DE EDUCACIÓN (ONLINE)",1681-5653,A2,,,2017-2020
"Marcos Antonio Martins Lima",http://lattes.cnpq.br/4480882123614278,2013,"Cultura e Mudança Organizacional em Instituição de Ensino Superior: uma visão administrativa","REVISTA EXPRESSÃO CATÓLICA",2237-8782,B1,,,2017-2020
"Marcos Antonio Martins Lima",http://lattes.cnpq.br/4480882123614278,2013,"ANÁLISE CRÍTICA DOS PROCESSOS DE COMUNICAÇÃO EM PROJETOS NO SETOR DE ENGENHARIA DE UMA UNIDADE DE REFINO DA PETROBRAS","QUALIT@S (UEPB)",1677-4280,B2,,,2017-2020
"Marcos Antonio Martins Lima",http://lattes.cnpq.br/4480882123614278,2013,"Psicodrama em sala de aula: expressão do ato espontâneo e criativo","VIDA E EDUCAÇÃO (FORTALEZA)",1806-0145,N,,,
"Marcos Antonio Martins Lima",http://lattes.cnpq.br/4480882123614278,2013,"A gestão por competência e as funções de recursos humanos: estudo de caso na Universidade Federal do Ceará (UFC)","REVISTA CIÊNCIAS ADMINISTRATIVAS (UNIFOR)",1414-0896,A3,,,2017-2020
"Marcos Antonio Martins Lima",http://lattes.cnpq.br/4480882123614278,2013,"Avaliação e Planejamento Para o Desenvolvimento Institucional: Estudos Sobre as Missões de Universidade Brasileiras e Suas (Im)Pertinências","REVISTA EDUCAÇÃO EM DEBATE",2526-0847,B1,,,2017-2020
"Marcos Antonio Martins Lima",http://lattes.cnpq.br/4480882123614278,2012,"Avaliação dos Desafios Relacionados às Práticas Docentes em Instituições de Ensino Superior","REVISTA EXPRESSÃO CATÓLICA",2237-8782,B1,,,2017-2020
"Marcos Antonio Martins Lima",http://lattes.cnpq.br/4480882123614278,2012,"Avaliação de Programas de Gestão por Competências: um Estudo em Organizações da Região Metropolitana de Fortaleza - CE","REVISTA ORGANIZAÇÕES EM CONTEXTO (ONLINE)",1982-8756,A3,,,2017-2020
"Marcos Antonio Martins Lima",http://lattes.cnpq.br/4480882123614278,2012,"MORFOLOGIA DAS COMPETÊNCIAS: ANÁLISE DA PRODUÇÃO CIENTÍFICA BRASILEIRA","REVISTA PENSAMENTO CONTEMPORÂNEO EM ADMINISTRAÇÃO (UFF)",1982-2596,A3,,,2017-2020
"Marcos Antonio Martins Lima",http://lattes.cnpq.br/4480882123614278,2012,"Abordagens Humanista e Organizacional na Educação Corporativa","CONHECIMENTO INTERATIVO",1809-3442,B3,,,2017-2020
"Marcos Antonio Martins Lima",http://lattes.cnpq.br/4480882123614278,2011,"Competências profissionais requeridas pelas organizações: percepção dos alunos de curso de Mestrado em Administração e Controladoria","REVISTA CIÊNCIAS ADMINISTRATIVAS (UNIFOR)",1414-0896,A3,,,2017-2020
"Marcos Antonio Martins Lima",http://lattes.cnpq.br/4480882123614278,2011,"A epistemologia de Gaston Bachelard: uma ruptura com as filosofias do imobilismo","REVISTA DE CIÊNCIAS HUMANAS",2178-4582,A4,,,2017-2020
"Marcos Antonio Martins Lima",http://lattes.cnpq.br/4480882123614278,2010,"GESTÃO DO CONHECIMENTO E AVALIAÇÃO DE PROGRAMAS EDUCACIONAIS: PROJETO APLICADO ÀS COOPERATIVAS DO ESTADO DO CEARÁ","REVISTA ELETRÔNICA MESTRADO EM ADMINISTRAÇÃO",1984-4204,A4,,,2017-2020
"Marcos Antonio Martins Lima",http://lattes.cnpq.br/4480882123614278,2009,"GESTÃO DE SISTEMAS DE RECOMPENSAS: ESTUDO DE CASO EM INDÚSTRIA COM PROGRAMA DE REMUNERAÇÃO ESTRATÉGICA FOCADO NA "RESOURCE-BASED MANAGEMENT THEORY"","REVISTA ELETRÔNICA MESTRADO EM ADMINISTRAÇÃO",1984-4204,A4,,,2017-2020
"Marcos Antonio Martins Lima",http://lattes.cnpq.br/4480882123614278,2009,"QUALIDADE DE ATENDIMENTO NA AUTARQUIA MUNICIPAL DE TRÂNSITO, SERVIÇOS PÚBLICOS E DE CIDADANIA DE FORTALEZA (AMC). ANÁLISE A LUZ DO MODELO SERVQUAL","REVISTA DA FA7",1678-9172,C,,,2017-2020
"Marcos Antonio Martins Lima",http://lattes.cnpq.br/4480882123614278,2007,"AVALIAÇÃO DE PROGRAMAS NOS CAMPOS DA EDUCAÇÃO E DA ADMINISTRAÇÃO: IDÉIAS PARA UM PROJETO DE MELHORIA AO MODELO DE KIRKPATRICK","REVISTA ELECTRÓNICA IBEROAMERICANA SOBRE CALIDAD, EFICACIA Y CAMBIO EN EDUCACIÓN",1696-4713,A2,,,2017-2020
"Marcos Antonio Martins Lima",http://lattes.cnpq.br/4480882123614278,2006,"GESTÃO DE COMPETÊNCIAS: VALORIZANDO ESTRATEGICAMENTE AS PESSOAS NAS ORGANIZAÇÕES CEARENSES","SUFFRAGIUM (TRE-CE)",1809-1474,B4,,,2017-2020
"Marcos Antonio Martins Lima",http://lattes.cnpq.br/4480882123614278,2006,"O Caminho de Ida e Volta no Método Marxiano: Uma Trajetória Histórica do Método até a sua Formulação","CONTEXTUS. REVISTA CONTEMPORÂNEA DE ECONOMIA E GESTÃO",1678-2089,B1,,,2017-2020
"Marcos Antonio Martins Lima",http://lattes.cnpq.br/4480882123614278,2005,"CONSTRUÇÃO DEMOCRÁTICA DE PRINCÍPIOS E POLÍTICAS DE DESENVOLVIMENTO HUMANO: UMA EXPERIÊNCIA NO BANCO DO NORDESTE DO BRASIL S/A","RAP. REVISTA BRASILEIRA DE ADMINISTRAÇÃO PÚBLICA",0034-7612,A2,,,2017-2020
"Marcos Antonio Martins Lima",http://lattes.cnpq.br/4480882123614278,2005,"A AVALIAÇÃO NO CONTEXTO HISTÓRICO BRASILEIRO RECENTE DA EDUCAÇÃO SUPERIOR","AVALIAÇÃO: REVISTA DA AVALIAÇÃO DA EDUCAÇÃO SUPERIOR",1414-4077,A1,,,2017-2020
"Marcos Antonio Martins Lima",http://lattes.cnpq.br/4480882123614278,2005,"Uma proposta de taxonomia para programas educacionais aplicados às organizações","REVISTA ANIMA",1676-0522,N,,,
"Marcos Antonio Martins Lima",http://lattes.cnpq.br/4480882123614278,2004,"EDUCAÇÃO EMPRESARIAL: UMA PROPOSTA DE TAXONOMIA PARA PROGRAMAS EDUCACIONAIS APLICADOS ÀS ORGANIZAÇÕES","REVISTA DA FACULDADE CHRISTUS",1676-1855,N,,,
"Marcos Antonio Martins Lima",http://lattes.cnpq.br/4480882123614278,2003,"AVALIAÇÃO DE PROGRAMAS GERENCIAIS DE T","REVISTA ELETRÔNICA DE ADMINISTRAÇÃO & NEGÓCIOS",1517-610X,N,,,
"Marcos Antonio Martins Lima",http://lattes.cnpq.br/4480882123614278,2003,"INOVAÇÃO NA GESTÃO ORGANIZACIONAL E TECNOLÓGICA: CONCEITOS, EVOLUÇÃO HISTÓRICA E IMPLICAÇÕES PARA AS MICRO, PEQUENAS E MÉDIAS EMPRESAS NO BRASIL","REVISTA PRODUÇÃO ONLINE",1676-1901,B2,,,2017-2020
"Marcos Antonio Martins Lima",http://lattes.cnpq.br/4480882123614278,2001,"Gestão e Inovação na Organização do Trabalho: uma Abordagem Histórico-Teórico-Crítica e Implicações em Pequenas e Médias Empresas Brasileiras","READ. REVISTA ELETRÔNICA DE ADMINISTRAÇÃO",1413-2311,A3,,,2017-2020
"Marcos Antonio Martins Lima",http://lattes.cnpq.br/4480882123614278,2001,"GESTÃO E INOVAÇÃO NA ORGANIZAÇÃO DO TRABALHO: UMA ABORDAGEM SOBRE AS PEQUENAS E MÉDIAS EMPRESAS BRASILEIRAS","REVISTA CIÊNCIAS ADMINISTRATIVAS (UNIFOR)",1414-0896,A3,,,2017-2020