nome,lattes_url,ano_publicacao,titulo_publicacao,periodico,issn,qualis,pontos,area,ano_base
"Maria das Dores Mendes Segundo",http://lattes.cnpq.br/2457379318485969,2024,"A Retomada das Competências no Currículo Conforme a Proposta da BNC-Formação Docente no Brasil: mais do mesmo?","REVISTA E-CURRICULUM (PUCSP)",1809-3876,A2,,,2017-2020
"Maria das Dores Mendes Segundo",http://lattes.cnpq.br/2457379318485969,2024,"Programa Agrinho: uma iniciativa do setor agrário na escola","POÍESIS PEDAGÓGICA",2178-4442,B1,,,2017-2020
"Maria das Dores Mendes Segundo",http://lattes.cnpq.br/2457379318485969,2023,"A CRISE ESTRUTURAL DO CAPITAL E AS ESTRATÉGIAS NEOLIBERAIS NA EDUCAÇÃO BÁSICA PÚBLICA BRASILEIRA","REVISTA HISTEDBR ON-LINE",1676-2584,A3,,,2017-2020
"Maria das Dores Mendes Segundo",http://lattes.cnpq.br/2457379318485969,2022,"RESPONSABILIZAÇAO DOCENTE E PROFISSIONALIZAÇÃO DA FORÇA DE TRABALHO: NECESSIDADES DA CRISE ESTRUTURAL DO CAPITAL","REVISTA E-CURRICULUM (PUCSP)",1809-3876,A2,,,2017-2020
"Maria das Dores Mendes Segundo",http://lattes.cnpq.br/2457379318485969,2022,"A LEI 10.639/03 E OS DESAFIOS PARA PROFESSORES(AS) DE HISTÓRIA EM CAETANO/CE","REVISTA EXITUS",2237-9460,A3,,,2017-2020
"Maria das Dores Mendes Segundo",http://lattes.cnpq.br/2457379318485969,2022,"AS REVERBERAÇÕES DA SARS-COV-2 (COVID-19) NA PRÁXIS DOCENTE:  UMA ANÁLISE DAS POLÍTICAS EDUCACIONAIS EM MEIO À UMA CRISE SANITÁRIA MUNDIAL","REVISTA ELETRÔNICA ARMA DA CRÍTICA",1984-4735,B1,,,2017-2020
"Maria das Dores Mendes Segundo",http://lattes.cnpq.br/2457379318485969,2022,"O PRONATEC E OS (DES)CAMINHOS E (DES)CONTINUIDADES DO ENSINO  TÉCNICO NO BRASIL","REVISTA ELETRÔNICA ARMA DA CRÍTICA",1984-4735,B1,,,2017-2020
"Maria das Dores Mendes Segundo",http://lattes.cnpq.br/2457379318485969,2021,"A FORMAÇÃO INTEGRAL NO ENSINO MÉDIO (DES)INTEGRADO NO BRASIL: A INDISSOCIÁVEL RELAÇÃO ENTRE TRABALHO E EDUCAÇÃO","TRABALHO & EDUCAÇÃO (UFMG)",1516-9537,A3,,,2017-2020
"Maria das Dores Mendes Segundo",http://lattes.cnpq.br/2457379318485969,2021,"A exploração das trabalhadoras domiciliares da indústria têxtil de redes de dormir em Jaguaruana - Ceará: a educação escolar negada","REVISTA COCAR (ONLINE)",2237-0315,A2,,,2017-2020
"Maria das Dores Mendes Segundo",http://lattes.cnpq.br/2457379318485969,2021,"DO DOCENTE EFETIVO AO DOCENTE UBERIZADO: A PRECARIZAÇÃO CONTRATUAL DO PROFESSOR NO BRASIL","TRABALHO & EDUCAÇÃO (UFMG)",1516-9537,A3,,,2017-2020
"Maria das Dores Mendes Segundo",http://lattes.cnpq.br/2457379318485969,2020,"A escola de Vigotski e suas contribuições para uma práxis revolucionária","ACTA SCIENTIARUM. EDUCATION (ONLINE)",2178-5201,A2,,,2017-2020
"Maria das Dores Mendes Segundo",http://lattes.cnpq.br/2457379318485969,2020,"Formação docente no horizonte da educação para o mercado: alguns elementos para o debate","REVISTA COCAR (ONLINE)",2237-0315,A2,,,2017-2020
"Maria das Dores Mendes Segundo",http://lattes.cnpq.br/2457379318485969,2020,"A PRECARIZAÇÃO DO TRABALHO DOCENTE NA REDE MUNICIPAL DE ENSINO DE FORTALEZA, EM TEMPOS DE PANDEMIA COVID-19","REVISTA ELETRÔNICA ARMA DA CRÍTICA",1984-4735,B1,,,2017-2020
"Maria das Dores Mendes Segundo",http://lattes.cnpq.br/2457379318485969,2019,"O modelo liberal tecnoburocrático e as recentes reformas educacionais brasileiras: limites da tese reformista na perspectiva marxista","REVISTA BRASILEIRA DE EDUCAÇÃO",1809-449X,A1,,,2017-2020
"Maria das Dores Mendes Segundo",http://lattes.cnpq.br/2457379318485969,2019,"TEORIAS DA EDUCAÇÃO E FORMAÇÃO DO EDUCADOR: contra o esvaziamento do conteúdo e a favor de uma práxis revolucionária","REVISTA IBERO-AMERICANA DE ESTUDOS EM EDUCAÇÃO",2446-8606,A1,,,2017-2020
"Maria das Dores Mendes Segundo",http://lattes.cnpq.br/2457379318485969,2019,"O curso de pedagogia no Brasil sob o escopo do programa de Educação para Todos","REVISTA HISTEDBR ON-LINE",1676-2584,A3,,,2017-2020
"Maria das Dores Mendes Segundo",http://lattes.cnpq.br/2457379318485969,2019,"DO HOMEM NATURAL AO SOCIAL EM JEAN JACQUES ROUSSEAU: APROXIMAÇÕES INTRODUTÓRIAS","DIALOGANDO",2447-8806,C,,,2017-2020
"Maria das Dores Mendes Segundo",http://lattes.cnpq.br/2457379318485969,2018,"A política de Educação para Todos (EPT) no contexto da destrutividade do capital","EDUCAÇÃO EM FOCO",2317-0093,A4,,,2017-2020
"Maria das Dores Mendes Segundo",http://lattes.cnpq.br/2457379318485969,2018,"EDUCAÇÃO PARA A VIOLÊNCIA: CINCO SÉCULOS DE PRÁTICAS COLONIAIS E O MITO DO BRASIL CORDIAL","REVISTA POLÊMICA",1676-0727,B1,,,2017-2020
"Maria das Dores Mendes Segundo",http://lattes.cnpq.br/2457379318485969,2018,"OS NOVOS CURRÍCULOS DOS CURSOS DE PEDAGOGIA:INDICADORES E TENDÊNCIAS","CADERNOS DE PESQUISA",2178-2229,A3,,,2017-2020
"Maria das Dores Mendes Segundo",http://lattes.cnpq.br/2457379318485969,2018,"DO ABSTRATO AO CONCRETO: O MÉTODO MARXIANO DE ANÁLISE DA ECONOMIA POLÍTICA","REVISTA ELETRÔNICA ARMA DA CRÍTICA",1984-4735,B1,,,2017-2020
"Maria das Dores Mendes Segundo",http://lattes.cnpq.br/2457379318485969,2018,"Ciência e tecnologia cativas do capital: da destruição produtiva à produção nos marxos da crise estrutural","ANUÁRIO LUKÁCS 2018",2525-3328,A4,,,2017-2020
"Maria das Dores Mendes Segundo",http://lattes.cnpq.br/2457379318485969,2017,"TRIBUTO AO CENTENÁRIO DA REVOLUÇÃO RUSSA (1917-2017): A TÍTULO DE APRESENTAÇÃO","REVISTA ELETRÔNICA ARMA DA CRÍTICA",1984-4735,B1,,,2017-2020
"Maria das Dores Mendes Segundo",http://lattes.cnpq.br/2457379318485969,2016,"O problema do mundo do trabalho no atual contexto da crise estrutural do capital","CADERNOS DE PESQUISA",2178-2229,A3,,,2017-2020
"Maria das Dores Mendes Segundo",http://lattes.cnpq.br/2457379318485969,2016,"A CRISE DO CAPITAL E A RELAÇÃO COM A EDUCAÇÃO BRASILEIRA","EDUCAÇÃO (UFSM)",0101-9031,A2,,,2017-2020
"Maria das Dores Mendes Segundo",http://lattes.cnpq.br/2457379318485969,2016,"Profissional: crítica à implantação do projeto Ensino Médio Integrado do estado do Ceará.","TRABALHO & EDUCAÇÃO (UFMG)",1516-9537,A3,,,2017-2020
"Maria das Dores Mendes Segundo",http://lattes.cnpq.br/2457379318485969,2015,"A EMERGENTE MODERNIDADE E AS NOVAS IDEIAS EDUCACIONAIS DE ROUSSEAU: ALGUMAS CONSIDERAÇÕES","GESTÃO UNIVERSITÁRIA",1984-3097,N,,,
"Maria das Dores Mendes Segundo",http://lattes.cnpq.br/2457379318485969,2015,"A INCESSANTE E PERVERSA ESSÊNCIA DO CAPITAL: APONTAMENTOS DA INVESTIGAÇÃO MÉSZARIANA ACERCA DA INCONTROLABILIDADE DO SISTEMA","REVISTA ELETRÔNICA ARMA DA CRÍTICA",1984-4735,B1,,,2017-2020
"Maria das Dores Mendes Segundo",http://lattes.cnpq.br/2457379318485969,2014,"A POLÍTICA EDUCACIONAL BRASILEIRA E AS DIRETRIZES DO PROGRAMA EDUCAÇÃO PARA TODOS: NOTAS CRÍTICAS","REVISTA HISTEDBR ON-LINE",1676-2584,A3,,,2017-2020
"Maria das Dores Mendes Segundo",http://lattes.cnpq.br/2457379318485969,2014,"Alienação da sexualidade, emancipação feminina e emancipação humana","EMANCIPAÇÃO (UEPG. IMPRESSO)",1519-7611,A2,,,2017-2020
"Maria das Dores Mendes Segundo",http://lattes.cnpq.br/2457379318485969,2012,"Apontamentos sobre a relação ontogenética entre trabalho e conhecimento","SÉRIE-ESTUDOS (UCDB)",1414-5138,A3,,,2017-2020
"Maria das Dores Mendes Segundo",http://lattes.cnpq.br/2457379318485969,2011,"Ideário Educacional competente no contexto da crise estrutural do capital","CADERNOS DE PESQUISA EM EDUCAÇÃO PPGE-UFES",1519-4507,B1,,,2017-2020
"Maria das Dores Mendes Segundo",http://lattes.cnpq.br/2457379318485969,2011,"O PROGRAMA DE EDUCAÇÃO PARA TODOS (EPT) E A POLÍTICA DE FINANCIAMENTO DO ENSINO BÁSICO NO BRASIL","REVISTA ELETRÔNICA ARMA DA CRÍTICA",1984-4735,B1,,,2017-2020
"Maria das Dores Mendes Segundo",http://lattes.cnpq.br/2457379318485969,2010,"A concepção onto-marxista do ser social: elementos de compreensão","REVISTA ELETRÔNICA ARMA DA CRÍTICA",1984-4735,B1,,,2017-2020
"Maria das Dores Mendes Segundo",http://lattes.cnpq.br/2457379318485969,2009,"Os Paradigmas Educacionais dominantes na agenda dos organismos internacionais: uma análise à luz da crítica marxista","REVISTA ELETRÔNICA ARMA DA CRÍTICA",1984-4735,B1,,,2017-2020
"Maria das Dores Mendes Segundo",http://lattes.cnpq.br/2457379318485969,2009,"Educação para Todos e Reprodução do Capital","TRABALHO NECESSÁRIO",1808-799X,A3,,,2017-2020
"Maria das Dores Mendes Segundo",http://lattes.cnpq.br/2457379318485969,2008,"Marxismo, Educação e Luta de Classes: registro de uma experiência interinstitucional no Progrma de Pós-Graduação em Educação Brasileira da UFC","EDUCAÇÃO EM DEBATE (CESA/UFC)",0102-1117,B1,,,2017-2020
"Maria das Dores Mendes Segundo",http://lattes.cnpq.br/2457379318485969,2007,"Erradicar a pobreza e reproduzir o capital: notas críticas sobre as diretrizes para a educação do novo milênio","CADERNOS DE EDUCAÇÃO (UFPEL)",0104-1371,A2,,,2017-2020
"Maria das Dores Mendes Segundo",http://lattes.cnpq.br/2457379318485969,2006,"Recomendações e advertências do Banco Mundial para a Educação Muncicipal Brasileira: notas críticas.","VIDA E EDUCAÇÃO (FORTALEZA)",1806-0145,N,,,
"Maria das Dores Mendes Segundo",http://lattes.cnpq.br/2457379318485969,2004,"Análise da crise estrutural do capital à luz de Isván Mészáros","EDUCAÇÃO EM DEBATE (CESA/UFC)",0102-1117,B1,,,2017-2020