nome,lattes_url,ano_publicacao,titulo_publicacao,periodico,issn,qualis,pontos,area,ano_base
"Maria Eleni Henrique da Silva",http://lattes.cnpq.br/2076267318309264,2024,"Lutas na Educação Física Escolar: estabilidade ou avanço?","REVISTA CONEXÕES",1983-9030,B2,,,2017-2020
"Maria Eleni Henrique da Silva",http://lattes.cnpq.br/2076267318309264,2024,"Os Esportes com interação nas aulas de Educação Física no Ensino Médio noturno","EDUCACIÓN FÍSICA Y CIENCIA",2314-2561,B2,,,2017-2020
"Maria Eleni Henrique da Silva",http://lattes.cnpq.br/2076267318309264,2023,"Práticas corporais de aventura: o que anuciam os/as alunos/as do ensino médio?","EDUCACIÓN FÍSICA Y CIENCIA",2314-2561,B2,,,2017-2020
"Maria Eleni Henrique da Silva",http://lattes.cnpq.br/2076267318309264,2023,"Possibilidades da implementação da Lei 10.639/03 nos conteúdos obrigatórios da Educação Física escolar","RETRATOS DA ESCOLA",1982-131X,A2,,,2017-2020
"Maria Eleni Henrique da Silva",http://lattes.cnpq.br/2076267318309264,2023,"EducaÃ§Ã£o ambiental: as contribuiÃ§Ãµes da Universidade Federal do CearÃ¡","CUADERNOS DE EDUCACIÓN Y DESARROLLO",1989-4155,A4,,,2017-2020
"Maria Eleni Henrique da Silva",http://lattes.cnpq.br/2076267318309264,2023,"Vamos dar um rolê: skate como prática libertadora","REVISTA PONTO DE VISTA",1983-2656,A1,,,2017-2020
"Maria Eleni Henrique da Silva",http://lattes.cnpq.br/2076267318309264,2023,"BNCC E BNC DA FORMAÇÃO DE PROFESSORES(AS) E AS INFERÊNCIAS NA FORMAÇÃO INICIAL EM EDUCAÇÃO FÍSICA NA UFC","SABERES (NATAL)",1984-3879,B1,,,2017-2020
"Maria Eleni Henrique da Silva",http://lattes.cnpq.br/2076267318309264,2022,"Percepção dos docentes acerca das TIC em aulas de Educação Física Escolar","REVISTA CONEXÕES",1983-9030,B2,,,2017-2020
"Maria Eleni Henrique da Silva",http://lattes.cnpq.br/2076267318309264,2021,"PROFESSORES DE EDUCAÇÃO FÍSICA ESCOLAR ESTÃO PREPARADOS PARA ATUAR COM PESSOAS COM DEFICIÊNCIA?","REVISTA DA ASSOCIAÇÃO BRASILEIRA DE ATIVIDADE MOTORA ADAPTADA",2674-8681,B3,,,2017-2020
"Maria Eleni Henrique da Silva",http://lattes.cnpq.br/2076267318309264,2021,"FORMAÇÃO DOS ACADÊMICOS DE EDUCAÇÃO FÍSICA PARA ATUAÇÃO COM PESSOAS COM DEFICIÊNCIA: UM ESTUDO FOCADO EM UNIVERSIDADES FEDERAIS","REVISTA DA ASSOCIAÇÃO BRASILEIRA DE ATIVIDADE MOTORA ADAPTADA",2674-8681,B3,,,2017-2020
"Maria Eleni Henrique da Silva",http://lattes.cnpq.br/2076267318309264,2021,"Educação física no ensino médio noturno: um estudo a partir do estado da arte","INTERAÇÃO (CURITIBA)",1516-1854,A3,,,2017-2020
"Maria Eleni Henrique da Silva",http://lattes.cnpq.br/2076267318309264,2021,"ESCRITAS JUVENIS E ESPAÇOS FRONTEIRIÇOS COM A EDUCAÇÃO DE JOVENS E ADULTOS: QUAIS DIÁLOGOS?","REVISTA COMMUNITAS",2526-5970,B1,,,2017-2020
"Maria Eleni Henrique da Silva",http://lattes.cnpq.br/2076267318309264,2021,"CLASSIFICAÇÃO DOS ESPORTES E O USO DAS MÍDIAS: DESENVOLVENDO UMA UNIDADE DIDÁTICA NAS AULAS DE EDUCAÇÃO FÍSICA","HTTPS://DOI.ORG/10.51283/RC.V25I3.13456",1517-6069,N,,,
"Maria Eleni Henrique da Silva",http://lattes.cnpq.br/2076267318309264,2021,"GÊNEROS E SEXUALIDADES: ESCRITAS JUVENIS NA TESSITURA DE ESPAÇOS FRONTEIRIÇOS NA EDUCAÇÃO DE JOVENS E ADULTOS","E-MOSAICOS",2316-9303,B2,,,2017-2020
"Maria Eleni Henrique da Silva",http://lattes.cnpq.br/2076267318309264,2021,"A educação Física em Diálogo com Paulo Freire: caminhos para (re)existir em tempos de pandemia rumo ao esperançar","REVISTA BRASILEIRA DE EDUCAÇÃO FÍSICA BRASILEIRA ESCOLAR",2763-7603,N,,,
"Maria Eleni Henrique da Silva",http://lattes.cnpq.br/2076267318309264,2020,"CURRÍCULO COLABORATIVO NA ÁREA DE EDUCAÇÃO FÍSICA: A EXPERIÊNCIA DO MUNICÍPIO DE MARACANAÚ-CE","SOUTH AMERICAN JOURNAL OF BASIC EDUCATION, TECHNICAL AND TECHNOLOGICAL",2446-4821,A4,,,2017-2020
"Maria Eleni Henrique da Silva",http://lattes.cnpq.br/2076267318309264,2020,"O lazer na educação física escolar como possibilidade para a formação humana de alunos da prefeitura de Fortaleza","BRAZILIAN JOURNAL OF DEVELOPMENT",2525-8761,C,,,2017-2020
"Maria Eleni Henrique da Silva",http://lattes.cnpq.br/2076267318309264,2020,"Análise das impressões dos professores mestrando do proef acerca da BNCC","BRAZILIAN JOURNAL OF DEVELOPMENT",2525-8761,C,,,2017-2020
"Maria Eleni Henrique da Silva",http://lattes.cnpq.br/2076267318309264,2020,"A prática educativa ao estímulo do protagonismo juvenil por meio das práticas corporais na escola de tempo integral de fortaleza","BRAZILIAN JOURNAL OF DEVELOPMENT",2525-8761,C,,,2017-2020
"Maria Eleni Henrique da Silva",http://lattes.cnpq.br/2076267318309264,2019,"AS BASES FREIREANAS DA EDUCOMUNICAÇÃO PRESENTES NO PROGRAMA CONEXÕES PERIFÉRICAS","REVISTA DEBATES INSUBMISSOS",2595-2803,B2,,,2017-2020
"Maria Eleni Henrique da Silva",http://lattes.cnpq.br/2076267318309264,2018,"SURFANDO PARA A VIDA: UM ESTUDO SOBRE O PAPEL DO SURFE COMO PRÁTICA PEDAGÓGICA LIBERTADORA","INSTRUMENTO - REVISTA EM ESTUDO E PESQUISA EM EDUCAÇÃO",1984-5499,B1,,,2017-2020
"Maria Eleni Henrique da Silva",http://lattes.cnpq.br/2076267318309264,2017,"REVISTA DE ESTUDIOS E INVESTIGACION EN PSICOLOGIA Y EDUCACION","REVISTA DE ESTUDIOS E INVESTIGACION EN PSICOLOGIA  Y EDUCACIÓN",2386-7418,A3,,,2017-2020
"Maria Eleni Henrique da Silva",http://lattes.cnpq.br/2076267318309264,2017,"Motivos pela rejeição a Educação Física escolar: sob a luz de uma comunidade do facebook","LECTURAS EDUCACIÓN FÍSICA Y DEPORTES",1514-3465,B1,,,2017-2020
"Maria Eleni Henrique da Silva",http://lattes.cnpq.br/2076267318309264,2015,"Princípios para pensar a contextualização do ensino nas aulas de educação física escolar em nível de ensino médio no município de Caucaia-CE","THE FIEP BULLETIN",0256-6419,B3,,,2017-2020
"Maria Eleni Henrique da Silva",http://lattes.cnpq.br/2076267318309264,2015,"Educaçõa Física territorial: a distância entre a sala de aula e a quadra no ensino médio nas escolas estaduais no município de Caucaia-CE","THE FIEP BULLETIN",0256-6419,B3,,,2017-2020
"Maria Eleni Henrique da Silva",http://lattes.cnpq.br/2076267318309264,2015,"Educação Física Escolar contextualizada e dialógica: um percurso histórico em busca das primeiras evidências antes dos anos de 1980","CORPUS ET SCIENTIA",1981-6855,N,,,
"Maria Eleni Henrique da Silva",http://lattes.cnpq.br/2076267318309264,2014,"Sistematização Curricular na Educação Física na Escola","LECTURAS EDUCACIÓN FÍSICA Y DEPORTES (BUENOS AIRES)",1514-3465,B1,,,2017-2020
"Maria Eleni Henrique da Silva",http://lattes.cnpq.br/2076267318309264,2014,"PARA ALÉM DA PERSPECTIVA CLÁSSICA: NOVAS POSSIBILIDADES DE COMPREENDER A FORMAÇÃO CONTINUADA EM EDUCAÇÃO FÍSICA ESCOLAR","LECTURAS EDUCACIÓN FÍSICA Y DEPORTES (BUENOS AIRES)",1514-3465,B1,,,2017-2020
"Maria Eleni Henrique da Silva",http://lattes.cnpq.br/2076267318309264,2014,"A Formação Permanente relacional e seus dessobramentos para a prática pedagógica da educação Física Escolar","THE FIEP BULLETIN",0256-6419,B3,,,2017-2020
"Maria Eleni Henrique da Silva",http://lattes.cnpq.br/2076267318309264,2014,"Integrando os saberes: o trabalho reflexivo na formação permanente de professores de Educação Física Escolar","THE FIEP BULLETIN",0256-6419,B3,,,2017-2020
"Maria Eleni Henrique da Silva",http://lattes.cnpq.br/2076267318309264,2012,"Educador(a) Intercultural numa Perspectiva de Formação Ambientalizada e Descolonializante.","REVISTA PEDAGÓGICA (UNOCHAPECÓ. ONLINE)",1984-1566,A4,,,2017-2020