nome,lattes_url,ano_publicacao,titulo_publicacao,periodico,issn,qualis,pontos,area,ano_base
"Maria José Costa dos Santos",http://lattes.cnpq.br/3144508981197442,2024,"G-TERCOA: Uma década de formação e debate sobre a Educação Básica no Brasil","HTTPS://DOI.ORG/10.0000/REDE.V2.E2024002",2965-6753,N,,,
"Maria José Costa dos Santos",http://lattes.cnpq.br/3144508981197442,2024,"A Cultura Maker no contexto da Modelagem MatemÃ¡tica: uma revisÃ£o sistemÃ¡tica da literatura","ENSINO DA MATEMÁTICA EM DEBATE",2358-4122,A4,,,2017-2020
"Maria José Costa dos Santos",http://lattes.cnpq.br/3144508981197442,2024,"The Fedathi Sequence methodology and the training of reflective teachers","CONCILIUM (ENGLISH LANGUAGE EDITION)",0010-5236,A2,,,2017-2020
"Maria José Costa dos Santos",http://lattes.cnpq.br/3144508981197442,2024,"O Sistema Permanente de Avaliação da Educação Básica do Ceará (Spaece): trinta anos de história","EDUCAÇÃO: TEORIA E PRÁTICA",1981-8106,A2,,,2017-2020
"Maria José Costa dos Santos",http://lattes.cnpq.br/3144508981197442,2024,"Ensino   de   Álgebra:   mapeamento   das   pesquisas   na   Pós-Graduação no Brasil (2016-2023) nos 5° e 6° anos","CADERNO PEDAGÓGICO (LAJEADO. ONLINE)",1983-0882,A2,,,2017-2020
"Maria José Costa dos Santos",http://lattes.cnpq.br/3144508981197442,2024,"ENSINO DE ESTATÍSTICA E SEQUÊNCIA FEDATHI: UM RELATO DE EXPERIÊNCIA NOS ANOS FINAIS DO ENSINO FUNDAMENTAL","PAIDÉI@ (SANTOS)",1982-6109,A4,,,2017-2020
"Maria José Costa dos Santos",http://lattes.cnpq.br/3144508981197442,2024,"Práticas pedagógicas, no ensino de Matemática, mediadas pelas Tecnologias Digitais no ensino remoto","REVISTA COCAR (ONLINE)",2237-0315,A2,,,2017-2020
"Maria José Costa dos Santos",http://lattes.cnpq.br/3144508981197442,2024,"A Sequência Fedathi como Metodologia de Análise de Dados","CADERNO PEDAGÓGICO (LAJEADO. ONLINE)",1983-0882,A2,,,2017-2020
"Maria José Costa dos Santos",http://lattes.cnpq.br/3144508981197442,2024,"Resenha da obra Teoria da objetivação: uma perspectiva vygotskiana sobre conhecer e vir a ser no ensino e aprendizagem da matemática","REVISTA BRASILEIRA DE EDUCAÇÃO",1809-449X,A1,,,2017-2020
"Maria José Costa dos Santos",http://lattes.cnpq.br/3144508981197442,2024,"Animais articulados: uma atividade maker para os anos iniciais do Ensino Fundamental","REVISTA EDUCAR MAIS",2237-9185,B3,,,2017-2020
"Maria José Costa dos Santos",http://lattes.cnpq.br/3144508981197442,2024,"Integração das TDIC no ensino de matemática: percepções e desafios docentes","REVISTA CEARENSE DE EDUCAÇÃO MATEMÁTICA",2764-8311,N,,,
"Maria José Costa dos Santos",http://lattes.cnpq.br/3144508981197442,2024,"Avaliação da aprendizagem matemática no 5º ano do ensino fundamental: uma revisão bibliográfica","CONTRIBUCIONES A LAS CIENCIAS SOCIALES",1988-7833,A4,,,2017-2020
"Maria José Costa dos Santos",http://lattes.cnpq.br/3144508981197442,2024,"A produção do pensamento aritmético na formação inicial do pedagogo: contributos da Teoria da Objetivação","REVISTA DE MATEMÁTICA, ENSINO E CULTURA",2675-1909,N,,,
"Maria José Costa dos Santos",http://lattes.cnpq.br/3144508981197442,2024,"Teoria da Objetivação, Sequência Fedathi e Letramento Matemático: reflexões sobre uma oficina de geometria","REVISTA DE MATEMÁTICA, ENSINO E CULTURA",2675-1909,N,,,
"Maria José Costa dos Santos",http://lattes.cnpq.br/3144508981197442,2024,"SÓLIDOS GEOMÉTRICOS, REALIDADE AUMENTADA E SEQUÊNCIA FEDATHI: UMA ABORDAGEM DIDÁTICA MEDIADA PELA TECNOLOGIA","REVISTA SERGIPANA DE MATEMÁTICA E EDUCAÇÃO MATEMÁTICA",2525-5444,A4,,,2017-2020
"Maria José Costa dos Santos",http://lattes.cnpq.br/3144508981197442,2024,"","RLE (PASTO)",2011-5474,A2,,,2017-2020
"Maria José Costa dos Santos",http://lattes.cnpq.br/3144508981197442,2024,"TEORIA DA OBJETIVAÇÃO NA FORMAÇÃO CONTINUADA DO PROFESSOR DE MATEMÁTICA NO BRASIL","REVISTA ELECTRÓNICA DE INVESTIGACIÓN EN EDUCACIÓN EN CIENCIAS (EN LÍNEA)",1850-6666,A2,,,2017-2020
"Maria José Costa dos Santos",http://lattes.cnpq.br/3144508981197442,2023,"O uso do geogebra na resolução e interpretação gráfica de sequências numéricas em um contexto olímpico","ETD: EDUCAÇÃO TEMÁTICA DIGITAL",1676-2592,A1,,,2017-2020
"Maria José Costa dos Santos",http://lattes.cnpq.br/3144508981197442,2023,"As contribuições da Etnomatemática na formação continuada de professores que ensinam matemática","REVISTA DE MATEMÁTICA, ENSINO E CULTURA",2675-1909,N,,,
"Maria José Costa dos Santos",http://lattes.cnpq.br/3144508981197442,2023,"As contribuições da Etnomatemática na formação continuada de professores que ensinam matemática","REVISTA DE MATEMÁTICA, ENSINO E CULTURA",1980-3141,A4,,,2017-2020
"Maria José Costa dos Santos",http://lattes.cnpq.br/3144508981197442,2023,"As contribuições do letramento matemático e da Sequência Fedathi: o curso de extensão como uma proposta de formação continuada","CONTRIBUCIONES A LAS CIENCIAS SOCIALES",1988-7833,A4,,,2017-2020
"Maria José Costa dos Santos",http://lattes.cnpq.br/3144508981197442,2023,"O pensamento geométrico de Van Hiele na formação de professores de  matemática dos anos iniciais e finais do ensino fundamental: reflexões  Fedathianas inclusivas com o uso pedagógico do pantógrafo","OBSERVATORIO DE LA ECONOMÍA LATINOAMERICANA",1696-8352,A4,,,2017-2020
"Maria José Costa dos Santos",http://lattes.cnpq.br/3144508981197442,2023,"SituaÃ§Ã£o DidÃ¡tica OlÃ­mpica e as SequÃªncias Lineares de Segunda Ordem: uma Proposta de AplicaÃ§Ã£o na Perspectiva da Teoria das SituaÃ§Ãµes DidÃ¡ticas","JORNAL INTERNACIONAL DE ESTUDOS EM EDUCAÇÃO MATEMÁTICA",2176-5634,A3,,,2017-2020
"Maria José Costa dos Santos",http://lattes.cnpq.br/3144508981197442,2023,"Arquitetura da informação pervasiva: análise das questões semânticas de acessibilidade, usabilidade e encontrabilidade da Biblioteca Digital Domínio Público","CONTRIBUCIONES A LAS CIENCIAS SOCIALES",1988-7833,A4,,,2017-2020
"Maria José Costa dos Santos",http://lattes.cnpq.br/3144508981197442,2023,"A sequência FEDATHI no ensino de Geometria: uma experiência inclusiva a partir da realidade aumentada e os sólidos de Platão 3D","BOLETIM CEARENSE DE EDUCAÇÃO E HISTÓRIA DA MATEMÁTICA",2447-8504,B1,,,2017-2020
"Maria José Costa dos Santos",http://lattes.cnpq.br/3144508981197442,2023,"A análise de erros baseada em evidências como estratégia de apoio na promoção da aprendizagem matemática","OBSERVATORIO DE LA ECONOMÍA LATINOAMERICANA",1696-8352,A4,,,2017-2020
"Maria José Costa dos Santos",http://lattes.cnpq.br/3144508981197442,2023,"O impacto da base nacional comum curricular na formação do professor: uma revisão sistemática","OBSERVATORIO DE LA ECONOMÍA LATINOAMERICANA",1696-8352,A4,,,2017-2020
"Maria José Costa dos Santos",http://lattes.cnpq.br/3144508981197442,2022,"O sociointeracionismode Vygotsky na aprendizagem das funções quadráticas: um estudo com a mediação do softwaregeogebra","HTTPS://DOI.ORG/10.30612/TANGRAM.V5I1.11435",2595-0967,A3,,,2017-2020
"Maria José Costa dos Santos",http://lattes.cnpq.br/3144508981197442,2022,"Interdisciplinaridade e processos de ensino e aprendizagem: experiências formativas de docentes que lecionam matemática","CONCILIUM (BRASIL)",1414-7327,A2,,,2017-2020
"Maria José Costa dos Santos",http://lattes.cnpq.br/3144508981197442,2022,"Flipped classroom: a strategy for implementing active methodologies in times of the Covid-19 pandemic","RESEARCH, SOCIETY AND DEVELOPMENT",2525-3409,C,,,2017-2020
"Maria José Costa dos Santos",http://lattes.cnpq.br/3144508981197442,2022,"Ensino de Estatística como Objeto de Pesquisa: Uma Revisão Sistemática da Literatura para o período de 2014 a 2021","UNIÓN (SAN CRISTOBAL DE LA LAGUNA)",1815-0640,A3,,,2017-2020
"Maria José Costa dos Santos",http://lattes.cnpq.br/3144508981197442,2022,"REFLEXIONES DE UNA PROFESORA DE ENSEÑANZA DE MATEMÁTICAS SOBRE LOS INSTRUMENTOS DE EVALUACIÓN","RECIMA 21",2675-6218,B4,,,2017-2020
"Maria José Costa dos Santos",http://lattes.cnpq.br/3144508981197442,2022,"A Categorização do Raciocínio Matemático de Alunos do Curso de Pedagogia como Contribuição a Formação de Professores","JORNAL INTERNACIONAL DE ESTUDOS EM EDUCAÇÃO MATEMÁTICA",2176-5634,A3,,,2017-2020
"Maria José Costa dos Santos",http://lattes.cnpq.br/3144508981197442,2022,"Letramento Matemático e Transdisciplinaridade: investigação de inter-relaçõescontempladas na BNCC","REVISTA DE ENSINO DE CIÊNCIAS E MATEMÁTICA (RENCIMA)",2179-426X,A2,,,2017-2020
"Maria José Costa dos Santos",http://lattes.cnpq.br/3144508981197442,2022,"Sala de Aula Invertida: uma  estratégia para implementação de  metodologias ativas em tempos de  pandemia de Covid-19","RESEARCH, SOCIETY AND DEVELOPMENT",2525-3409,C,,,2017-2020
"Maria José Costa dos Santos",http://lattes.cnpq.br/3144508981197442,2022,"A Teoria da Objetivação e as TIC nas formações continuadas de Matemática: uma revisão integrativa","HTTPS://DOI.ORG/10.56938/RCEEM.V1I1.3173",2764-8311,N,,,
"Maria José Costa dos Santos",http://lattes.cnpq.br/3144508981197442,2021,"A MATEMÁTICA E O ALUNO COM DEFICIÊNCIA VISUAL: METODOLOGIAS DE MEDIAÇÃO E A ELABORAÇÃO DE CONCEITOS","INTERFACES CIENTÍFICAS - EDUCAÇÃO",2316-3828,A4,,,2017-2020
"Maria José Costa dos Santos",http://lattes.cnpq.br/3144508981197442,2021,"Saberes populares, Etnomatemática e o uso de Jogos no ensino de Geometria","RESEARCH, SOCIETY AND DEVELOPMENT",2525-3409,C,,,2017-2020
"Maria José Costa dos Santos",http://lattes.cnpq.br/3144508981197442,2021,"As tecnologias educacionais digitais e as metodologias ativas para o ensino de matemática","BRAZILIAN JOURNAL OF DEVELOPEMENT",2525-8761,C,,,2017-2020
"Maria José Costa dos Santos",http://lattes.cnpq.br/3144508981197442,2021,"A performance-based funding da educação básica no Brasil","RESEARCH, SOCIETY AND DEVELOPMENT",2525-3409,C,,,2017-2020
"Maria José Costa dos Santos",http://lattes.cnpq.br/3144508981197442,2021,"Oficina de Origami: Um recurso estratégico para o ensino de Geometria","RESEARCH, SOCIETY AND DEVELOPMENT",2525-3409,C,,,2017-2020
"Maria José Costa dos Santos",http://lattes.cnpq.br/3144508981197442,2021,"O uso do  GeoGebra para  a interpretação geométrica de funções aplicadas ao estudo  das progressões aritméticas e geométricas","REVISTA ELECTRÓNICA DE INVESTIGACIÓN EN EDUCACIÓN EN CIENCIAS (EN LÍNEA)",1850-6666,A2,,,2017-2020
"Maria José Costa dos Santos",http://lattes.cnpq.br/3144508981197442,2021,"A formação de professores e o desenvolvimento do pensamento computacional: um panorama de pesquisas no ensino de matemática nos anos iniciais do ensino fundamental","TEAR: REVISTA DE EDUCAÇÃO, CIÊNCIA E TECNOLOGIA",2238-8079,B1,,,2017-2020
"Maria José Costa dos Santos",http://lattes.cnpq.br/3144508981197442,2021,"A importância do programa alfabetização na idade certa (PAIC) para a formação de professores e elevação da proficiência em matemática no município de Palhano: um estudo de caso.","REVISTA CIENTÍFICA MULTIDISCIPLINAR NÚCLEO DO CONHECIMENTO",2448-0959,B1,,,2017-2020
"Maria José Costa dos Santos",http://lattes.cnpq.br/3144508981197442,2021,"SUBSIDIATING THE TRAINING OF THE MATHEMATICS TEACHER","INTERNATIONAL JOURNAL OF DEVELOPMENT RESEARCH",2230-9926,C,,,2017-2020
"Maria José Costa dos Santos",http://lattes.cnpq.br/3144508981197442,2021,"Currículo educacional: um olhar sobre suas concepções teóricas","INTERAÇÃO (CURITIBA)",2763-9010,N,,,
"Maria José Costa dos Santos",http://lattes.cnpq.br/3144508981197442,2021,"Implicações do Sistema Permanente de Avaliação da Educação Básica do Ceará (SPAECE) no fomento à cultura de performantividade","CONJECTURAS",1657-5830,B4,,,2017-2020
"Maria José Costa dos Santos",http://lattes.cnpq.br/3144508981197442,2021,"Teoria da Objetivação: reflexões sobre o engajamento nas aulas de matemática para uma aprendizagem colaborativa","REVISTA DE MATEMÁTICA, ENSINO E CULTURA",1980-3141,A4,,,2017-2020
"Maria José Costa dos Santos",http://lattes.cnpq.br/3144508981197442,2021,"Matemática dos anos iniciais do ensino fundamental: currículo e avaliação","REVISTA COCAR (ONLINE)",2237-0315,A2,,,2017-2020
"Maria José Costa dos Santos",http://lattes.cnpq.br/3144508981197442,2021,"A formação de professores e o desenvolvimento do pensamento computacional: um panorama de pesquisas no ensino de matemática nos anos iniciais do ensino fundamental","TEAR: REVISTA DE EDUCAÇÃO, CIÊNCIA E TECNOLOGIA",2238-8079,B1,,,2017-2020
"Maria José Costa dos Santos",http://lattes.cnpq.br/3144508981197442,2021,"BNCCe pandemia Covid-19: impactos causados em uma escola EJA cearense","RESEARCH, SOCIETY AND DEVELOPMENT",2525-3409,C,,,2017-2020
"Maria José Costa dos Santos",http://lattes.cnpq.br/3144508981197442,2020,"THE MATH TEACHER'S LOOK ON THE USE OF MANCALA AS A PEDAGOGICAL TOOL","INTERNATIONAL JOURNAL OF DEVELOPMENT RESEARCH",2230-9926,C,,,2017-2020
"Maria José Costa dos Santos",http://lattes.cnpq.br/3144508981197442,2020,"O letramento matemático nos anos iniciais do ensino fundamental","HTTP://DX.DOI.ORG/10.37084/REMATEC.1980-3141.2020.N0.P96-116.ID238",2675-1909,N,,,
"Maria José Costa dos Santos",http://lattes.cnpq.br/3144508981197442,2020,"Um estudo sobre a variação dos coeficientes de uma função quadrática no ambiente do software geogebra","RESEARCH, SOCIETY AND DEVELOPMENT",2525-3409,C,,,2017-2020
"Maria José Costa dos Santos",http://lattes.cnpq.br/3144508981197442,2020,"The pedagogue and the teaching of mathematics","RESEARCH, SOCIETY AND DEVELOPMENT",2525-3409,C,,,2017-2020
"Maria José Costa dos Santos",http://lattes.cnpq.br/3144508981197442,2020,"Análise dos Parâmetros de Itens de Matemática à luz da Teoria Clássica dos Testes (TCT) e da Teoria de Resposta ao Item (TRI)","PERSPECTIVAS DA EDUCAÇÃO MATEMÁTICA",2359-2842,A2,,,2017-2020
"Maria José Costa dos Santos",http://lattes.cnpq.br/3144508981197442,2020,"Currículo, Formação e Políticas Públicas","REVISTA DIÁLOGOS EM EDUCAÇÃO",2675-5742,B2,,,2017-2020
"Maria José Costa dos Santos",http://lattes.cnpq.br/3144508981197442,2020,"IX DIMA ON LINE: Uma experiência exitosa em período de pandemia","OLHAR DE PROFESOR",1984-0187,B1,,,2017-2020
"Maria José Costa dos Santos",http://lattes.cnpq.br/3144508981197442,2019,"CONTRIBUTIONS OF FIGURES NUMBERS IN THE  DEVELOPMENT OF GEOMETRIC THOUGHT","INTERNATIONAL JOURNAL FOR INNOVATION EDUCATION AND RESEARCH",2411-3123,C,,,2017-2020
"Maria José Costa dos Santos",http://lattes.cnpq.br/3144508981197442,2019,"A Metodologia Sequência Fedathi no processo de formação docente, de ensino e de aprendizagem da matemática: Uma revisão integrativa","BRAZILIAN JOURNAL OF DEVELOPMENT",2525-8761,C,,,2017-2020
"Maria José Costa dos Santos",http://lattes.cnpq.br/3144508981197442,2019,"CONTRIBUTIONS OF FIGURES NUMBERS IN THE DEVELOPMENT OF GEOMETRIC THOUGHT","INTERNATIONAL JOURNAL FOR INNOVATION EDUCATION AND RESEARCH",2411-2933,C,,,2017-2020
"Maria José Costa dos Santos",http://lattes.cnpq.br/3144508981197442,2019,"GEOGEBRA SOFTWARE APPLICATIONS FOR MATH EDUCATION: AN INTEGRATIVE REVIEW","INTERNATIONAL JOURNAL OF DEVELOPMENT RESEARCH",2230-9926,C,,,2017-2020
"Maria José Costa dos Santos",http://lattes.cnpq.br/3144508981197442,2019,"GEOGEBRA SOFTWARE APPLICATIONS FOR MATH EDUCATION: AN INTEGRATIVE REVIEW","INTERNATIONAL JOURNAL OF DEVELOPMENT RESEARCH",2230-9926,C,,,2017-2020
"Maria José Costa dos Santos",http://lattes.cnpq.br/3144508981197442,2019,"CONTRIBUTIONS OF FIGURES NUMBERS IN THE DEVELOPMENT OF GEOMETRIC THOUGHT","INTERNATIONAL JOURNAL FOR INNOVATION EDUCATION AND RESEARCH",2411-2933,C,,,2017-2020
"Maria José Costa dos Santos",http://lattes.cnpq.br/3144508981197442,2019,"A metodologia sequência fedathi na disciplina de férias currículo, avaliação e criatividade na matemática do ensino fundamental","BRAZILIAN APPLIED SCIENCE REVIEW (BASR)",2595--362,N,,,
"Maria José Costa dos Santos",http://lattes.cnpq.br/3144508981197442,2018,"A formação do professor de matemática: metodologia sequência fedathi(sf)","REVISTA LUSÓFONA DE EDUCAÇÃO",1645-7250,A2,,,2017-2020
"Maria José Costa dos Santos",http://lattes.cnpq.br/3144508981197442,2018,"O currículo de matemática dos anos iniciais do ensino fundamental na base nacional comum curricular (BNCC): os subalternos falam?","HORIZONTES",2317-109X,A2,,,2017-2020
"Maria José Costa dos Santos",http://lattes.cnpq.br/3144508981197442,2018,"Letramento em Matemática no PISA: o que sabem e podem fazer os estudantes?","ZETETIKÉ (ON LINE)",2176-1744,A2,,,2017-2020
"Maria José Costa dos Santos",http://lattes.cnpq.br/3144508981197442,2018,"Matemática e cultura: a simetria e o pensamento algébrico","REVISTA DE MATEMÁTICA, ENSINO E CULTURA",1980-3141,A4,,,2017-2020
"Maria José Costa dos Santos",http://lattes.cnpq.br/3144508981197442,2017,"PESQUISA EM AVALIAÇÃO: ALGUMAS REFLEXÕES","BOLETIM GEPEM (ONLINE)",2176-2988,A4,,,2017-2020
"Maria José Costa dos Santos",http://lattes.cnpq.br/3144508981197442,2017,"A INSUBORDINAÇÃO CRIATIVA NA FORMAÇÃO CONTÍNUA DO PEDAGOGO PARA O ENSINO DA MATEMÁTICA: OS SUBALTERNOS FALAM?","REVISTA DE ENSINO DE CIÊNCIAS E MATEMÁTICA (RENCIMA)",2179-426X,A2,,,2017-2020
"Maria José Costa dos Santos",http://lattes.cnpq.br/3144508981197442,2016,"Tecendo redes intelectivas na Matemática nos anos iniciais do ensino fundamental: relações entre currículo e avaliação externa (SPAECE)","REVISTA DE MATEMÁTICA, ENSINO E CULTURA",1980-3141,A4,,,2017-2020
"Maria José Costa dos Santos",http://lattes.cnpq.br/3144508981197442,2015,"CONSTRUÇÃO CONCEITUAL DAS FRAÇÕES POR MEIO DE SITUAÇÕES COTIDIANAS","BOLETIM CEARENSE DE EDUCAÇÃO E HISTÓRIA DA MATEMÁTICA",2357-8661,B1,,,2017-2020
"Maria José Costa dos Santos",http://lattes.cnpq.br/3144508981197442,2015,"RELAÇÕES ENTRE A  SEQUÊNCIA FEDATHI E AS ALAVANCAS  META NO ENSINO DE ÁLGEBRA LINEAR","EM TEIA - REVISTA DE EDUCAÇÃO MATEMÁTICA E TECNOLÓGICA IBEROAMERICANA",2177-9309,B1,,,2017-2020
"Maria José Costa dos Santos",http://lattes.cnpq.br/3144508981197442,2015,"O PEDAGOGO: UM PROFISSIONAL E MUITOS SABERES","REVISTA FIPED",2316-1086,N,,,
"Maria José Costa dos Santos",http://lattes.cnpq.br/3144508981197442,2015,"RELAÇÕES ENTRE A  SEQUÊNCIA FEDATHI E AS ALAVANCAS  META NO ENSINO DE ÁLGEBRA LINEAR","EM TEIA - REVISTA DE EDUCAÇÃO MATEMÁTICA E TECNOLÓGICA IBEROAMERICANA",2177-9309,B1,,,2017-2020
"Maria José Costa dos Santos",http://lattes.cnpq.br/3144508981197442,2014,"Matemática na EJA através da metodologia Sequência Fedathi e do livro paradidático","REVISTA FIPED",2316-1086,N,,,
"Maria José Costa dos Santos",http://lattes.cnpq.br/3144508981197442,2014,"Matemática na EJA através da metodologia Sequência Fedathi e do livro paradidático","REVISTA FIPED",2316-1086,N,,,
"Maria José Costa dos Santos",http://lattes.cnpq.br/3144508981197442,2010,"O MODE LO PIAGET IANO E O ENSINO E A APREND I ZAGEM DAS FRAÇÕES","REMATEC. REVISTA DE MATEMÁTICA, ENSINO E CULTURA (UFRN)",1980-3141,A4,,,2017-2020
"Maria José Costa dos Santos",http://lattes.cnpq.br/3144508981197442,2010,"O Matemático, o licenciado em matemática e o pedagogo: três concepções diferentes na abordagem matemática","REVISTA DE MATEMÁTICA, ENSINO E CULTURA",1980-3141,A4,,,2017-2020
"Maria José Costa dos Santos",http://lattes.cnpq.br/3144508981197442,2010,"O Matemático, o licenciado em matemática e o pedagogo: três concepções diferentes na abordagem matemática","REVISTA DE MATEMÁTICA, ENSINO E CULTURA",1980-3141,A4,,,2017-2020
"Maria José Costa dos Santos",http://lattes.cnpq.br/3144508981197442,2009,"A FORMAÇÃO INICIAL DO PEDAGOGO: O QUE SABEM OS FUTUROS PROFESSORES ACERCA DO CONCEITO DE FRAÇÕES","II FÓRUM INTERNACIONAL DE PEDAGOGIA",2175-9316,N,,,