nome,lattes_url,ano_publicacao,titulo_publicacao,periodico,issn,qualis,pontos,area,ano_base
"Maria Isabel Filgueiras Lima Ciasca",http://lattes.cnpq.br/5925252647916359,2024,"HETEROGENEIDADE EM SALA DE AULA: PERSPECTIVAS E DESAFIOS NO TRABALHO COM AGRUPAMENTOS PRODUTIVOS","EDUCAÇÃO EM DEBATE (UFC)",0102-1117,B1,,,2017-2020
"Maria Isabel Filgueiras Lima Ciasca",http://lattes.cnpq.br/5925252647916359,2023,"O EIXO DE GESTÃO DO PROGRAMA MAIS PAIC E A FORMAÇÃO PEDAGÓGICA: ANÁLISE DE SATISFAÇÃO CENTRADA NA AVALIAÇÃO DO CONSUMIDOR","REVISTA VALORE",2525-9008,B2,,,2017-2020
"Maria Isabel Filgueiras Lima Ciasca",http://lattes.cnpq.br/5925252647916359,2023,"UM ESTUDO SOBRE A DECLARAÇÃO DE MISSÃO DAS UNIVERSIDADES FEDERAIS BRASILEIRAS","REVISTA BRASILEIRA DE POLÍTICA E ADMINISTRAÇÃO DA EDUCAÇÃO",1678-166X,A1,,,2017-2020
"Maria Isabel Filgueiras Lima Ciasca",http://lattes.cnpq.br/5925252647916359,2023,"AVALIAÇÃO EM PERSPECTIVA: UMA BÚSSOLA ORIENTADORA DOS PROCESSOS DE ENSINO E DE APRENDIZAGEM","REVISTA ESTUDOS APLICADOS EM EDUCAÇÃO",2525-703X,B1,,,2017-2020
"Maria Isabel Filgueiras Lima Ciasca",http://lattes.cnpq.br/5925252647916359,2022,"Sistemas Brasileiros de Avaliação da Educação: o SPAECE no centro do debate","INTERNATIONAL JOURNAL OF DEVELOPMENT RESEARCH",2230-9926,C,,,2017-2020
"Maria Isabel Filgueiras Lima Ciasca",http://lattes.cnpq.br/5925252647916359,2022,"Reflexões sobre o papel e o desenvolvimento da gestão escolar","REVISTA INTERAGIR",1809-5771,A2,,,2017-2020
"Maria Isabel Filgueiras Lima Ciasca",http://lattes.cnpq.br/5925252647916359,2022,"ALFABETIZAÇÃO ESCOLAR: CONCEITOS CONTEMPORÂNEOS E SUA RELAÇÃO COM O  LETRAMENTO","FORM@RE -REVISTA DO PLANO NACIONAL DE FORMAÇÃO DE PROFESSOES DA EDUCAÇÃO BÁSICA/UFPI",2318-986X,B2,,,2017-2020
"Maria Isabel Filgueiras Lima Ciasca",http://lattes.cnpq.br/5925252647916359,2021,"AVALIAÇÃO EM ESCOLAS DE EDUCAÇÃO PROFISSIONAL INTEGRADA AO ENSINO MÉDIO.","REGAE: REVISTA DE GESTÃO E AVALIAÇÃO EDUCACIONAL",2176-2171,B1,,,2017-2020
"Maria Isabel Filgueiras Lima Ciasca",http://lattes.cnpq.br/5925252647916359,2021,"Disciplina como Fator Essencial à Oferta do Ensino Profissional Integrado ao Ensino Médio.","SISYPHUS - JOURNAL OF EDUCATION",2182-8474,N,,,
"Maria Isabel Filgueiras Lima Ciasca",http://lattes.cnpq.br/5925252647916359,2021,"HISTÓRIA DA EDUCAÇÃO PROFISSIONAL NO BRASIL: do período colonial ao governo MichelTemer(1500-2018)","EDUCAÇÃO PROFISSIONAL E TECNOLÓGICA EM REVISTA",2594-4827,B2,,,2017-2020
"Maria Isabel Filgueiras Lima Ciasca",http://lattes.cnpq.br/5925252647916359,2021,"Modalidades de avaliação educacional e aprendizagem: diálogos necessários","HUMANIDADES & INOVAÇÃO",2358-8322,B2,,,2017-2020
"Maria Isabel Filgueiras Lima Ciasca",http://lattes.cnpq.br/5925252647916359,2020,"História da avaliação pedagógica do livro e do material didático no Brasil","REASEARCH, SOCIETY AND DEVELOPMENT",2525-3409,C,,,2017-2020
"Maria Isabel Filgueiras Lima Ciasca",http://lattes.cnpq.br/5925252647916359,2020,"A motivação como aliada à prática pedagógica no desenvolvimento da educação profissional integrada ao Ensino Médio","RESEARCH, SOCIETY AND DEVELOPMENT",2525-3409,C,,,2017-2020
"Maria Isabel Filgueiras Lima Ciasca",http://lattes.cnpq.br/5925252647916359,2020,"Estrutura física escolar como fator determinante da qualidade na educação em escolas profissionais do Ceará: entre a realidade e o mito","RESEARCH, SOCIETY AND DEVELOPMENT",2525-3409,C,,,2017-2020
"Maria Isabel Filgueiras Lima Ciasca",http://lattes.cnpq.br/5925252647916359,2020,"Da construção conceitual da avaliação educacional às práticas de avaliação da aprendizagem na formação docente","REVISTA DE INSTRUMENTOS, MODELOS E POLÍTICAS EM AVALIAÇÃO EDUCACIONAL",2675-7427,C,,,2017-2020
"Maria Isabel Filgueiras Lima Ciasca",http://lattes.cnpq.br/5925252647916359,2020,"Educação Profissional integrada ao Ensino Médio: diferentes realidades sobre complementariedade dos curriculos","DEDICA REVISTA DE EDUCAÇÃO E HUMANIDADES (DREH)",2182-018X,A2,,,2017-2020
"Maria Isabel Filgueiras Lima Ciasca",http://lattes.cnpq.br/5925252647916359,2020,"Avaliação da educação superior no Brasil: análise do Índice Geral dos Cursos (IGC) numa perspectiva quali/quantitativa","AVALIAÇÃO: REVISTA DA AVALIAÇÃO DA EDUCAÇÃO SUPERIOR",1982-5765,A1,,,2017-2020
"Maria Isabel Filgueiras Lima Ciasca",http://lattes.cnpq.br/5925252647916359,2020,"A avaliação da aprendizagem instituída no Regulamento de Organização Didática e na prática dos docentes do IFCE campus de Sobral","RESEARCH, SOCIETY AND DEVELOPMENT",2525-3409,C,,,2017-2020
"Maria Isabel Filgueiras Lima Ciasca",http://lattes.cnpq.br/5925252647916359,2019,"Contribuições da Aprendizagem Cooperativa na formação acadêmica e humana de graduandos da Universidade Federal do Ceará","HTTP://DX.DOI.ORG/10.25757/INVEP.V9I1.171",2182-1372,A3,,,2017-2020
"Maria Isabel Filgueiras Lima Ciasca",http://lattes.cnpq.br/5925252647916359,2018,"ANA E PROVA BRASIL (5º ANO) O QUE REVELAM OS RESULTADOS EM LÍNGUA PORTUGUESA","REVISTA EDUCAÇÃO E LINGUAGEM",2359-277X,B2,,,2017-2020
"Maria Isabel Filgueiras Lima Ciasca",http://lattes.cnpq.br/5925252647916359,2016,"AVALIAÇÃO DE DISCIPLINAS EM FAVOR DA FORMAÇÃO DE PROFESSORES: CONTRIBUIÇÕES DO ENSINO SUPERIOR PARA A GESTÃO EDUCACIONAL","REVISTA EDUCAÇÃO EM DEBATE",2526-0847,B1,,,2017-2020
"Maria Isabel Filgueiras Lima Ciasca",http://lattes.cnpq.br/5925252647916359,2015,"SPAECE: perspectiva de acompanhamento da aprendizagem dos alunos cearenses através de seus resultados","REVISTA ELETRÔNICA CIENTÍFICA DO ENSINO INTERDISCIPLINAR",2447-0783,A3,,,2017-2020
"Maria Isabel Filgueiras Lima Ciasca",http://lattes.cnpq.br/5925252647916359,2013,"Avaliação no Domínio da Aprendizagem","VIDA E EDUCAÇÃO (FORTALEZA)",1806-0145,N,,,
"Maria Isabel Filgueiras Lima Ciasca",http://lattes.cnpq.br/5925252647916359,2013,"Valorização da Formação do gestor educacional sob a ótica da avaliação de disciplinas: caminhos para o êxito da educação pública.","PESQUISA E DEBATE EM EDUCAÇÃO",2237-9444,B1,,,2017-2020
"Maria Isabel Filgueiras Lima Ciasca",http://lattes.cnpq.br/5925252647916359,2013,"Matemática: problemas e soluções","VIDA E EDUCAÇÃO (FORTALEZA)",1806-0145,N,,,
"Maria Isabel Filgueiras Lima Ciasca",http://lattes.cnpq.br/5925252647916359,2012,"FORMAÇÃO EM CONTEXTO: PREVALECE CURRÍCULO ATUALIZADO","VIDA E EDUCAÇÃO (FORTALEZA)",1806-0145,N,,,
"Maria Isabel Filgueiras Lima Ciasca",http://lattes.cnpq.br/5925252647916359,2012,"PESQUISA SPAECE ORIENTA EDUCADORES","VIDA E EDUCAÇÃO (FORTALEZA)",1806-0145,N,,,
"Maria Isabel Filgueiras Lima Ciasca",http://lattes.cnpq.br/5925252647916359,2012,"A PERSPECTIVA DO ACOMPANHAMENTO LONGITUDINAL DA APRENDIZAGEM DOS ALUNOS DO ENSINO MÉDIO ATRAVÉS DOS RESULTADOS DO SPAECE","ESTUDOS EM AVALIAÇÃO EDUCACIONAL (IMPRESSO)",0103-6831,A1,,,2017-2020
"Maria Isabel Filgueiras Lima Ciasca",http://lattes.cnpq.br/5925252647916359,2012,"A PERSPECTIVA DO ACOMPANHAMENTO LONGITUDINAL DA APRENDIZAGEM DOS ALUNOS DO ENSINO MÉDIO ATRAVÉS DOS RESULTADOS DO SPAECE","ESTUDOS EM AVALIAÇÃO EDUCACIONAL (IMPRESSO)",0103-6831,A1,,,2017-2020
"Maria Isabel Filgueiras Lima Ciasca",http://lattes.cnpq.br/5925252647916359,2009,"ESTUDOS DE AVALIAÇÃO NA EDUCAÇÃO INFANTIL","ESTUDOS EM AVALIAÇÃO EDUCACIONAL",0103-6831,A1,,,2017-2020
"Maria Isabel Filgueiras Lima Ciasca",http://lattes.cnpq.br/5925252647916359,2008,"Paic: o pionerismo no processo de avaliação municipal com autonomia","ESTUDOS EM AVALIAÇÃO EDUCACIONAL",0103-6831,A1,,,2017-2020
"Maria Isabel Filgueiras Lima Ciasca",http://lattes.cnpq.br/5925252647916359,2008,"PAIC: o pioneirismo no processo de avaliação municipal com autononia","ESTUDOS EM AVALIAÇÃO EDUCACIONAL",0103-6831,A1,,,2017-2020