nome,lattes_url,ano_publicacao,titulo_publicacao,periodico,issn,qualis,pontos,area,ano_base
"Osterne Nonato Maia Filho",http://lattes.cnpq.br/7436001421675280,2025,"As diretrizes curriculares nacionais no curso de Psicologia de uma universidade de Fortaleza e o avanço da psicologia escolar","REVISTA DOCENTES",2526-4923,B1,,,2017-2020
"Osterne Nonato Maia Filho",http://lattes.cnpq.br/7436001421675280,2024,"Apontamentos éticos sobre a avaliação moral da prática docente","REVISTA DOCENTES",2526-4923,B1,,,2017-2020
"Osterne Nonato Maia Filho",http://lattes.cnpq.br/7436001421675280,2024,"A relação entre biologia e cultura nos manuais de formação de professores de 1900 a 1940","CADERNOS DE HISTÓRIA DA EDUCAÇÃO (ONLINE)",1982-7806,A2,,,2017-2020
"Osterne Nonato Maia Filho",http://lattes.cnpq.br/7436001421675280,2024,"Políticas  públicas  para  a  educação  infantil  no  Brasil:  história, implementação, acesso e permanência em debate","CADERNO PEDAGÓGICO (LAJEADO. ONLINE)",1983-0882,A2,,,2017-2020
"Osterne Nonato Maia Filho",http://lattes.cnpq.br/7436001421675280,2023,"Aportes teóricos e reflexões sobre ética na pesquisa em educação no brasil: breve análise e mapeamento de teses de doutorado","ACTA SCIENTIARUM. EDUCATION (ONLINE)",2178-5201,A2,,,2017-2020
"Osterne Nonato Maia Filho",http://lattes.cnpq.br/7436001421675280,2023,"Considerações filosóficas sobre o conceito da filosofia ocidental","REVISTA REFLEXÕES",2238-6408,A4,,,2017-2020
"Osterne Nonato Maia Filho",http://lattes.cnpq.br/7436001421675280,2023,"A trajetória intelectual-militante de Gyorgy Lukács: crítica ao 'ascetismo' revolucionário, ao irracionalismo stalinista e ao marxismo 'heterodoxo'","GERMINAL: MARXISMO E EDUCAÇÃO EM DEBATE",2175-5604,A2,,,2017-2020
"Osterne Nonato Maia Filho",http://lattes.cnpq.br/7436001421675280,2022,"O legado do laboratório de psicologia na formação de professores normalistas no Ceará","CADERNOS DE PESQUISA",2178-2229,A3,,,2017-2020
"Osterne Nonato Maia Filho",http://lattes.cnpq.br/7436001421675280,2022,"A interdisciplinaridade no Ensino Médio Integrado: mediações com a proposta pedagógica da reforma do ensino médio","GERMINAL: MARXISMO E EDUCAÇÃO EM DEBATE",2175-5604,A2,,,2017-2020
"Osterne Nonato Maia Filho",http://lattes.cnpq.br/7436001421675280,2020,"As condições de trabalho do professor universitário substituto na contemporaneidade: explorando a realidade de uma universidade pública","REVISTA EDUCAÇÃO & FORMAÇÃO",2448-3583,A3,,,2017-2020
"Osterne Nonato Maia Filho",http://lattes.cnpq.br/7436001421675280,2019,"O modelo liberal tecnoburocrático e as recentes reformas educacionais brasileiras: limites da tese reformista na perspectiva marxista","REVISTA BRASILEIRA DE EDUCAÇÃO",1809-449X,A1,,,2017-2020
"Osterne Nonato Maia Filho",http://lattes.cnpq.br/7436001421675280,2019,"O sentido ontológico do trabalho e o desenvolvimento das funções psicológicas superiores","EDUCAÇÃO E FILOSOFIA (ONLINE)",1982-596X,A2,,,2017-2020
"Osterne Nonato Maia Filho",http://lattes.cnpq.br/7436001421675280,2018,"Quem são os idiotas, afinal?","PRÓ-POSIÇÕES (UNICAMP. ONLINE)",1980-6248,A1,,,2017-2020
"Osterne Nonato Maia Filho",http://lattes.cnpq.br/7436001421675280,2018,"O princípio da contextualização na reforma do ensino médio no Brasil: em busca de uma leitura ontológica","EDUCACAO UNISINOS (ONLINE)",2177-6210,A2,,,2017-2020
"Osterne Nonato Maia Filho",http://lattes.cnpq.br/7436001421675280,2018,"Destinies of the subject in a society almost completely seduced by knowledge","SOCIAL SCIENCE INFORMATION SUR LES SCIENCES SOCIALES",0539-0184,A2,,,2017-2020
"Osterne Nonato Maia Filho",http://lattes.cnpq.br/7436001421675280,2018,"For an education that promotes autonomy of subjects situated in the world","PSICOLOGIA DA EDUCAÇÃO (ONLINE)",2175-3520,A2,,,2017-2020
"Osterne Nonato Maia Filho",http://lattes.cnpq.br/7436001421675280,2018,"EDUCAÇÃO PARA A VIOLÊNCIA: CINCO SÉCULOS DE PRÁTICAS COLONIAIS E O MITO DO BRASIL CORDIAL","REVISTA POLÊMICA",1676-0727,B1,,,2017-2020
"Osterne Nonato Maia Filho",http://lattes.cnpq.br/7436001421675280,2018,"Psychoanalysis and teacher training: study of scientific productions in            Brazil","PSICOLOGIA DA EDUCAÇÃO (ONLINE)",2175-3520,A2,,,2017-2020
"Osterne Nonato Maia Filho",http://lattes.cnpq.br/7436001421675280,2017,"A psicologia no atual contexto de expansão da rede federal de educação profissional e tecnológica: por uma psicoandragogia","EDUCAÇÃO & TECNOLOGIA",1414-5057,B2,,,2017-2020
"Osterne Nonato Maia Filho",http://lattes.cnpq.br/7436001421675280,2016,"O role-playing entre surdos: discurso e cognição","INTERAÇÃO EM PSICOLOGIA (ONLINE)",1981-8076,A3,,,2017-2020
"Osterne Nonato Maia Filho",http://lattes.cnpq.br/7436001421675280,2016,"Lewin e a pesquisa-ação: gênese, aplicação e finalidade","FRACTAL: REVISTA DE PSICOLOGIA",1984-0292,A2,,,2017-2020
"Osterne Nonato Maia Filho",http://lattes.cnpq.br/7436001421675280,2016,"A relação entre psicologia e educação: ofícios entrelaçados</b>","ACTA SCIENTIARUM. EDUCATION (ONLINE)",2178-5201,A2,,,2017-2020
"Osterne Nonato Maia Filho",http://lattes.cnpq.br/7436001421675280,2016,"Percepção de tempo e necessidade de atividade na sociedade do excesso: educação no contexto das tecnologias digitais","ETD. EDUCAÇÃO TEMÁTICA DIGITAL",1676-2592,A1,,,2017-2020
"Osterne Nonato Maia Filho",http://lattes.cnpq.br/7436001421675280,2016,"O PROBLEMA DO MUNDO DO TRABALHO NO ATUAL CONTEXTO DA CRISE ESTRUTURAL DO CAPITAL","CADERNOS DE PESQUISA",2178-2229,A3,,,2017-2020
"Osterne Nonato Maia Filho",http://lattes.cnpq.br/7436001421675280,2016,"EDUCATION IN TIMES NET GENERATION: HOW DIGITAL IMMIGRANTS CAN TEACH DIGITAL NATIVES","HOLOS (NATAL. ONLINE)",1807-1600,A1,,,2017-2020
"Osterne Nonato Maia Filho",http://lattes.cnpq.br/7436001421675280,2016,"A infância em Piaget e o infantil em Freud: idades e desidades em questão","REVISTA PSICOLOGIA ESCOLAR E EDCUACIONAL",2175-3539,A2,,,2017-2020
"Osterne Nonato Maia Filho",http://lattes.cnpq.br/7436001421675280,2015,"Educação e microrrelações humanas no ensino profissional e tecnológico","REVISTA BRASILEIRA DE ENSINO DE CIÊNCIA E TECNOLOGIA",1982-873X,A2,,,2017-2020
"Osterne Nonato Maia Filho",http://lattes.cnpq.br/7436001421675280,2014,"Conceitos básicos em intervenção grupal","ENCONTRO: REVISTA DE PSICOLOGIA",2178-6941,N,,,
"Osterne Nonato Maia Filho",http://lattes.cnpq.br/7436001421675280,2014,"Dialéticas a-históricas: da Antiguidade à transição kantiana","CADERNOS DE ESTUDOS E PESQUISAS DO SERTÃO DA FECLESC/UECE",2446-4872,N,,,
"Osterne Nonato Maia Filho",http://lattes.cnpq.br/7436001421675280,2014,"O IMPACTO DA ACELERAÇÃO TEMPO-ESPAÇO NAS RELAÇÕES DE PRODUÇÃO","CADERNOS DE PESQUISA",2178-2229,A3,,,2017-2020
"Osterne Nonato Maia Filho",http://lattes.cnpq.br/7436001421675280,2012,"Contribuições de Baruch Espinosa à teoria histórico - cultural DOI - 10.5752/P.1678-9563.2012v18n1p134","PSICOLOGIA EM REVISTA (ONLINE)",1678-9563,A2,,,2017-2020
"Osterne Nonato Maia Filho",http://lattes.cnpq.br/7436001421675280,1996,"A episteme do século XXI: a estratégia histórica","CADERNOS DA PÓS-GRADUAÇÃO EM EDUCAÇÃO",1414-0829,N,,,
"Osterne Nonato Maia Filho",http://lattes.cnpq.br/7436001421675280,1996,"Itinerários de Antígona - a questão da moralidade: um comentário.","CADERNOS DA PÓS-GRADUAÇÃO EM EDUCAÇÃO",1414-0829,N,,,
"Osterne Nonato Maia Filho",http://lattes.cnpq.br/7436001421675280,1995,"Novos paradigmas para a educação?","CADERNOS DA PÓS-GRADUAÇÃO EM EDUCAÇÃO",1414-0829,N,,,