nome,lattes_url,ano_publicacao,titulo_publicacao,periodico,issn,qualis,pontos,area,ano_base
"Pablo Severiano Benevides",http://lattes.cnpq.br/2248099925961284,2025,"O problema da objetivação para Michel Foucault: uma análise arqueogenealógica do exame e da confissão","IDEAÇÃO",2359-6384,A4,,,2017-2020
"Pablo Severiano Benevides",http://lattes.cnpq.br/2248099925961284,2025,"A cisão Pensamento X Afeto na Pedagogia e na Filosofia","REVISTA REFLEXÕES",2238-6408,A4,,,2017-2020
"Pablo Severiano Benevides",http://lattes.cnpq.br/2248099925961284,2025,"O QUE NOS FAZ ?VER??   UMA REFLEXÃO TECNOFILOSÓFICA ACERCA DOS  LIMITES DA VISIBILIDADE A PARTIR DE KANT, FOUCAULT E PARISER","REVISTA PROFANAÇÕES",2358-6125,A4,,,2017-2020
"Pablo Severiano Benevides",http://lattes.cnpq.br/2248099925961284,2024,"MICHEL FOUCAULT: CRÍTICO DO MATERIALISMO OU MATERIALISTA RADICAL","REVISTA DIALECTUS",2317-2010,A4,,,2017-2020
"Pablo Severiano Benevides",http://lattes.cnpq.br/2248099925961284,2024,"Neoliberalismo, Avaliação Externa e a Invenção do TDAH: uma análise foucaultiana","CADERNOS DE PESQUISA",2178-2229,A3,,,2017-2020
"Pablo Severiano Benevides",http://lattes.cnpq.br/2248099925961284,2024,"Metamorfoses da Visibilidade: subjetivação patolomaica, populismo algorítmico e os novos dogmatismos","KÍNESIS (MARÍLIA)",1984-8900,A3,,,2017-2020
"Pablo Severiano Benevides",http://lattes.cnpq.br/2248099925961284,2024,"O problema da objetivação na Crítica da Razão Pura: Da problemática transcendental ao realismo empírico","ARGUMENTOS: REVISTA DE FILOSOFIA (ONLINE)",1984-4255,A2,,,2017-2020
"Pablo Severiano Benevides",http://lattes.cnpq.br/2248099925961284,2024,"Da Crítica da Razão à Pedagogia do Descentramento: revisitando Kant, Foucault e Piaget","CONJECTURA: FILOSOFIA E EDUCAÇÃO (UCS)",0103-1457,A3,,,2017-2020
"Pablo Severiano Benevides",http://lattes.cnpq.br/2248099925961284,2024,"Neurodiversidades, Subjetivação Disciplinar e Educação Personalizada: uma análise a partir do pensamento de Michel Foucault","TEXTURA - ULBRA",2358-0801,A3,,,2017-2020
"Pablo Severiano Benevides",http://lattes.cnpq.br/2248099925961284,2024,"Foucault e a crítica ao Humanismo: ressonâncias para a Filosofia e a Educação","EDUCAÇÃO E FILOSOFIA (ONLINE)",1982-596X,A2,,,2017-2020
"Pablo Severiano Benevides",http://lattes.cnpq.br/2248099925961284,2024,"Saúde Global e Biopolítica: DALY e Governamentalidade Neoliberal","ESTUDOS CONTEMPORANEOS DA SUBJETIVIDADE",2237-941X,B1,,,2017-2020
"Pablo Severiano Benevides",http://lattes.cnpq.br/2248099925961284,2024,"O BIG-DATA, A BOLHA DOS FILTROS E O NEOPOPULISMO ALGORÍTMICO: da Tecnopolítica à Tecnofilosofia como análise da produção da verdade","PÓLEMOS",2238-7692,B1,,,2017-2020
"Pablo Severiano Benevides",http://lattes.cnpq.br/2248099925961284,2023,"Razão de Estado e Estado de Exceção: uma análise foucaultiana","ESTUDOS CONTEMPORANEOS DA SUBJETIVIDADE",2237-941X,B1,,,2017-2020
"Pablo Severiano Benevides",http://lattes.cnpq.br/2248099925961284,2022,"Quem tem medo da diferenSa?","REVISTA LAMPEJO",2238-5274,B2,,,2017-2020
"Pablo Severiano Benevides",http://lattes.cnpq.br/2248099925961284,2021,"O Entrecruzamento Psicologia-Saúde via Políticas Públicas: Uma Análise Discursiva a Partir das Cartilhas do CREPOP","REVISTA PSICOLOGIA E SAÚDE",2177-093X,A3,,,2017-2020
"Pablo Severiano Benevides",http://lattes.cnpq.br/2248099925961284,2021,"APRENDIZAGEM 24/7: A NOVA LINGUAGEM EDUCACIONAL DO NEOLIBERALISMO","REVISTA LAMPEJO",2238-5274,B2,,,2017-2020
"Pablo Severiano Benevides",http://lattes.cnpq.br/2248099925961284,2020,"O Sono Antropológico da Modernidade","HTTPS://DOI.ORG/10.12957/EMCONSTRUCAO.2020.49849",2526-5792,B2,,,2017-2020
"Pablo Severiano Benevides",http://lattes.cnpq.br/2248099925961284,2020,"Fenômeno selfie: Autorretratos da cultura de consumo contemporânea","ESTUDOS CONTEMPORANEOS DA SUBJETIVIDADE",2237-941X,B1,,,2017-2020
"Pablo Severiano Benevides",http://lattes.cnpq.br/2248099925961284,2019,"Entre o crepúsculo e a aurora: uma arqueogenealogia da crise e dos ressurgimentos da clínica psicológica","REVISTA DE PSICOLOGIA DA UFC",2179-1740,A4,,,2017-2020
"Pablo Severiano Benevides",http://lattes.cnpq.br/2248099925961284,2019,"TEORIA CRÍTICA E OS (DES)CAMINHOS DA TECNOCIÊNCIA: REFLEXÕES MARCUSEANAS","REVISTA DIALECTUS",2317-2010,A4,,,2017-2020
"Pablo Severiano Benevides",http://lattes.cnpq.br/2248099925961284,2019,"Proibicionismo de drogas e (des)subjetivação em um Estado racializado","REVISTA LAMPEJO",2238-5274,B2,,,2017-2020
"Pablo Severiano Benevides",http://lattes.cnpq.br/2248099925961284,2018,"A interioridade psicológica face aos novos regimes de visibilidade","ESTUDOS CONTEMPORANEOS DA SUBJETIVIDADE",2237-941X,B1,,,2017-2020
"Pablo Severiano Benevides",http://lattes.cnpq.br/2248099925961284,2017,"Neoliberalismo, Psicopolítica e Capitalismo da Transparência","PSICOLOGIA & SOCIEDADE (ONLINE)",1807-0310,A2,,,2017-2020
"Pablo Severiano Benevides",http://lattes.cnpq.br/2248099925961284,2016,"Nietzsche com Foucault: notas sobre conhecimento, verdade, perspectivismo e genealogia.","ESTUDOS NIETZSCHE",2179-3441,A4,,,2017-2020
"Pablo Severiano Benevides",http://lattes.cnpq.br/2248099925961284,2016,"Pesquisar com Michel Foucault","TEXTURA",2358-0801,A3,,,2017-2020
"Pablo Severiano Benevides",http://lattes.cnpq.br/2248099925961284,2016,"Biopolítica, Bioeconomia, Subjetividade: uma análise das principais transformações laborais no capitalismo","REVISTA MAL-ESTAR E SUBJETIVIDADE (VERSÃO ELETRÔNICA)",2175-3644,B2,,,2017-2020
"Pablo Severiano Benevides",http://lattes.cnpq.br/2248099925961284,2016,"Uma discussão sobre a formação em Psicologia: (re)pensando discursos, saberes e práticas na contemporaneidade","MNEMOSINE (RIO DE JANEIRO)",1809-8894,B1,,,2017-2020
"Pablo Severiano Benevides",http://lattes.cnpq.br/2248099925961284,2015,"Foucault e a genealogia da verdade: notas sobre a onipresença, a irrefutabilidade, a ausência e a universalidade da verdade","LAMPEJO",2238-5274,B2,,,2017-2020
"Pablo Severiano Benevides",http://lattes.cnpq.br/2248099925961284,2015,"Pitfalls of Culture and Difference: about the racial discussion in Brazil","CUADERNOS DE PSICOLOGIA",0211-3481,A3,,,2017-2020
"Pablo Severiano Benevides",http://lattes.cnpq.br/2248099925961284,2015,"Isto não é um manifesto; são dois. (Manifesto Contrabiopolítico - Manifesto da Crítica Anarqueológica)","LAMPEJO",2238-5274,B2,,,2017-2020
"Pablo Severiano Benevides",http://lattes.cnpq.br/2248099925961284,2014,"Psicologia, diferença e epistemologia: percorrendo os (des)caminhos de uma constituição paradoxal","PSICOLOGIA EM REVISTA (ONLINE)",1678-9563,A2,,,2017-2020
"Pablo Severiano Benevides",http://lattes.cnpq.br/2248099925961284,2014,"Biopolítica,  e governamentalidade: uma análise da política nacional sobre drogas","ESTUDOS CONTEMPORÂNEOS DA SUBJETIVIDADE",2237-941X,B1,,,2017-2020
"Pablo Severiano Benevides",http://lattes.cnpq.br/2248099925961284,2013,"Verdade, Liberdade e Sexualidade em 'A Vontade de Saber': uma análise das práticas de confissão como 'falar de si'","POLÍTICA & TRABALHO (UFPB. IMPRESSO)",1517-5901,A4,,,2017-2020
"Pablo Severiano Benevides",http://lattes.cnpq.br/2248099925961284,2013,"Verdade e Ideologia no pensamento de Michel Foucault","ESTUDOS CONTEMPORÂNEOS DA SUBJETIVIDADE",2237-941X,B1,,,2017-2020
"Pablo Severiano Benevides",http://lattes.cnpq.br/2248099925961284,2012,"De onde falamos 'nós': uma análise da produção da diferença a ser incluída","EDUCAÇÃO E REALIDADE",0100-3143,A1,,,2017-2020
"Pablo Severiano Benevides",http://lattes.cnpq.br/2248099925961284,2012,"Autonomia, liberdade e sujeição: uma análise do dispositivo panóptico","TEXTURA (CANOAS)",1518-4919,A3,,,2017-2020
"Pablo Severiano Benevides",http://lattes.cnpq.br/2248099925961284,2011,"As retóricas contemporâneas e a significação da Educação Inclusiva","PSICOLOGIA E SOCIEDADE (IMPRESSO)",0102-7182,A2,,,2017-2020
"Pablo Severiano Benevides",http://lattes.cnpq.br/2248099925961284,2011,"A lógica do mercado e as retóricas de inclusão: articulações entre a crítica Frankfurteana e a Pós-Estruturalista sobre as novas formas de dominação","ESTUDOS E PESQUISAS EM PSICOLOGIA (UERJ. IMPRESSO)",1676-3041,A2,,,2017-2020
"Pablo Severiano Benevides",http://lattes.cnpq.br/2248099925961284,2011,"Educação, Subjetivação e Resistência nas Sociedades de Controle","ECOS REVISTA",1518-188X,N,,,
"Pablo Severiano Benevides",http://lattes.cnpq.br/2248099925961284,2006,"Kant e Piaget: articulações discursivas entre a Filosofia Transcendental e a Epistemologia Genética.","ARQUIVOS BRASILEIROS DE PSICOLOGIA",,N,,,