nome,lattes_url,ano_publicacao,titulo_publicacao,periodico,issn,qualis,pontos,area,ano_base
"Patrícia Helena Carvalho Holanda",http://lattes.cnpq.br/0578752312396260,2024,"JOVENS UNIVERSITÁRIOS, PANDEMIA E EDUCAÇÃO REMOTA: CONSTATAÇÕES E DESAFIOS","INTEGRACIÓN Y CONOCIMIENTO",2347-0658,A3,,,2017-2020
"Patrícia Helena Carvalho Holanda",http://lattes.cnpq.br/0578752312396260,2024,"Um lugar para os Afetos na Arteterapêutica: relatos de experiência de uma Professora do Ensino Primário em Portugal","REVISTA COCAR (UEPA)",1981-9269,A2,,,2017-2020
"Patrícia Helena Carvalho Holanda",http://lattes.cnpq.br/0578752312396260,2024,"Contribuições da Pedagogia Terapêutica de João dos Santos para o Processo de Alfabetização e Letramento","REVISTA DOCENTES",2526-2815,N,,,
"Patrícia Helena Carvalho Holanda",http://lattes.cnpq.br/0578752312396260,2023,"Assédio sexual: um conceito atual para uma antiga prática","PEER REVIEW",1541-1389,A3,,,2017-2020
"Patrícia Helena Carvalho Holanda",http://lattes.cnpq.br/0578752312396260,2022,"(Des) politização","POLÍTICA E GESTÃO EDUCACIONAL (ONLINE)",1519-9029,A3,,,2017-2020
"Patrícia Helena Carvalho Holanda",http://lattes.cnpq.br/0578752312396260,2022,"SUBJETIVIDADE E SAÚDE MENTAL NA ESCOLA DO SÉCULO XXI: CONTRIBUIÇÕES DA PEDAGOGIA TERAPÊUTICA EM JOÃO DOS SANTOS (ESTUDOS LUSO-BRASILEIROS)","HUMANIDADE E INOVAÇÕES",2538-8322,N,,,
"Patrícia Helena Carvalho Holanda",http://lattes.cnpq.br/0578752312396260,2022,"O labor criativo de Augusto Rodrigues na criação das Escolinhas de Arte do Brasil e do Jornal Arte & Educação","REVISTA EDUCAÇÃO, ARTES E INCLUSÃO",1984-3178,B1,,,2017-2020
"Patrícia Helena Carvalho Holanda",http://lattes.cnpq.br/0578752312396260,2021,"O Discurso do Sujeito Coletivo: análise da percepção discente acerca do processo de ensino-aprendizagem no contexto da Pandemia de Covid-19","RESEARCH, SOCIETY AND DEVELOPMENT",2525-3409,C,,,2017-2020
"Patrícia Helena Carvalho Holanda",http://lattes.cnpq.br/0578752312396260,2021,"Institucionalização da infância desvalida em perspectiva comparada Lisboa/Portugal - Floriano/Piauí/Brasil (1834-1890)","REVISTA IBERO-AMERICANA DE ESTUDOS EM EDUCAÇÃO",1982-5587,A1,,,2017-2020
"Patrícia Helena Carvalho Holanda",http://lattes.cnpq.br/0578752312396260,2021,"Narrativas Estético-biográficas sobre Cecília Menano: pioneira na criação das Escolinhas de Arte (Portugal)","REVISTA COCAR (ONLINE)",2237-0315,A2,,,2017-2020
"Patrícia Helena Carvalho Holanda",http://lattes.cnpq.br/0578752312396260,2021,"RELATO DE EXPERIÊNCIA SOBRE VISITA AO COLÉGIO EDUARDO CLAPARÈDE / EXPERIENCE REPORT ON VISIT TO EDUARDO CLAPARÈDE COLLEGE","BRAZILIAN JOURNAL OF DEVELOPMENT",2525-8761,C,,,2017-2020
"Patrícia Helena Carvalho Holanda",http://lattes.cnpq.br/0578752312396260,2020,"O papel da tecnologia na preservação do fato histórico: percepções a partir da análise do vídeo 'A escolinha de arte de Cecília Menano'","BRAZILIAN JOURNAL OF DEVELOPMENT",2525--876,N,,,
"Patrícia Helena Carvalho Holanda",http://lattes.cnpq.br/0578752312396260,2020,"A proteção do matrimônio nos discursos pastorais da igreja católica:nuances a partir do concílio de Trento","BRAZILIAN JOURNAL FOR EDUCACION AND RESEARCH",2525--876,N,,,
"Patrícia Helena Carvalho Holanda",http://lattes.cnpq.br/0578752312396260,2020,"Youth Education in Contest","INTERNATIONAL JOURNAL FOR INNOVATION EDUCATION AND RESEARCH",2411-2933,C,,,2017-2020
"Patrícia Helena Carvalho Holanda",http://lattes.cnpq.br/0578752312396260,2020,"Contribuições do Patrimônio Cultural da Arte Cearense para a Formação de Professores na Dimensão Estética  da Docência","HUMANIDADES & INOVAÇÃO",2358-8322,B2,,,2017-2020
"Patrícia Helena Carvalho Holanda",http://lattes.cnpq.br/0578752312396260,2020,"A LEITURA NO COTIDIANO DE FUTUROS PROFESSORES: CONTRIBUIÇÕES DOS DIÁRIOS DE FORMAÇÃO","INTERFACES CIENTÍFICAS - EDUCAÇÃO",2316-3828,A4,,,2017-2020
"Patrícia Helena Carvalho Holanda",http://lattes.cnpq.br/0578752312396260,2020,"POSSIBILIDADES TEÓRICO-PRÁTICAS DA AVALIAÇÃO CURRICULAR PARA A EDUCAÇÃO PROFISSIONAL","REVISTA CONEXÕES - CIÊNCIA E TECNOLOGIA",1982-176X,A2,,,2017-2020
"Patrícia Helena Carvalho Holanda",http://lattes.cnpq.br/0578752312396260,2020,"A infância na pintura de Velázquez: enfoques iconográficos e históricos em Philippe Ariès e João dos Santos","BRAZILIAN JOURNAL OF DEVELOPMENT",2525-8761,C,,,2017-2020
"Patrícia Helena Carvalho Holanda",http://lattes.cnpq.br/0578752312396260,2019,"Gênero e Educação: o feminino santificado no Cariri cearense","INTERTHESIS (FLORIANÓPOLIS)",1807-1384,B1,,,2017-2020
"Patrícia Helena Carvalho Holanda",http://lattes.cnpq.br/0578752312396260,2019,"O feminino sacralizado e a violência de gênero no Cariri: do processo-crime à poesia","SAECULUM",2317-6725,B1,,,2017-2020
"Patrícia Helena Carvalho Holanda",http://lattes.cnpq.br/0578752312396260,2019,"Uma abordagem da santificação do feminino em face da educação no Cariri cearense","EDUCAÇÃO EM ANÁLISE",2448-0320,B1,,,2017-2020
"Patrícia Helena Carvalho Holanda",http://lattes.cnpq.br/0578752312396260,2014,"A MULHER NA FAMÍLIA, NO TRABALHO E NA DOCÊNCIA EM EAD ? UMA ANÁLISE BIBLIOGRÁFICA","REVISTA CONEXÕES - CIÊNCIA E TECNOLOGIA",2176-0144,A2,,,2017-2020
"Patrícia Helena Carvalho Holanda",http://lattes.cnpq.br/0578752312396260,2013,"Gestos de Flexibilidade na EaD","VIDA E EDUCAÇÃO (FORTALEZA)",1806-0145,N,,,
"Patrícia Helena Carvalho Holanda",http://lattes.cnpq.br/0578752312396260,2012,"A avaliação do currículo do ensino médio integrado no Proeja: um diálogo com Cronbach","REVISTA ESPAÇO DO CURRÍCULO",1983-1579,A3,,,2017-2020
"Patrícia Helena Carvalho Holanda",http://lattes.cnpq.br/0578752312396260,2012,"História de vida e mulheres no magistério","VIDA E EDUCAÇÃO (FORTALEZA)",1806-0145,N,,,
"Patrícia Helena Carvalho Holanda",http://lattes.cnpq.br/0578752312396260,2011,"Uma reflexão sobre a prática avaliativa docente na educação profissional: entre o taylorismo e o modelo pedagógico das competências","REVISTA EDUCAÇÃO SKEPSIS",2177-9163,N,,,
"Patrícia Helena Carvalho Holanda",http://lattes.cnpq.br/0578752312396260,2011,"O Currículo no Ensino Médio Integrado à Educação Profissional: uma discussão incial","CONHECIMENTO & DIVERSIDADE",2237-8049,B1,,,2017-2020
"Patrícia Helena Carvalho Holanda",http://lattes.cnpq.br/0578752312396260,2011,"Currículo no ensino médio integrado à educação profissional na EJA: uma discussão inicial","REVISTA CONHECIMENTO E DIVERSIDADE",2237--804,N,,,