nome,lattes_url,ano_publicacao,titulo_publicacao,periodico,issn,qualis,pontos,area,ano_base
"Paulo Meireles Barguil",http://lattes.cnpq.br/1394664225993528,2025,"A atualidade do pensamento de Vigotski: contribuições da Psicologia Histórico-Cultural para o trabalho docente","AMAZÔNICA - REVISTA DE PSICOPEDAGOGIA, PSICOLOGIA ESCOLAR E EDUCAÇÃO",1983-3415,B1,,,2017-2020
"Paulo Meireles Barguil",http://lattes.cnpq.br/1394664225993528,2025,"Noções matemáticas do conceito de número mobilizadas por  crianças da Pré-Escola com o brinquedo Flex memo","REVISTA DE ENSINO DE CIÊNCIAS E MATEMÁTICA (RENCIMA)",2179-426X,A2,,,2017-2020
"Paulo Meireles Barguil",http://lattes.cnpq.br/1394664225993528,2024,"A natureza da Biologia no estágio supervisionado: uma revisão sistemática de literatura","PRÁTICAS EDUCATIVAS, MEMÓRIAS E ORALIDADES - REV. PEMO",2675-519X,A3,,,2017-2020
"Paulo Meireles Barguil",http://lattes.cnpq.br/1394664225993528,2024,"Autonomia e docência no cotidiano escolar sobralense: Efeitos da accountability","ESTUDOS EM AVALIAÇÃO EDUCACIONAL (ONLINE)",1984-932X,A1,,,2017-2020
"Paulo Meireles Barguil",http://lattes.cnpq.br/1394664225993528,2024,"A docência em Matemática e a Didática da Matemática Francesa","REVISTA DE INVESTIGAÇÃO E DIVULGAÇÃO EM EDUCAÇÃO MATEMÁTICA - RIDEMA",2594-4673,B2,,,2017-2020
"Paulo Meireles Barguil",http://lattes.cnpq.br/1394664225993528,2021,"Histórias de vida e pesquisa (auto)biográfica: contribuições para a formação da identidade docente","REVISTA EDUCAR MAIS",2237-9185,B3,,,2017-2020
"Paulo Meireles Barguil",http://lattes.cnpq.br/1394664225993528,2021,"FEIRA DE CIÊNCIAS DO ESTADO DE ALAGOAS: CONQUISTAS E DESAFIOS NO DESENVOLVIMENTO DOS TRABALHOS","REVISTA REAMEC",2318-6674,A4,,,2017-2020
"Paulo Meireles Barguil",http://lattes.cnpq.br/1394664225993528,2021,"Escola e docência: a autonomia é admissível?","REVISTA DE EDUCAÇÃO, CIÊNCIA E CULTURA",2236-6377,A3,,,2017-2020
"Paulo Meireles Barguil",http://lattes.cnpq.br/1394664225993528,2021,"aprendiz e a (im)possibilidade da autonomia","FILOSOFIA E EDUCAÇÃO",1984-9605,A4,,,2017-2020
"Paulo Meireles Barguil",http://lattes.cnpq.br/1394664225993528,2021,"Figuras geométricas planas na Educação Infantil: contribuições do Fiplan na ampliação dos saberes docentes","REVISTA COCAR (ONLINE)",2237-0315,A2,,,2017-2020
"Paulo Meireles Barguil",http://lattes.cnpq.br/1394664225993528,2020,"Jogos didáticos no ensino e na aprendizagem de Ciências e Biologia: concepções e práticas docentes","RESEARCH, SOCIETY AND DEVELOPMENT",2525-3409,C,,,2017-2020
"Paulo Meireles Barguil",http://lattes.cnpq.br/1394664225993528,2020,"ESTÁGIO SUPERVISIONADO: ASPECTOS HISTÓRICOS E A (AUTO)FORMAÇÃO DE PROFESSORES DE MATEMÁTICA","TEORIA E PRÁTICA DA EDUCAÇÃO. VOL. 15 N.1 JAN/ABR 2012",2237-8707,A4,,,2017-2020
"Paulo Meireles Barguil",http://lattes.cnpq.br/1394664225993528,2018,"Crenças, atitudes e emoções na Educação Matemática","EDUCAÇÃO, ESCOLA E SOCIEDADE",2540-4002,N,,,