nome,lattes_url,ano_publicacao,titulo_publicacao,periodico,issn,qualis,pontos,area,ano_base
"Pedro Rogério",http://lattes.cnpq.br/3061250583032505,2025,"Um panorama sobre a produção científica acerca dos estudos da música popular e formação do habitus de músicos cearenses","REVISTA DE GESTÃO E SECRETARIADO",2178-9010,A4,,,2017-2020
"Pedro Rogério",http://lattes.cnpq.br/3061250583032505,2024,"Tecnologia aplicada à  música: uma contribuição para a educação integral","OBSERVATORIO DE LA ECONOMÍA LATINOAMERICANA",1696-8352,A4,,,2017-2020
"Pedro Rogério",http://lattes.cnpq.br/3061250583032505,2023,"As contribuiÃ§Ãµes do processo de ensino e aprendizagem de mÃºsica para a formaÃ§Ã£o dos Jovens dos Assentamentos Tiracanga e Todos Os Santos - CanindÃ©-CE","REVISTA DE GESTÃO E SECRETARIADO",2178-9010,A4,,,2017-2020
"Pedro Rogério",http://lattes.cnpq.br/3061250583032505,2023,"Um currículo em movimento: músicos em mobilidade geográfica e social","CONTRIBUCIONES A LAS CIENCIAS SOCIALES",1988-7833,A4,,,2017-2020
"Pedro Rogério",http://lattes.cnpq.br/3061250583032505,2022,"O USO DA HISTÓRIA DE VIDA E PRAXIOLOGIA DE BOURDIEU PARA COMPREENSÃO DOS PROCESSOS DE ENSINO E APRENDIZAGEM DA PERCUSSÃO AFRO-BRASILEIRA","INTERNATIONAL JOURNAL OF DEVELOPMENT RESEARCH",2230-9926,C,,,2017-2020
"Pedro Rogério",http://lattes.cnpq.br/3061250583032505,2022,"A LITERATURA SURDA: UMA FABRICAÇÃO SOCIAL E COTIDIANA","INTERNATIONAL JOURNAL OF DEVELOPMENT RESEARCH",2230-9926,C,,,2017-2020
"Pedro Rogério",http://lattes.cnpq.br/3061250583032505,2022,"SABERES PERCUSSIVOS NAS ESCOLAS PÚBLICAS DA CIDADE DE FORTALEZA ? CE","INTERNATIONAL JOURNAL OF DEVELOPMENT RESEARCH",2230-9926,C,,,2017-2020
"Pedro Rogério",http://lattes.cnpq.br/3061250583032505,2022,"ILÈ ANU: O PROCESSO PEDAGÓGICO-MUSICAL DE UM GRUPO DE MÚSICA PERCUSSIVA EM UMA INSTITUIÇÃO ESPÍRITA","INTERNATIONAL JOURNAL OF DEVELOPMENT RESEARCH",2230-9926,C,,,2017-2020
"Pedro Rogério",http://lattes.cnpq.br/3061250583032505,2020,"An epistemological dialogue among the praxiology of pierre bourdieu and the epistemologies of the south of boaventura de sousa santos","INTERNATIONAL JOURNAL OF DEVELOPMENT RESEARCH",2230-9926,C,,,2017-2020
"Pedro Rogério",http://lattes.cnpq.br/3061250583032505,2020,"MUSICAL EDUCATION TODAY: (RE)AFFIRMATION OF CREATIVE PRACTICES IN MUSIC TEACHING","INTERNATIONAL JOURNAL OF DEVELOPMENT RESEARCH",2230-9926,C,,,2017-2020
"Pedro Rogério",http://lattes.cnpq.br/3061250583032505,2020,"EXPERIÊNCIAS EDUCATIVO-MUSICAIS NA FORMAÇÃO DE UM HABITUS MUSICAL","ROTEIRO (UNOESC)",0104-4311,A2,,,2017-2020