nome,lattes_url,ano_publicacao,titulo_publicacao,periodico,issn,qualis,pontos,area,ano_base
"Raphael Alves Feitosa",http://lattes.cnpq.br/1488422394078457,2025,"A interseção entre arte e ciência no ensino de biologia: o papel do teatro científico na formação docente","DELOS: DESARROLLO LOCAL SOSTENIBLE",1988-5245,B1,,,2017-2020
"Raphael Alves Feitosa",http://lattes.cnpq.br/1488422394078457,2025,"Explorando a fotofabulografia por meio de uma Revisão Sistemática de Literatura","CADERNO PEDAGÓGICO (LAJEADO. ONLINE)",1983-0882,A2,,,2017-2020
"Raphael Alves Feitosa",http://lattes.cnpq.br/1488422394078457,2025,"-NÓS FAZEMOS PARTE DA ESCOLA- - PERCEPÇÕES DE INTEGRANTES DO PROGRAMA RESIDÊNCIA PEDAGÓGICA SOBRE SUAS VIVÊNCIAS","REVISTA POLÍTICAS PÚBLICAS & CIDADES",2359-1552,A3,,,2017-2020
"Raphael Alves Feitosa",http://lattes.cnpq.br/1488422394078457,2024,"-O MOVIMENTO NÃO FOI EM VÃO-","E-MOSAICOS",2316-9303,B2,,,2017-2020
"Raphael Alves Feitosa",http://lattes.cnpq.br/1488422394078457,2024,"Crítica engeliana sobre a ciência natural: notas sobre a -Introdução- de Dialética da Natureza","GERMINAL: MARXISMO E EDUCAÇÃO EM DEBATE",2175-5604,A2,,,2017-2020
"Raphael Alves Feitosa",http://lattes.cnpq.br/1488422394078457,2022,"Sex education in the Brazilian Common National Curricular Base: an analysis through the skills of the Natural Sciences field","REVISTA DE ESTUDIOS Y EXPERIENCIAS EN EDUCACIÓN (IMPRESA)",0717-6945,A1,,,2017-2020
"Raphael Alves Feitosa",http://lattes.cnpq.br/1488422394078457,2022,"Uma proposta de sequência didática para o ensino fundamental usando a Pedagogia Histórico-Crítica","EDUCAÇÃO  POR ESCRITO PUCRS",2179-8435,A4,,,2017-2020
"Raphael Alves Feitosa",http://lattes.cnpq.br/1488422394078457,2022,"Estudo sobre a tríade Educação Ambiental, Ensino de Biologia e Formação de Professores: uma revisão sistemática de literatura","REVISTA DE ESTUDOS E PESQUISAS SOBRE ENSINO TECNOLÓGICO",2446-774X,A4,,,2017-2020
"Raphael Alves Feitosa",http://lattes.cnpq.br/1488422394078457,2022,"ENTREVISTA COM MARO PEBO - UMA RELAÇÃO SIMBIÓTICA ENTRE ARTE E CIÊNCIA","RECIMA21 - REVISTA CIENTÍFICA MULTIDISCIPLINAR - ISSN 2675-6218",2675-6218,B4,,,2017-2020
"Raphael Alves Feitosa",http://lattes.cnpq.br/1488422394078457,2022,"Primavera Estudantil e o Movimento de Ocupações (2015-2016):: Uma Revisão Narrativa da Literatura","REVISTA DE ENSINO, EDUCAÇÃO E CIÊNCIAS HUMANAS",2447-8733,A3,,,2017-2020
"Raphael Alves Feitosa",http://lattes.cnpq.br/1488422394078457,2022,"A ARTE FOTONOVELA COMO ESTRATÉGIA DIDÁTICA NO ENSINO DE BIOLOGIA: UMA REVISÃO SISTEMÁTICA DA LITERATURA","PRAXIS",2176-9230,A3,,,2017-2020
"Raphael Alves Feitosa",http://lattes.cnpq.br/1488422394078457,2022,"UMA REVISÃO NARRATIVA SOBRE O PROGRAMA DE RESIDÊNCIA PEDAGÓGICA NO BRASIL","REVISTA DE EDUCAÇÃO, CIÊNCIAS E MATEMÁTICA",2238-2380,A4,,,2017-2020
"Raphael Alves Feitosa",http://lattes.cnpq.br/1488422394078457,2022,"Coro D?osun de Davi Ângelo: elementos para pensar o ensino de ciências como devir contra-hegemônico","ALEXANDRIA (UFSC)",1982-5153,A2,,,2017-2020
"Raphael Alves Feitosa",http://lattes.cnpq.br/1488422394078457,2021,"O ensino de ciências da natureza na escola única do trabalho na obra de Pistrak (1888-1937): notas introdutórias sobre a educação soviética no início do século XX","LINHAS (FLORIANÓPOLIS. ONLINE)",1984-7238,A2,,,2017-2020
"Raphael Alves Feitosa",http://lattes.cnpq.br/1488422394078457,2021,"GÊNERO E DIVERSIDADE SEXUAL NA EDUCAÇÃO AMBIENTAL: (RE)VISITANDO EXPERIÊNCIAS DE UM PIBID INTERDISCIPLINAR DE EDUCAÇÃO AMBIENTAL","REVISTA DIVERSIDADE E EDUCAÇÃO",2358-8853,A4,,,2017-2020
"Raphael Alves Feitosa",http://lattes.cnpq.br/1488422394078457,2021,"UMA REVISÃO SISTEMÁTICA DA LITERATURA SOBRE PESQUISAS NA INTERFACE CIÊNCIA E ARTE","REVISTA PRÁTICA DOCENTE",2526-2149,B1,,,2017-2020
"Raphael Alves Feitosa",http://lattes.cnpq.br/1488422394078457,2021,"Moisey Pistrak (1888-1937) and the Unified Labour School: Analysis of Soviet Pedagogical Thinking for the Education of the Homo Novus","JOURNAL FOR CRITICAL EDUCATION POLICY STUDIES",1740-2743,A4,,,2017-2020
"Raphael Alves Feitosa",http://lattes.cnpq.br/1488422394078457,2021,"Contribuições da obra literária ?Estrela Vermelha? para o Ensino de Ciências","LINHAS CRÍTICAS (ONLINE)",1981-0431,A2,,,2017-2020
"Raphael Alves Feitosa",http://lattes.cnpq.br/1488422394078457,2021,"Uma revisão sistemática sobre investigações narrativas no ensino de ciências nos últimos cinco anos na América Latina (2016-2020)","REVISTA DE CIÊNCIAS DO ESTADO (UFMG)",2525-8036,A4,,,2017-2020
"Raphael Alves Feitosa",http://lattes.cnpq.br/1488422394078457,2021,"FOTOFABULOGRAFANDO O CONFINAMENTO: CIÊNCIA E ARTE NA FORMAÇÃO DE PROFESSORES DE BIOLOGIA","INTERACCOES",1646-2335,A3,,,2017-2020
"Raphael Alves Feitosa",http://lattes.cnpq.br/1488422394078457,2021,"Uma revisão sistemática de literatura acerca dos trabalhos sobre a interface entre ensino e história da matemática","AMAZÔNIA (UFPA)",2317-5125,A2,,,2017-2020
"Raphael Alves Feitosa",http://lattes.cnpq.br/1488422394078457,2021,"Proposta de tecelagem artístico-reflexiva na preparação de equipes de Residência  Pedagógica no Brasil","INSTRUMENTO - REVISTA EM ESTUDO E PESQUISA EM EDUCAÇÃO",1984-5499,B1,,,2017-2020
"Raphael Alves Feitosa",http://lattes.cnpq.br/1488422394078457,2021,"ESTÁGIO SUPERVISIONADO NO CURSO DE LICENCIATURA EM CIÊNCIAS BIOLÓGICAS: PERSPECTIVAS E REFLEXÕES DISCENTES","REVISTA PRÁTICA DOCENTE",2526-2149,B1,,,2017-2020
"Raphael Alves Feitosa",http://lattes.cnpq.br/1488422394078457,2021,"Relações entre plantas medicinais, saber popular e ciência numa perspectiva decolonial","REVISTA DE ESTUDOS E PESQUISAS SOBRE ENSINO TECNOLÓGICO",2446-774X,A4,,,2017-2020
"Raphael Alves Feitosa",http://lattes.cnpq.br/1488422394078457,2021,"Propostas metodológicas para desenvolvimento de práticas envolvendo a interface entre história e o ensino de matemática","RESEARCH, SOCIETY AND DEVELOPMENT",2525-3409,C,,,2017-2020
"Raphael Alves Feitosa",http://lattes.cnpq.br/1488422394078457,2020,"Utilização do enfoque Ciência Tecnologia e Sociedade: Uma abordagem dinâmica e lúdica numa perspectiva de aprendizagem significativa no ensino fundamental","RESEARCH, SOCIETY AND DEVELOPMENT",2525-3409,C,,,2017-2020
"Raphael Alves Feitosa",http://lattes.cnpq.br/1488422394078457,2020,"SCIENCE IN THE FINAL YEARS OF ELEMENTARY SCHOOL: A SYSTEMATIC LITERATURE REVIEW","RESEARCH, SOCIETY AND DEVELOPMENT",2525-3409,C,,,2017-2020
"Raphael Alves Feitosa",http://lattes.cnpq.br/1488422394078457,2020,"Auto-organização da escola do trabalho em Krupskaya e Pistrak: análise inicial sobre a autogestão estudantil a partir da experiência pedagógica soviética.","GERMINAL: MARXISMO E EDUCAÇÃO EM DEBATE",2175-5604,A2,,,2017-2020
"Raphael Alves Feitosa",http://lattes.cnpq.br/1488422394078457,2020,"CONTRIBUIÇÕES DO PIBID PARA A FORMAÇÃO DE LICENCIANDOS EM BIOLOGIA","REVISTA DE ENSINO DE CIÊNCIAS E MATEMÁTICA (RENCIMA)",2179-426X,A2,,,2017-2020
"Raphael Alves Feitosa",http://lattes.cnpq.br/1488422394078457,2020,"Formação de professores atuantes como educadores ambientais: reflexões mediante a vertente crítica","REVISTA CONTEMPORÂNEA DE EDUCAÇÃO",1809-5747,A4,,,2017-2020
"Raphael Alves Feitosa",http://lattes.cnpq.br/1488422394078457,2020,"Relação escola e família: estratégia na prevenção do uso de drogas","RESEARCH, SOCIETY AND DEVELOPMENT",2525-3409,C,,,2017-2020
"Raphael Alves Feitosa",http://lattes.cnpq.br/1488422394078457,2020,"Metodologias ativas, com foco nos processos de ensino e aprendizagem","RESEARCH, SOCIETY AND DEVELOPMENT",2525-3409,C,,,2017-2020
"Raphael Alves Feitosa",http://lattes.cnpq.br/1488422394078457,2020,"New public policy for teacher training in Brazil: Vincent van Gogh as an inspiration for the action of the Pedagogical Residency program?","POLICY FUTURES IN EDUCATION (ONLINE)",1478-2103,A2,,,2017-2020
"Raphael Alves Feitosa",http://lattes.cnpq.br/1488422394078457,2019,"UMA CRÍTICA MARXISTA À INTERDISCIPLINARIDADE","REVISTA ACTA SCIENTIARUM. EDUCATION",2178-5198,A2,,,2017-2020
"Raphael Alves Feitosa",http://lattes.cnpq.br/1488422394078457,2019,"O MAIOR ATO DE CRENÇA ESTAVA NA PRECE ? ENTRELAÇANDO EDUCAÇÃO AMBIENTAL E UMBANDA ATRAVÉS DE NARRATIVAS","EDUCAÇÃO AMBIENTAL EM AÇÃO",1678-0701,N,,,
"Raphael Alves Feitosa",http://lattes.cnpq.br/1488422394078457,2019,"ARTICULAÇÃO ENTRE ENSINO, PESQUISA E EXTENSÃO: CONTRIBUIÇÕES DO PROGRAMA DE EDUCAÇÃO TUTORIAL (PET) PARA A FORMAÇÃO DE GRADUANDOS EM BIOLOGIA","EDUCAÇÃO & FORMAÇÃO",2448-3583,A3,,,2017-2020
"Raphael Alves Feitosa",http://lattes.cnpq.br/1488422394078457,2019,"ALCOHOLISM AMONG HIGH SCHOOL STUDENTS: PROFILE AND EDUCATIONAL INTERVENTION","INTERNATIONAL JOURNAL OF DEVELOPMENT RESEARCH",2230-9926,C,,,2017-2020
"Raphael Alves Feitosa",http://lattes.cnpq.br/1488422394078457,2019,"ISTVÁN MÉSZÁROS´ CONTRIBUTIONS TO CRITICAL ENVIRONMENTAL EDUCATION: INITIAL REPORT","JOURNAL FOR CRITICAL EDUCATION POLICY STUDIES",1740-2743,A4,,,2017-2020
"Raphael Alves Feitosa",http://lattes.cnpq.br/1488422394078457,2019,"Flipped Classroom: A Systematic Review Of Literature","ESPACIOS (CARACAS)",0798-1015,C,,,2017-2020
"Raphael Alves Feitosa",http://lattes.cnpq.br/1488422394078457,2019,"Uso de contos para (re)pensar ações de educação ambiental em contexto escolar com jovens","EDUCAÇÃO AMBIENTAL EM AÇÃO",1678-0701,N,,,
"Raphael Alves Feitosa",http://lattes.cnpq.br/1488422394078457,2019,"EDUCAÇÃO AMBIENTAL CRÍTICA NA ESCOLA: O CALOR DA PANELA DE PRESSÃO NA ECONOMIA DO GÁS DE COZINHA","EDUCAÇÃO AMBIENTAL EM AÇÃO",1678-0701,N,,,
"Raphael Alves Feitosa",http://lattes.cnpq.br/1488422394078457,2019,"CONCEPÇÕES E REFLEXÕES SOBRE O POR QUE SER PROFESSOR COM A CONTRIBUIÇÃO DO PIBID EA","EDUCAÇÃO AMBIENTAL EM AÇÃO",1678-0701,N,,,
"Raphael Alves Feitosa",http://lattes.cnpq.br/1488422394078457,2019,"A FOTOGRAFIA COMO FERRAMENTA PARA O ENSINO DE BIOLOGIA NO SERTÃO NORDESTINO: NARRATIVAS DO PROJETO ?BIOFOTOGRAFIA?","EXPERIÊNCIAS EM ENSINO DE CIÊNCIAS (UFRGS)",1982-2413,B1,,,2017-2020
"Raphael Alves Feitosa",http://lattes.cnpq.br/1488422394078457,2019,"Didática da Biologia: Reflexões acerca de Confluências Formativas","REVISTA DE EDUCACIÓN EN BIOLOGÍA",2344-9225,A3,,,2017-2020
"Raphael Alves Feitosa",http://lattes.cnpq.br/1488422394078457,2019,"Contribuições de Marcos Reigota e Paulo Freire à práxis pedagógica na perspectiva da educação ambiental crítica","EDUCAÇÃO AMBIENTAL EM AÇÃO",1678-0701,N,,,
"Raphael Alves Feitosa",http://lattes.cnpq.br/1488422394078457,2018,"3.100KM ENTRE PRÁTICAS DE EDUCAÇÃO AMBIENTAL DESCOLONIALIZANTES: EXPERIÊNCIAS DIDÁTICAS NA FORMAÇÃO INICIAL DE PROFESSORES","EDUCERE ET EDUCARE (VERSÃO ELETRÔNICA)",1981-4712,A4,,,2017-2020
"Raphael Alves Feitosa",http://lattes.cnpq.br/1488422394078457,2018,"Conselho escolar: visão estratégica na gestão escolar para a melhoria do Ensino Médio","REVISTA THEMA",2177-2894,A2,,,2017-2020
"Raphael Alves Feitosa",http://lattes.cnpq.br/1488422394078457,2018,"A CONSTRUÇÃO DA PEDAGOGIA SOCIALISTA","EDUCAÇÃO & SOCIEDADE",1678-4626,A1,,,2017-2020
"Raphael Alves Feitosa",http://lattes.cnpq.br/1488422394078457,2018,"O ESTUDO SOBRE ARBOVIROSE AMPARADA NO KAHOOT: UMA APLICAÇÃO NO CONTEXTO DA TEORIA DAS SITUAÇÕES DIDÁTICAS","CAMINHOS DA EDUCAÇÃO MATEMÁTICA EM REVISTA (ON-LINE)",2358-4750,A4,,,2017-2020
"Raphael Alves Feitosa",http://lattes.cnpq.br/1488422394078457,2018,"USO DE OBJETOS DE APRENDIZAGEM PARA ABSTRAÇÃO NO ENSINO DE QUÍMICA: ESTADO DA ARTE","CAMINHOS DA EDUCAÇÃO MATEMÁTICA EM REVISTA (ON-LINE)",2358-4750,A4,,,2017-2020
"Raphael Alves Feitosa",http://lattes.cnpq.br/1488422394078457,2018,"PERCEPÇÕES DE RIBEIRINHOS SOBRE A DISSEMINAÇÃO DOS RESÍDUOS SÓLIDOS NO RIO PIRACURUCA ? PI","EDUCAÇÃO AMBIENTAL EM AÇÃO",1678-0701,N,,,
"Raphael Alves Feitosa",http://lattes.cnpq.br/1488422394078457,2018,"A epistemologia na didática da matemática em completude com a tecnologia","TEAR: REVISTA DE EDUCAÇÃO, CIÊNCIA E TECNOLOGIA",2238-8079,B1,,,2017-2020
"Raphael Alves Feitosa",http://lattes.cnpq.br/1488422394078457,2018,"Estudos sobre a Tríade Formação de Professores, Estágio Supervisionado e Relação Teoria-prática no Ensino de Química: construindo o estado da questão","REVISTA ACTA SCIENTIAE",2178-7727,A2,,,2017-2020
"Raphael Alves Feitosa",http://lattes.cnpq.br/1488422394078457,2017,"Resenha","ENSAIO: PESQUISA EM EDUCAÇÃO EM CIÊNCIAS (ONLINE)",1983-2117,A1,,,2017-2020
"Raphael Alves Feitosa",http://lattes.cnpq.br/1488422394078457,2016,"FORMAÇÃO INICIAL E CONTINUADA DE PROFESSORES DA EDUCAÇÃO BÁSICA: CONTRIBUIÇÕES DO PROGRAMA INSTITUCIONAL DE BOLSA DE INICIAÇÃO À DOCÊNCIA (PIBID)","DEBATES EM EDUCAÇÃO CIENTÍFICA E TECNOLÓGICA",2179-6955,A4,,,2017-2020
"Raphael Alves Feitosa",http://lattes.cnpq.br/1488422394078457,2016,"USO DE JOGOS DIDÁTICOS NA APRENDIZAGEM DE BIOLOGIA CELULAR: ESTUDO ANTES E DEPOIS DA EXPLICAÇÃO DO CONTEÚDO TEÓRICO","REVISTA DA SBENBIO",1982-1867,A1,,,2017-2020
"Raphael Alves Feitosa",http://lattes.cnpq.br/1488422394078457,2016,"APRENDENDO DE MANEIRA DIVERTIDA: PERCEPÇÕES DE GRADUANDOS SOBRE UM MUSEU INTERATIVO DE CIÊNCIAS","REVISTA DA SBENBIO",1982-1867,A1,,,2017-2020
"Raphael Alves Feitosa",http://lattes.cnpq.br/1488422394078457,2016,"FORMAÇÃO INICIAL DE PROFESSORES: UM ESTUDO DO PIBID-BIOLOGIA EM CRATEÚS-CE","REVISTA DA SBENBIO",1982-1867,A1,,,2017-2020
"Raphael Alves Feitosa",http://lattes.cnpq.br/1488422394078457,2015,"As teorias sobre o 'professor reflexivo' e suas possibilidades para a formação do docente na área de ciências da natureza","REVISTA ENTREIDEIAS: EDUCAÇÃO, CULTURA E SOCIEDADE",2317-1219,A3,,,2017-2020
"Raphael Alves Feitosa",http://lattes.cnpq.br/1488422394078457,2015,"UM JOGO DE CARTAS MARCADAS: COMO UM JORNAL VEICULA O DESENVOLVIMENTO SUSTENTÁVEL","REVISTA METÁFORA EDUCACIONAL",1809-2705,C,,,2017-2020
"Raphael Alves Feitosa",http://lattes.cnpq.br/1488422394078457,2015,"Educação Ambiental e Pedagogia Histórico-Crítica: construindo a mandala do trabalho docente engajado","CIÊNCIAS & COGNIÇÃO (UFRJ)",1806-5821,B1,,,2017-2020
"Raphael Alves Feitosa",http://lattes.cnpq.br/1488422394078457,2015,"Interdisciplinaridade no curso de licenciatura em ciências biológicas: um estudo curricular","REVISTA TEMPOS E ESPAÇOS EM EDUCAÇÃO",2358-1425,A3,,,2017-2020
"Raphael Alves Feitosa",http://lattes.cnpq.br/1488422394078457,2015,"Aprendiendo ciencias en la teoría y en la práctica: notas de una investigación autobiográfica","REVISTA DE ESTUDIOS Y EXPERIENCIAS EN EDUCACIÓN (IMPRESA)",0717-6945,A1,,,2017-2020
"Raphael Alves Feitosa",http://lattes.cnpq.br/1488422394078457,2014,"CONTRIBUIÇÕES DA FILOSOFIA MARXIANA PARA O ENSINO DE BIOLOGIA","REVISTA DE ENSINO DE BIOLOGIA DA ASSOCIAÇÃO BRASILEIRA DE ENSINO DE BIOLOGIA (SBENBIO)",1982-1867,A1,,,2017-2020
"Raphael Alves Feitosa",http://lattes.cnpq.br/1488422394078457,2014,"O ENSINO DE BIOLOGIA NA DÉCADA DE 70 E 80 A PARTIR DA ANÁLISE DE LIVROS DIDÁTICOS","REVISTA DE ENSINO DE BIOLOGIA DA ASSOCIAÇÃO BRASILEIRA DE ENSINO DE BIOLOGIA (SBENBIO)",1982-1867,A1,,,2017-2020
"Raphael Alves Feitosa",http://lattes.cnpq.br/1488422394078457,2013,"Formação de educadores ambientais na tessitura de um grupo de pesquisa","PESQUISA EM EDUCAÇÃO AMBIENTAL (ONLINE)",2177-580X,A3,,,2017-2020
"Raphael Alves Feitosa",http://lattes.cnpq.br/1488422394078457,2013,"OS FETICHISMOS DA PEDAGOGIA DOS TRÊS R?S","EDUCAÇÃO AMBIENTAL EM AÇÃO",1678-0701,N,,,
"Raphael Alves Feitosa",http://lattes.cnpq.br/1488422394078457,2012,"A FORMAÇÃO DE PROFESSORES DE CIÊNCIAS BASEADA EM UMA ASSOCIAÇÃO DE COMPANHEIROS DE OFÍCIO","ENSAIO: PESQUISA EM EDUCAÇÃO EM CIÊNCIAS (ONLINE)",1983-2117,A1,,,2017-2020
"Raphael Alves Feitosa",http://lattes.cnpq.br/1488422394078457,2012,"A VISÃO ORIENTAL DA RELAÇÃO INSEPARÁVEL ENTRE SER VIVO E AMBIENTE: ESHO FUNI","REVISTA METÁFORA EDUCACIONAL",1809-2705,C,,,2017-2020
"Raphael Alves Feitosa",http://lattes.cnpq.br/1488422394078457,2012,"Filosofia das Ciências: para além da linearidade","REVISTA DA SBENBIO",1982-1867,A1,,,2017-2020
"Raphael Alves Feitosa",http://lattes.cnpq.br/1488422394078457,2012,"DIZENDO COBRAS E LAGARTOS: UMA EXPERIÊNCIA DE EDUCAÇÃO AMBIENTAL COM FUTUROS PROFESSORES DE BIOLOGIA","EXPERIÊNCIAS EM ENSINO DE CIÊNCIAS (UFRGS)",1982-2413,B1,,,2017-2020
"Raphael Alves Feitosa",http://lattes.cnpq.br/1488422394078457,2011,"PROJETO APRENDIZ: INTERAÇÃO ENTRE UNIVERSIDADE E ESCOLA PARA REALIZAÇÃO DE ATIVIDADES EXPERIMENTAIS NO ENSINO MÉDIO","CIÊNCIA E EDUCAÇÃO (UNESP)",1516-7313,A1,,,2017-2020
"Raphael Alves Feitosa",http://lattes.cnpq.br/1488422394078457,2011,"A RELEVÂNCIA DAS ATIVIDADES EXPERIMENTAIS NO ENSINO DE CIÊNCIAS","EDUCARE (FORTALEZA)",1984-3283,N,,,
"Raphael Alves Feitosa",http://lattes.cnpq.br/1488422394078457,2010,"Gramsci e o ensino de Biologia ?orgânico?","REVISTA DA SBENBIO",1982-1867,A1,,,2017-2020
"Raphael Alves Feitosa",http://lattes.cnpq.br/1488422394078457,2010,"Uma análise do currículo formal do curso de Ciências Biológicas da UFC, modalidade de Licenciatura","REVISTA DA SBENBIO",1982-1867,A1,,,2017-2020