nome,lattes_url,ano_publicacao,titulo_publicacao,periodico,issn,qualis,pontos,area,ano_base
"Raquel Crosara Maia Leite",http://lattes.cnpq.br/7669765409761636,2025,"O CURRÍCULO COMO UM ENCONTRO: A ARQUITETURA DA PRÁTICA","INTERFACES CIENTÍFICAS - EDUCAÇÃO",2316-3828,A4,,,2017-2020
"Raquel Crosara Maia Leite",http://lattes.cnpq.br/7669765409761636,2025,"O programa Residência Pedagógica - subprojeto biologia da UFDPar e a formação dos formadores de professores de ciências e biologia","CADERNOS CIMEAC",2178-9770,A4,,,2017-2020
"Raquel Crosara Maia Leite",http://lattes.cnpq.br/7669765409761636,2025,"Educação, currículo e os sujeitos LGBTQIA+: entre forças, formas e escapes","CADERNOS DE GÊNERO E DIVERSIDADE",2525-6904,A3,,,2017-2020
"Raquel Crosara Maia Leite",http://lattes.cnpq.br/7669765409761636,2025,"Estudo de caso como estratégia didática: proposta interdisciplinar para estimular a prática dos licenciandos em ciências biológicas","CUADERNOS DE EDUCACIÓN Y DESARROLLO",1989-4155,A4,,,2017-2020
"Raquel Crosara Maia Leite",http://lattes.cnpq.br/7669765409761636,2024,"A educação ambiental diante da Base Nacional Comum Curricular: revisão da literatura","REVISTA EDUCAÇÃO EM PÁGINAS",2764-8028,N,,,
"Raquel Crosara Maia Leite",http://lattes.cnpq.br/7669765409761636,2024,"PEDAGOGIA FREIRIANA uma análise dos projetos pedagógicos dos cursos de ciências biológicas","REVISTA ELETRÔNICA CIENTÍFICA ENSINO INTERDISCIPLINAR",2447-0783,A3,,,2017-2020
"Raquel Crosara Maia Leite",http://lattes.cnpq.br/7669765409761636,2024,"O Novo Ensino Médio e suas implicações no ensino e aprendizagem dos fungos","REEC. REVISTA ELECTRÓNICA DE ENSEÑANZA DE LAS CIENCIAS",1579-1513,A2,,,2017-2020
"Raquel Crosara Maia Leite",http://lattes.cnpq.br/7669765409761636,2024,"PRODUÇÃO DE VIDEOAULAS E ESCRITA ESPONTÂNEA COMO ESTRATÉGIAS INCLUSIVAS NO ESTÁGIO SUPERVISIONADO","OLH@RES - REVISTA ELETRÔNICA DO DEPARTAMENTO DE EDUCAÇÃO DA UNIFESP",2317-7853,A4,,,2017-2020
"Raquel Crosara Maia Leite",http://lattes.cnpq.br/7669765409761636,2024,"CAMINHOS E PERSPECTIVAS PARA FORMAÇÃO DO PERFIL CONCEITUAL DO TERMO MULHER CIENTISTA NO BRASIL","REVISTA DE CIÊNCIAS HUMANAS - EDUCAÇÃO",1981-9250,A4,,,2017-2020
"Raquel Crosara Maia Leite",http://lattes.cnpq.br/7669765409761636,2024,"A Residência Pedagógica da Biologia de uma Universidade Federal do Nordeste: contribuições para a formação inicial e relações com a graduaçãontribuições para a formação inicial e relações com a graduação","EDUCAÇÃO (SANTA MARIA. ONLINE)",1984-6444,A2,,,2017-2020
"Raquel Crosara Maia Leite",http://lattes.cnpq.br/7669765409761636,2024,"Um diálogo nas licenciaturas sobre fanzinagem e suas potencialidades educativas: relato de experiência extensionista","REVISTA DOCENCIA DO ENSINO SUPERIOR",2237-5864,A4,,,2017-2020
"Raquel Crosara Maia Leite",http://lattes.cnpq.br/7669765409761636,2024,"Eu, professor (x) de Ciências: reflexões para constituição e formação docente igualitária","REVISTA INTERAGIR",1809-5771,A2,,,2017-2020
"Raquel Crosara Maia Leite",http://lattes.cnpq.br/7669765409761636,2024,"A Feira de Ciências como espaço para formação inicial de professores de ciências e biologia do Programa Residência Pedagógica","CONTRIBUCIONES A LAS CIENCIAS SOCIALES",1988-7833,A4,,,2017-2020
"Raquel Crosara Maia Leite",http://lattes.cnpq.br/7669765409761636,2023,"EXPERIMENTAÇÃO E DOCÊNCIA NAS CIÊNCIAS DA NATUREZA: o que pensam e fazem professores de laboratório de escolas públicas estaduais do Ceará?","REVISTA PEDAGÓGICA (CHAPECÓ. ONLINE)",1984-1566,A4,,,2017-2020
"Raquel Crosara Maia Leite",http://lattes.cnpq.br/7669765409761636,2023,"A educação alimentar e nutricional em cursos de Pedagogia do estado do Ceará: da formação acadêmica aos desafios de ensino por professores formadores","TEAR: REVISTA DE EDUCAÇÃO, CIÊNCIA E TECNOLOGIA",2238-8079,B1,,,2017-2020
"Raquel Crosara Maia Leite",http://lattes.cnpq.br/7669765409761636,2023,"Uso de fanzinesem aulas de Ciências: uma revisão sistemática de literatura","REVISTA INSIGNARE SCIENTIA",2595-4520,A4,,,2017-2020
"Raquel Crosara Maia Leite",http://lattes.cnpq.br/7669765409761636,2023,"Um mapeamento sobre Estágio Supervisionado em Ciências Biológicas: panorama científico-brasileiro","REVISTA EDUCAÇÃO & FORMAÇÃO",2448-3583,A3,,,2017-2020
"Raquel Crosara Maia Leite",http://lattes.cnpq.br/7669765409761636,2022,"A história de um grupo de estudos em sexualidade e gênero e a formação inicial docente em Biologia","ENSINO & PESQUISA",2359-4381,A3,,,2017-2020
"Raquel Crosara Maia Leite",http://lattes.cnpq.br/7669765409761636,2022,"Estado da questão acerca da confluência entre sexualidade e ensino de Ciências","REVISTA EDUCAR MAIS",2237-9185,B3,,,2017-2020
"Raquel Crosara Maia Leite",http://lattes.cnpq.br/7669765409761636,2022,"Concepções Prévias sobre o Ensino por Investigação: Um Estudo Exploratório com Licenciandos em Ciências Biológicas","REVISTA INSIGNARE SCIENTIA",2595-4520,A4,,,2017-2020
"Raquel Crosara Maia Leite",http://lattes.cnpq.br/7669765409761636,2022,"A CONSTRUÇÃO COLABORATIVA DE UMA OFICINA SOBRE HORTA ESCOLAR","EXTENSÃO EM AÇÃO",2316-400X,B4,,,2017-2020
"Raquel Crosara Maia Leite",http://lattes.cnpq.br/7669765409761636,2022,"'Comer é um ato que vai além de nutrir o corpo'","DEBATES EM EDUCAÇÃO",2175-6600,A2,,,2017-2020
"Raquel Crosara Maia Leite",http://lattes.cnpq.br/7669765409761636,2022,"Experiências exitosas e enfrentamentos vividos durante o programa de residência pedagógica das ciências biológicas UFC","REVISTA COCAR (ONLINE)",2237-0315,A2,,,2017-2020
"Raquel Crosara Maia Leite",http://lattes.cnpq.br/7669765409761636,2022,"The Nature of Biology in Life Sciences Undergraduate Courses","REVISTA DE ENSINO DE CIÊNCIAS E MATEMÁTICA (RENCIMA)",2179-426X,A2,,,2017-2020
"Raquel Crosara Maia Leite",http://lattes.cnpq.br/7669765409761636,2022,"Conceito e percurso histórico da Educação em Saúde no Brasil","REVISTA ELETRÔNICA ENSINO, SAÚDE E AMBIENTE",1983-7011,B1,,,2017-2020
"Raquel Crosara Maia Leite",http://lattes.cnpq.br/7669765409761636,2021,"História da Educação Científica: revisando aspectos e construindo perspectivas","REVISTA EDUCAR MAIS",2237-9185,B3,,,2017-2020
"Raquel Crosara Maia Leite",http://lattes.cnpq.br/7669765409761636,2021,"?Mas eles só constroem coisas!?: Educação Ambiental Crítica para o curso Técnico Integrado em Edificações","REVISTA BRASILEIRA DE EDUCAÇÃO AMBIENTAL (ONLINE)",1981-1764,A4,,,2017-2020
"Raquel Crosara Maia Leite",http://lattes.cnpq.br/7669765409761636,2021,"A Educação Ambiental no Documento Curricular Referencial do Ceará","REVISTA ELETRÔNICA DO MESTRADO EM EDUCAÇÃO AMBIENTAL",1517-1256,A3,,,2017-2020
"Raquel Crosara Maia Leite",http://lattes.cnpq.br/7669765409761636,2021,"O fanzine digital como estratégia didática na formação inicial do pedagogo para o ensino de ciências","REVISTA INSIGNARE SCIENTIA - RIS",2595-4520,A4,,,2017-2020
"Raquel Crosara Maia Leite",http://lattes.cnpq.br/7669765409761636,2021,"A Educação Alimentar e Nutricional em Projetos Pedagógicos de Cursos de Pedagogia do Estado do Ceará","REVISTA COCAR (ONLINE)",2237-0315,A2,,,2017-2020
"Raquel Crosara Maia Leite",http://lattes.cnpq.br/7669765409761636,2021,"?A Ciência que nos alimenta?: a alimentação saudável na educação científica em políticas educacionais para o Ensino Fundamental","REVISTA DE ENSINO DE CIÊNCIAS E MATEMÁTICA (RENCIMA)",2179-426X,A2,,,2017-2020
"Raquel Crosara Maia Leite",http://lattes.cnpq.br/7669765409761636,2020,"A educação alimentar e nutricional em questão: desdobramentos na formação inicial de professores pedagogos","RESEARCH, SOCIETY AND DEVELOPMENT",2525-3409,C,,,2017-2020
"Raquel Crosara Maia Leite",http://lattes.cnpq.br/7669765409761636,2020,"COMER PARA FICAR FORTE E CRESCER: A EDUCAÇÃO ALIMENTAR E NUTRICIONAL EM SEQUÊNCIA DIDÁTICA","REVISTA CIÊNCIA & DESENVOLVIMENTO",1984-4271,N,,,
"Raquel Crosara Maia Leite",http://lattes.cnpq.br/7669765409761636,2020,"Os contributos da Residência Pedagógica para a Formação Inicial de Professores de  Ciências Biológicas: o Estado da Questão","RESEARCH, SOCIETY AND DEVELOPMENT",2525-3409,C,,,2017-2020
"Raquel Crosara Maia Leite",http://lattes.cnpq.br/7669765409761636,2020,"Plantando as sementes: o tema sexualidade na formação inicial docente em ciências  biológicas","RESEARCH, SOCIETY AND DEVELOPMENT",2525-3409,C,,,2017-2020
"Raquel Crosara Maia Leite",http://lattes.cnpq.br/7669765409761636,2020,"A educação alimentar e nutricional no ensino de Ciências/Biologia à luz das publicações na SBEnBio","REVISTA DE ENSINO DE BIOLOGIA DA ASSOCIAÇÃO BRASILEIRA DE ENSINO DE BIOLOGIA (SBENBIO)",1982-1867,A1,,,2017-2020
"Raquel Crosara Maia Leite",http://lattes.cnpq.br/7669765409761636,2020,"FORMAÇÃO DE PROFESSORES EM MUSEUS DE CIÊNCIAS: CONSTRUINDO O ESTADO DA QUESTÃO","ATOS DE PESQUISA EM EDUCAÇÃO (FURB)",1809-0354,A3,,,2017-2020
"Raquel Crosara Maia Leite",http://lattes.cnpq.br/7669765409761636,2020,"Assédio no âmbito dos estágios supervisionados: entre a sujeição e o aprendizado docente","REVISTA EDUCAR MAIS",2237-9185,B3,,,2017-2020
"Raquel Crosara Maia Leite",http://lattes.cnpq.br/7669765409761636,2020,"Currículo integrado e educação profissional: o que dizem os professores?","REVISTA COCAR (ONLINE)",2237-0315,A2,,,2017-2020
"Raquel Crosara Maia Leite",http://lattes.cnpq.br/7669765409761636,2019,"EDUCAÇÃO AMBIENTAL CRÍTICA NA ESCOLA: O CALOR DA PANELA DE PRESSÃO NA ECONOMIA DO GÁS DE COZINHA","EDUCAÇÃO AMBIENTAL EM AÇÃO",1678-0701,N,,,
"Raquel Crosara Maia Leite",http://lattes.cnpq.br/7669765409761636,2019,"O conservadorismo e a formação cidadã: a abordagem da Sexualidade no Ensino Fundamental diante do discurso em documentos oficiais","REVISTA DE EDUCAÇÃO, CIÊNCIA E CULTURA",2236-6377,A3,,,2017-2020
"Raquel Crosara Maia Leite",http://lattes.cnpq.br/7669765409761636,2019,"Alfabetização científica nos anos iniciais do ensino fundamental: o que nos dizem os documentos oficiais","ACTIO: DOCENCIA EM CIÊNCIAS",2525-8923,A3,,,2017-2020
"Raquel Crosara Maia Leite",http://lattes.cnpq.br/7669765409761636,2019,"O silêncio que ninguem ouviu:  análise do enfoque CTSA nas concepções e práticas de professores premiados em evento ambiental","REEC. REVISTA ELECTRÓNICA DE ENSEÑANZA DE LAS CIENCIAS",1579-1513,A2,,,2017-2020
"Raquel Crosara Maia Leite",http://lattes.cnpq.br/7669765409761636,2019,"Educação científica em espaços não formais: relato de uma formação continuada de professores de Ciências","REVISTA ENCONTROS UNIVERSITÁRIOS DA UFC",2526-6578,C,,,2017-2020
"Raquel Crosara Maia Leite",http://lattes.cnpq.br/7669765409761636,2018,"Influência do PIBID na formação e na prática de professores de Biologia","EDUCAÇÃO EM FOCO",2317-0093,A4,,,2017-2020
"Raquel Crosara Maia Leite",http://lattes.cnpq.br/7669765409761636,2017,"Para além do espaço verde na escola: análise das concepções sobre educação ambiental vinculadas à proposta da Mostra de Educação Ambiental no Ceará","CIÊNCIA E EDUCAÇÃO (UNESP)",1516-7313,A1,,,2017-2020
"Raquel Crosara Maia Leite",http://lattes.cnpq.br/7669765409761636,2016,"Divulgação científica sobre práticas de laboratório: análise da inserção ciência, tecnologia e sociedade (CTS) em textos produzidos por estudantes de Ciências Biológicas","REVISTA BRASILEIRA DE ESTUDOS PEDAGÓGICOS  RBEP-INEP",2176-6681,A1,,,2017-2020
"Raquel Crosara Maia Leite",http://lattes.cnpq.br/7669765409761636,2016,"Estado da Questão: o pequeno príncipe na estrela da alfabetização científica nos anos iniciais do ensino fundamental","REVISTA DA SBENBIO",1982-1867,A1,,,2017-2020
"Raquel Crosara Maia Leite",http://lattes.cnpq.br/7669765409761636,2016,"A disciplina de didática para a formação do professor de biologia","REVISTA DA SBENBIO",1982-1867,A1,,,2017-2020
"Raquel Crosara Maia Leite",http://lattes.cnpq.br/7669765409761636,2016,"As concepções de licenciandos sobre o uso das histórias em quadrinhos na aprendizagem de conceitos científicos","REVISTA DA SBENBIO",1982-1867,A1,,,2017-2020
"Raquel Crosara Maia Leite",http://lattes.cnpq.br/7669765409761636,2014,"O que as crianças pensam sobre o tráfico de animais silvestres?","EDUCAÇÃO AMBIENTAL EM AÇÃO",1678-0701,N,,,
"Raquel Crosara Maia Leite",http://lattes.cnpq.br/7669765409761636,2014,"CIRCUITO BIÓLOGO DOCENTE: A RELAÇÃO SER HUMANO ? MEIO AMBIENTE - ENSINO","REVISTA DE ENSINO DE BIOLOGIA DA ASSOCIAÇÃO BRASILEIRA DE ENSINO DE BIOLOGIA (SBENBIO)",1982-1867,A1,,,2017-2020
"Raquel Crosara Maia Leite",http://lattes.cnpq.br/7669765409761636,2014,"CIÊNCIAS NATURAIS E INTERDISCIPLINARIDADE: UM RELATO DE  EXPERIÊNCIA DO PROJETO RECICLAGEM E SUSTENTABILIDADE DO  PLANETA TERRA","REVISTA DE ENSINO DE BIOLOGIA DA ASSOCIAÇÃO BRASILEIRA DE ENSINO DE BIOLOGIA (SBENBIO)",1982-1867,A1,,,2017-2020
"Raquel Crosara Maia Leite",http://lattes.cnpq.br/7669765409761636,2014,"ENSINO DE BIOLOGIA POR INVESTIGAÇÃO: RELATO DE UMA EXPERIÊNCIA  NO AÇUDE SANTO ANASTÁCIO, FORTALEZA (CE)","REVISTA DE ENSINO DE BIOLOGIA DA ASSOCIAÇÃO BRASILEIRA DE ENSINO DE BIOLOGIA (SBENBIO)",1982-1867,A1,,,2017-2020
"Raquel Crosara Maia Leite",http://lattes.cnpq.br/7669765409761636,2014,"O ENSINO DE BIOLOGIA NA DÉCADA DE 70 E 80 A PARTIR DA ANÁLISE  DE LIVROS DIDÁTICOS","REVISTA DE ENSINO DE BIOLOGIA DA ASSOCIAÇÃO BRASILEIRA DE ENSINO DE BIOLOGIA (SBENBIO)",1982-1867,A1,,,2017-2020
"Raquel Crosara Maia Leite",http://lattes.cnpq.br/7669765409761636,2014,"EDUCAÇÃO AMBIENTAL E MANGUEZAIS: A PERCEPÇÃO DE ALUNOS DE  UMA ESCOLA PÚBLICA DE ENSINO MÉDIO EM AQUIRAZ","REVISTA DE ENSINO DE BIOLOGIA DA ASSOCIAÇÃO BRASILEIRA DE ENSINO DE BIOLOGIA (SBENBIO)",1982-1867,A1,,,2017-2020
"Raquel Crosara Maia Leite",http://lattes.cnpq.br/7669765409761636,2014,"ENSINO DE BIOLOGIA NO ÂMBITO DO PIBID: UM ESTUDO DE  CASO","REVISTA DE ENSINO DE BIOLOGIA DA ASSOCIAÇÃO BRASILEIRA DE ENSINO DE BIOLOGIA (SBENBIO)",1982-1867,A1,,,2017-2020
"Raquel Crosara Maia Leite",http://lattes.cnpq.br/7669765409761636,2014,"NEM SÓ DE ESCOLA VIVE O ENSINO DE CIÊNCIAS Formação científica cidadã no contexto dos museus de ciência","REVISTA DE ENSINO DE BIOLOGIA DA ASSOCIAÇÃO BRASILEIRA DE ENSINO DE BIOLOGIA (SBENBIO)",1982-1867,A1,,,2017-2020
"Raquel Crosara Maia Leite",http://lattes.cnpq.br/7669765409761636,2014,"CONTRIBUIÇÕES DA FILOSOFIA MARXIANA PARA O ENSINO DE BIOLOGIA","REVISTA DE ENSINO DE BIOLOGIA DA ASSOCIAÇÃO BRASILEIRA DE ENSINO DE BIOLOGIA (SBENBIO)",1982-1867,A1,,,2017-2020
"Raquel Crosara Maia Leite",http://lattes.cnpq.br/7669765409761636,2014,"Concepções sobre a seleção do livro didático de biologia em uma escola estadual de educação profissional do Ceará: o que pensam os professores","REVISTA DA SBENBIO",1982-1867,A1,,,2017-2020
"Raquel Crosara Maia Leite",http://lattes.cnpq.br/7669765409761636,2013,"Educação ambiental e Escola: uma união contra o tráfico de animais silvestres","EDUCAÇÃO AMBIENTAL EM AÇÃO",1678-0701,N,,,
"Raquel Crosara Maia Leite",http://lattes.cnpq.br/7669765409761636,2013,"CONCEPÇÕES DE ESTUDANTES DO ENSINO MÉDIO SOBRE SANEAMENTO BÁSICO","EDUCAÇÃO AMBIENTAL EM AÇÃO",1678-0701,N,,,
"Raquel Crosara Maia Leite",http://lattes.cnpq.br/7669765409761636,2012,"A Formação de Professores de Ciências Baseada numa Associação de Companheiros de Ofício","ENSAIO: PESQUISA EM EDUCAÇÃO EM CIÊNCIAS (ONLINE)",1983-2117,A1,,,2017-2020
"Raquel Crosara Maia Leite",http://lattes.cnpq.br/7669765409761636,2012,"Docentes em Formação e a necessidade da reflexão em suas práticas","REVISTA DA SBENBIO",1982-1867,A1,,,2017-2020
"Raquel Crosara Maia Leite",http://lattes.cnpq.br/7669765409761636,2012,"Olhares sobre o 'campo' - percepção dos estudantes de Biologia da UFC","REVISTA DA SBENBIO",1982-1867,A1,,,2017-2020
"Raquel Crosara Maia Leite",http://lattes.cnpq.br/7669765409761636,2012,"Análise da motivação vocacional dos ingressantes do curso de Ciências Biológicas da Universidade Federal do Ceará, a partir de 2011","REVISTA DA SBENBIO",1982-1867,A1,,,2017-2020
"Raquel Crosara Maia Leite",http://lattes.cnpq.br/7669765409761636,2012,"Ensino de Sexualidade - reflexões sobre uma análise de livros didáticos de ensino fundamental e médio","REVISTA DA SBENBIO",1982-1867,A1,,,2017-2020
"Raquel Crosara Maia Leite",http://lattes.cnpq.br/7669765409761636,2012,"A utilização de peixes ornamentais no ensino de biologia","REVISTA DA SBENBIO",1982-1867,A1,,,2017-2020
"Raquel Crosara Maia Leite",http://lattes.cnpq.br/7669765409761636,2012,"Aulas de campo - escolas públicas versus escolas particulares - ocorrência dessa modalidade didática e  as perspectivas dos estudantes","REVISTA DA SBENBIO",1982-1867,A1,,,2017-2020
"Raquel Crosara Maia Leite",http://lattes.cnpq.br/7669765409761636,2012,"Filosofia das Ciências - para além da linearidade","REVISTA DA SBENBIO",1982-1867,A1,,,2017-2020
"Raquel Crosara Maia Leite",http://lattes.cnpq.br/7669765409761636,2012,"Circuito Biólogo Docente - aliado na formação e informação dos licenciandos em Ciências Biológicas da UFC","REVISTA DA SBENBIO",1982-1867,A1,,,2017-2020
"Raquel Crosara Maia Leite",http://lattes.cnpq.br/7669765409761636,2012,"Seminários e projetos escolares como instrumentos para educação ambiental e sanitária","REVISTA DA SBENBIO",1982-1867,A1,,,2017-2020
"Raquel Crosara Maia Leite",http://lattes.cnpq.br/7669765409761636,2011,""Projeto Aprendiz": interação universidade-escola para realização de atividades experimentais no ensino médio","CIÊNCIA E EDUCAÇÃO (UNESP. IMPRESSO)",1516-7313,A1,,,2017-2020
"Raquel Crosara Maia Leite",http://lattes.cnpq.br/7669765409761636,2010,"O uso de oficinas como estratégia para formação inicial de professores de biologia","REVISTA DA SBENBIO",1982-1867,A1,,,2017-2020
"Raquel Crosara Maia Leite",http://lattes.cnpq.br/7669765409761636,2010,"Revisando histologia: vamos jogar? A utilização de jogo didático como estratégia de ensino","REVISTA DA SBENBIO",1982-1867,A1,,,2017-2020
"Raquel Crosara Maia Leite",http://lattes.cnpq.br/7669765409761636,2010,"Sistema de Avaliação no Ensino Médio, perspectivas para o ENEM","REVISTA DA SBENBIO",1982-1867,A1,,,2017-2020
"Raquel Crosara Maia Leite",http://lattes.cnpq.br/7669765409761636,2010,"Uma Análise do Currículo Formal do Curso de Ciências Biológicas da UFC","REVISTA DA SBENBIO",1982-1867,A1,,,2017-2020
"Raquel Crosara Maia Leite",http://lattes.cnpq.br/7669765409761636,2001,"A História das Leis de Mendel na Perspectiva Fleckiana","REVISTA BRASILEIRA DE PESQUISA EM EDUCAÇÃO EM CIÊNCIAS",,N,,,
"Raquel Crosara Maia Leite",http://lattes.cnpq.br/7669765409761636,2000,"As Ilhas de Racionalidade e o Saber Significativo: o ensino de ciências através de projetos","ENSAIO: PESQUISA EM EDUCAÇÃO EM CIÊNCIAS (IMPRESSO)",1415-2150,A1,,,2017-2020