nome,lattes_url,ano_publicacao,titulo_publicacao,periodico,issn,qualis,pontos,area,ano_base
"Rosimeire Costa de Andrade Cruz",http://lattes.cnpq.br/2741101989777106,2025,"As Diretrizes Curriculares Nacionais para a Educação das Relações Étnico-Raciais e a Educação Infantil na produção científica brasileira","REVISTA TEMPOS E ESPAÇOS EM EDUCAÇÃO (ONLINE)",2358-1425,A3,,,2017-2020
"Rosimeire Costa de Andrade Cruz",http://lattes.cnpq.br/2741101989777106,2025,"Estágio e aprendizagem da docência na Educação Infantil: percepções de alunos do curso de Pedagogia","EDUCAÇÃO (SANTA MARIA. ONLINE)",1984-6444,A2,,,2017-2020
"Rosimeire Costa de Andrade Cruz",http://lattes.cnpq.br/2741101989777106,2025,"Documentação pedagógica e mini-histórias: conceitos e práticas em diálogo","CUADERNOS DE EDUCACIÓN Y DESARROLLO",1989-4155,A4,,,2017-2020
"Rosimeire Costa de Andrade Cruz",http://lattes.cnpq.br/2741101989777106,2025,"Educação infantil quilombola na região amazônica: estudo da BNCC nos projetos políticos pedagógicosBncc en proyectos pedagógicos de unidades educativas escolares quilombolas en la AmazoniaBncc in pedagogical projects of quilombola school education units in the Amazon","PRÁXIS EDUCACIONAL (ONLINE)",2178-2679,A2,,,2017-2020
"Rosimeire Costa de Andrade Cruz",http://lattes.cnpq.br/2741101989777106,2025,"O estágio supervisionado como espaço de aprendizagem da docência na Educação Infantil","REVISTA IBERO-AMERICANA DE ESTUDOS EM EDUCAÇÃO",1982-5587,A1,,,2017-2020
"Rosimeire Costa de Andrade Cruz",http://lattes.cnpq.br/2741101989777106,2025,"O compromisso do Movimento Interfóruns de educação infantil do Brasil com a qualidade e a equidadeThe commitment of the Brazilian Inter-forum Movement for Early Childhood Education to quality and equity","ZERO-A-SEIS (FLORIANÓPOLIS)",1980-4512,A3,,,2017-2020
"Rosimeire Costa de Andrade Cruz",http://lattes.cnpq.br/2741101989777106,2024,"O uso do Desenho-Estória na pesquisa com crianças","REVISTA EDUCAÇÃO (PUCRS. ONLINE)",1981-2582,A1,,,2017-2020
"Rosimeire Costa de Andrade Cruz",http://lattes.cnpq.br/2741101989777106,2024,"Notas da Pedagogia da Infância sobre espaço e tempo em grupos de crianças na faixa etária de 2 e 3 anos","REVISTA EDUCAÇÃO & ENSINO - ISSN 2594-4444",2594-4444,B1,,,2017-2020
"Rosimeire Costa de Andrade Cruz",http://lattes.cnpq.br/2741101989777106,2023,"Concepções docentes norteadoras de práticas pedagógicas com bebês em creche","REVISTA ESPAÇO DO CURRÍCULO",1983-1579,A3,,,2017-2020
"Rosimeire Costa de Andrade Cruz",http://lattes.cnpq.br/2741101989777106,2022,"Narrar e aprender sobre educação infantil em portfólios reflexivos","DEBATES EM EDUCAÇÃO",2175-6600,A2,,,2017-2020
"Rosimeire Costa de Andrade Cruz",http://lattes.cnpq.br/2741101989777106,2021,"A educação infantil e demandas postas pela pandemia: intersetorialidade, identidade e retorno às atividades presenciais","ZERO-A-SEIS (FLORIANÓPOLIS)",1980-4512,A3,,,2017-2020
"Rosimeire Costa de Andrade Cruz",http://lattes.cnpq.br/2741101989777106,2021,"O balanço de uma década da promulgação das Diretrizes Curriculares Nacionais Para A Educação Infantil na produção acadêmica brasileira","REVISTA EXITUS",2237-9460,A3,,,2017-2020
"Rosimeire Costa de Andrade Cruz",http://lattes.cnpq.br/2741101989777106,2021,"A qualidade das creches conveniadas de Fortaleza em foco","EDUCAR EM REVISTA",1984-0411,A1,,,2017-2020
"Rosimeire Costa de Andrade Cruz",http://lattes.cnpq.br/2741101989777106,2021,"Estágio Curricular em Educação Infantil: (Des)Encontros entre Estudantes e Docentes de Bebês e Crianças Bem Pequenas","HUMANIDADES & INOVAÇÃO",2358-8322,B2,,,2017-2020
"Rosimeire Costa de Andrade Cruz",http://lattes.cnpq.br/2741101989777106,2018,"Gestão pedagógica na Educação Infantil: a voz das professoras de uma creche pública brasileira","REVISTA PORTUGUESA DE INVESTIGAÇÃO EDUCACIONAL",1645-4006,B1,,,2017-2020
"Rosimeire Costa de Andrade Cruz",http://lattes.cnpq.br/2741101989777106,2017,"O ambiente na educação infantil e a construção da identidade da criança","REVISTA EM ABERTO - INEP",2176-6673,A2,,,2017-2020
"Rosimeire Costa de Andrade Cruz",http://lattes.cnpq.br/2741101989777106,2015,"A perspectiva de crianças sobre a creche","REVISTA EVENTOS PEDAGÓGICOS",2236-3165,A4,,,2017-2020
"Rosimeire Costa de Andrade Cruz",http://lattes.cnpq.br/2741101989777106,2011,"A importância do currículo","EDUCAÇÃO (SÃO PAULO)",1415-5486,C,,,2017-2020
"Rosimeire Costa de Andrade Cruz",http://lattes.cnpq.br/2741101989777106,2010,"As práticas educativas desenvolvidas na pré-escola sob a perspectiva das crianças","XXIII SIMPOSIO BRASILEIRO / V CONGRESSO LUSO-BRASILEIRO/ I COLÓQUIO IBERO-AMERICANO DE POLITICA E ADMINISTRAÇÃO DA EDUCAÇÃO",1677-3802,N,,,
"Rosimeire Costa de Andrade Cruz",http://lattes.cnpq.br/2741101989777106,2002,"A rotina da creche comunitária de Fortaleza: tempo de espera e ociosidade","EDUCAÇÃO EM DEBATE (UFC)",0102-1117,B1,,,2017-2020