nome,lattes_url,ano_publicacao,titulo_publicacao,periodico,issn,qualis,pontos,area,ano_base
"Sandra Haydée Petit",http://lattes.cnpq.br/6860521449989672,2024,"OS MARCADORES DAS AFRICANIDADES NO CHÃO REDONDO DA ESCOLA E SUAS IMPLICAÇÕES NA FORMAÇÃO DOCENTE","REVISTA EM FAVOR DE IGUALDADE RACIAL",2595-4911,B1,,,2017-2020
"Sandra Haydée Petit",http://lattes.cnpq.br/6860521449989672,2024,"Pretagogia na implementação da ERER: árvore dos afrossaberes e estações de aprendizagem como caminho de fortalecimento do pertencimento afro de professoras/es numa comunidade negra do Ceará-Brasil","CONTRIBUCIONES A LAS CIENCIAS SOCIALES",1988-7833,A4,,,2017-2020
"Sandra Haydée Petit",http://lattes.cnpq.br/6860521449989672,2024,"três mestras negras: pretagogia, conceitos operatórios e experiências no quilombo","REVISTA INTERDISCIPLINAR DAS ÁREAS DE  EDUCAÇÃO, AMBIENTE, CIÊNCIAS HUMANAS E SOCIAIS",2965-5005,N,,,
"Sandra Haydée Petit",http://lattes.cnpq.br/6860521449989672,2024,"TECENDO BRINCADEIRAS AFRICANAS E AFRO-BRASILEIRAS NA ESCOLA: UMA PROPOSTA PRETAGÓGICA PARA IMPLEMENTAÇÃO DA LEI Nº 10.639/2003","REVISTA INTERINSTITUCIONAL ARTES DE EDUCAR",2359-6856,A4,,,2017-2020
"Sandra Haydée Petit",http://lattes.cnpq.br/6860521449989672,2023,"Aprendendo e Ensinando com Filosofias Africanas","REVISTA ABPN",2177-2770,A4,,,2017-2020
"Sandra Haydée Petit",http://lattes.cnpq.br/6860521449989672,2023,"Pode entrar, a brincadeira pode ser tua também","VOZES, PRETÉRITO & DEVIR",2317-1979,B1,,,2017-2020
"Sandra Haydée Petit",http://lattes.cnpq.br/6860521449989672,2022,"Apontamentos sobre o livro 'Welcoming Spirit Home' de Sobonfu Somé: espírito, comunidade e nascimento fortalecendo a Pretagogia","REVISTA ÁFRICA E AFRICANIDADES",1983-2354,A4,,,2017-2020
"Sandra Haydée Petit",http://lattes.cnpq.br/6860521449989672,2020,"Filosofia africana para afrorreferenciar o currículo e o pertencimento","REVISTA EXITUS",2237-9460,A3,,,2017-2020
"Sandra Haydée Petit",http://lattes.cnpq.br/6860521449989672,2020,"Apresentação - DOSSIÊ: FILOSOFIA AFRICANA DESDE VOZES FEMININAS","PROBLEMATA: REVISTA INTERNACIONAL DE FILOSOFIA",2236-8612,A4,,,2017-2020
"Sandra Haydée Petit",http://lattes.cnpq.br/6860521449989672,2020,"Parangadinkra: potencialidades pretagógicas, ensinamentos e filosofias de três adinkras do povo Akan em Gana","REVISTA ABPN",2177-2770,A4,,,2017-2020
"Sandra Haydée Petit",http://lattes.cnpq.br/6860521449989672,2019,"MOVIMENTANDO A LEI Nº 10.639/03 NA INTEGRIDADE DA ESCOLA À LUZ DA PRETAGOGIA: UMA EXPERIÊNCIA POTENCIALIZADORA NO CARIRI CEARENSE","DEBATES EM EDUCAÇÃO",2175-6600,A2,,,2017-2020
"Sandra Haydée Petit",http://lattes.cnpq.br/6860521449989672,2019,"PRETAGOGIA: NUANCES PRETAS NA EDUCAÇÃO INSTITUCIONAL.","AKEKO,",2595-2757,B4,,,2017-2020
"Sandra Haydée Petit",http://lattes.cnpq.br/6860521449989672,2016,"Práticas pedagógicas para a Lei nº 10.639/2003: a criação de nova abordagem de formação na perspectiva das africanidades","EDUCAÇÃO EM FOCO (JUIZ DE FORA)",0104-3293,A3,,,2017-2020
"Sandra Haydée Petit",http://lattes.cnpq.br/6860521449989672,2014,"UMA EXPERIÊNCIA DE FORMAÇÃO DE PROFESSOR@S DE ÁREAS QUILOMBOLAS POR MEIO DA PRET@GOGIA.","MUITAS VOZES",2238-7196,B2,,,2017-2020
"Sandra Haydée Petit",http://lattes.cnpq.br/6860521449989672,2011,"O diferencial da sociopoética: encontros e bifurcações face aos grupos rogerianos e as respectivas abordagens de pesquisa lewiniana, existencial e participante","LINGUAGEM, EDUCAÇÃO E SOCIEDADE (UFPI)",1518-0743,A3,,,2017-2020
"Sandra Haydée Petit",http://lattes.cnpq.br/6860521449989672,2009,"Idéias sobre confetos e o diferencial da sociopoética","ENTRELUGARES: REVISTA DE SOCIOPOÉTICA E ABORDAGENS AFINS",1984-1787,B4,,,2017-2020
"Sandra Haydée Petit",http://lattes.cnpq.br/6860521449989672,2009,"Recriando o círculo de cultura freireano pela sociopoética: exemplos de uma trajetória de ensino em educação popular","ENTRELUGARES: REVISTA DE SOCIOPOÉTICA E ABORDAGENS AFINS",1984-1787,B4,,,2017-2020
"Sandra Haydée Petit",http://lattes.cnpq.br/6860521449989672,2008,"Sexuality of women attended in family health program: a social poetic production","REVISTA LATINO-AMERICANA DE ENFERMAGEM (RIBEIRÃO PRETO)",0104-1169,A2,,,2017-2020
"Sandra Haydée Petit",http://lattes.cnpq.br/6860521449989672,2007,"A produção de subjetividade dos usuários de um hospital dia: uma experiência sociopoética","ONLINE BRAZILIAN JOURNAL OF NURSING",1676-4285,B1,,,2017-2020
"Sandra Haydée Petit",http://lattes.cnpq.br/6860521449989672,2003,"Escolas comunitárias face à COEDUC: o instituinte nas suas contradições","REVISTA DO DEPARTAMENTO DE PSICOLOGIA (UFF)",0104-8023,C,,,2017-2020
"Sandra Haydée Petit",http://lattes.cnpq.br/6860521449989672,2001,"Dos produtos paralelos de uma pesquisa","REVISTA DO DEPARTAMENTO DE PSICOLOGIA (UFF)",0104-8023,C,,,2017-2020
"Sandra Haydée Petit",http://lattes.cnpq.br/6860521449989672,1999,"Algumas reflexões acerca das contribuições da pesquisa participante à prática de restitutição","EDUCAÇÃO EM DEBATE (CESA/UFC)",0102-1117,B1,,,2017-2020
"Sandra Haydée Petit",http://lattes.cnpq.br/6860521449989672,1998,"História e estórias da fabricação de uma tese","CADERNOS DA PÓS-GRADUAÇÃO EM EDUCAÇÃO",1414-0829,N,,,
"Sandra Haydée Petit",http://lattes.cnpq.br/6860521449989672,1997,"La constitutuion d'un groupe de recherche dans une université au Nord-Est du Brésil: quelques implications","PRATIQUES DE FORMATION. ANALYSES",0292-2215,N,,,