nome,lattes_url,ano_publicacao,titulo_publicacao,periodico,issn,qualis,pontos,area,ano_base
"Silvia Helena Vieira Cruz",http://lattes.cnpq.br/4232760913140402,2024,"Formação inicial de professores para a docência com bebês: as perspectivas de docentes, discentes e egressos do curso de pedagogia da Universidade Federal do Ceará, Brasil","EDUCAR EM REVISTA",1984-0411,A1,,,2017-2020
"Silvia Helena Vieira Cruz",http://lattes.cnpq.br/4232760913140402,2024,"O uso do Desenho-Estória na pesquisa com crianças","REVISTA EDUCAÇÃO (PUCRS. ONLINE)",1981-2582,A1,,,2017-2020
"Silvia Helena Vieira Cruz",http://lattes.cnpq.br/4232760913140402,2023,"Gestão democrática na educação infantil: análise das percepções de professoras sobre o trabalho da coordenadora pedagógica de um CEI","REVISTA INTERTERRITÓRIOS",2525-7668,A4,,,2017-2020
"Silvia Helena Vieira Cruz",http://lattes.cnpq.br/4232760913140402,2023,"A prática de registro entre as interações e a observação: a experiência de professoras do Centro de educação infantil Mário Quintana (Fortaleza-Ceará)","ZERO-A-SEIS (FLORIANÓPOLIS)",1980-4512,A3,,,2017-2020
"Silvia Helena Vieira Cruz",http://lattes.cnpq.br/4232760913140402,2022,"Educação das relações étnico-raciais na formação docente","DEBATES EM EDUCAÇÃO",2175-6600,A2,,,2017-2020
"Silvia Helena Vieira Cruz",http://lattes.cnpq.br/4232760913140402,2021,"A educação infantil e demandas postas pela pandemia: intersetorialidade, identidade e retorno às atividades presenciais","ZERO-A-SEIS (FLORIANÓPOLIS)",1980-4512,A3,,,2017-2020
"Silvia Helena Vieira Cruz",http://lattes.cnpq.br/4232760913140402,2021,"A qualidade das creches conveniadas de Fortaleza em foco","EDUCAR EM REVISTA",1984-0411,A1,,,2017-2020
"Silvia Helena Vieira Cruz",http://lattes.cnpq.br/4232760913140402,2020,"EFEITOS DA JUDICIALIZAÇÃO DA EDUCAÇÃO INFANTIL EM DIFERENTES CONTEXTOS SUBNACIONAIS","CADERNOS DE PESQUISA (FUNDAÇÃO CARLOS CHAGAS. IMPRESSO)",0100-1574,A1,,,2017-2020
"Silvia Helena Vieira Cruz",http://lattes.cnpq.br/4232760913140402,2020,"PROGRAMA CRIANÇA FELIZ: reflexões sobre o atendimento à infância no Brasil e os efeitos dessa política na garantia de direitos das criança s na primeira infância","REVISTA PEDAGÓGICA (CHAPECÓ. ONLINE)",1984-1566,A4,,,2017-2020
"Silvia Helena Vieira Cruz",http://lattes.cnpq.br/4232760913140402,2020,"The Children?s and the Teacher?s Participation in the Constitution of Playing in School","PAIDEIA",0137-3943,N,,,
"Silvia Helena Vieira Cruz",http://lattes.cnpq.br/4232760913140402,2020,"Socialização étnico-racial de crianças na creche de uma comunidade remanescente de quilombolas","TEIAS (RIO DE JANEIRO. IMPRESSO)",1518-5370,A2,,,2017-2020
"Silvia Helena Vieira Cruz",http://lattes.cnpq.br/4232760913140402,2019,"Brazilian research into children's perspectives on their educational experience: participation and play at risk","EUROPEAN EARLY CHILDHOOD EDUCATION RESEARCH JOURNAL",1350-293X,A2,,,2017-2020
"Silvia Helena Vieira Cruz",http://lattes.cnpq.br/4232760913140402,2019,"LISTENING TO THE CHILDREN IN RESEARCH AND QUALITY OF EARLY CHILDHOOD EDUCATION","CADERNOS DE PESQUISA (FUNDAÇÃO CARLOS CHAGAS. IMPRESSO)",0100-1574,A1,,,2017-2020
"Silvia Helena Vieira Cruz",http://lattes.cnpq.br/4232760913140402,2018,"GESTÃO PEDAGÓGICA NA EDUCAÇÃO INFANTIL. A VOZ DAS PROFESSORAS DE UMA CRECHE PÚBLICA BRASILEIRA","REVISTA PORTUGUESA DE INVESTIGAÇÃO EDUCACIONAL",1645-4006,B1,,,2017-2020
"Silvia Helena Vieira Cruz",http://lattes.cnpq.br/4232760913140402,2017,"Políticas públicas e a voz das crianças","LAPLAGE EM REVISTA",2446-6220,N,,,
"Silvia Helena Vieira Cruz",http://lattes.cnpq.br/4232760913140402,2017,"O ambiente na Educação Infantil e a construção da identidade da criança","REVISTA EM ABERTO - INEP",2176-6673,A2,,,2017-2020
"Silvia Helena Vieira Cruz",http://lattes.cnpq.br/4232760913140402,2016,"Perspectivas de crianças sobre o cotidiano da pré- escola: o recreio em foco","TEXTURAS HUMANAS. REVISTA DE CIENCIAS HUMANAS Y SOCIALES",1851-2569,N,,,
"Silvia Helena Vieira Cruz",http://lattes.cnpq.br/4232760913140402,2016,"O que é básico na Base Nacional Comum Curricular para a Educação Infantil?","DEBATES EM EDUCAÇÃO",2175-6600,A2,,,2017-2020
"Silvia Helena Vieira Cruz",http://lattes.cnpq.br/4232760913140402,2015,"A percepção sobre a discriminação étnico-racial entre crianças do Brasil, Colômbia e Peru","REVISTA ELETRÔNICA DE EDUCAÇÃO (SÃO CARLOS)",1982-7199,A2,,,2017-2020
"Silvia Helena Vieira Cruz",http://lattes.cnpq.br/4232760913140402,2015,"A PERSPECTIVA DE CRIANÇAS SOBRE A CRECHE","EVENTOS PEDAGÓGICOS",2236-3165,A4,,,2017-2020
"Silvia Helena Vieira Cruz",http://lattes.cnpq.br/4232760913140402,2013,"As Diretrizes Curriculares Nacionais para a Educação Infantil: uma breve apresentação","SALTO PARA O FUTURO",1982-0283,N,,,
"Silvia Helena Vieira Cruz",http://lattes.cnpq.br/4232760913140402,2011,"Maria Helena Patto, minha orientadora","PSICOLOGIA USP (IMPRESSO)",0103-6564,A2,,,2017-2020
"Silvia Helena Vieira Cruz",http://lattes.cnpq.br/4232760913140402,2006,"Educação Infantil: uma identidade em construção","VIDA E EDUCAÇÃO (FORTALEZA)",1806-0145,N,,,
"Silvia Helena Vieira Cruz",http://lattes.cnpq.br/4232760913140402,2005,"Da omissão assumida à prioridade negada: notas sobrea ação do Estado brasileiro na Educação Infantil","O PÚBLICO E O PRIVADO",1519-5481,B2,,,2017-2020
"Silvia Helena Vieira Cruz",http://lattes.cnpq.br/4232760913140402,2002,"Uma pirueta, duas piruetas. Bravo! Bravo! A importância do brinquedo na educação das crianças e de seus professores.","EDUCAÇÃO E LUDICIDADE. ENSAIOS",1677-7891,N,,,
"Silvia Helena Vieira Cruz",http://lattes.cnpq.br/4232760913140402,2002,"Fala, menino! Uma experiência de pesquisa sobre o cotidiano da creche comunitária na perspectiva da criança","EDUCAÇÃO EM DEBATE (CESA/UFC)",0102-1117,B1,,,2017-2020
"Silvia Helena Vieira Cruz",http://lattes.cnpq.br/4232760913140402,2001,"A creche comunitária na visão das professoras e famílias usuárias","REVISTA BRASILEIRA DE EDUCAÇÃO",1413-2478,A1,,,2017-2020
"Silvia Helena Vieira Cruz",http://lattes.cnpq.br/4232760913140402,1999,"Eleições de diretores - uma mudança na cultura escolar","REVISTA BRASILEIRA DE POLÍTICA E ADMINISTRAÇÃO DA EDUCAÇÃO",0101-8991,N,,,
"Silvia Helena Vieira Cruz",http://lattes.cnpq.br/4232760913140402,1999,"Eleição de diretores - uma mudança na cultura escolar?","APRENDER (PORTALEGRE)",0871-1267,B3,,,2017-2020
"Silvia Helena Vieira Cruz",http://lattes.cnpq.br/4232760913140402,1997,"Representação de escola e trajetória escolar","PSICOLOGIA USP",0103-6564,A2,,,2017-2020
"Silvia Helena Vieira Cruz",http://lattes.cnpq.br/4232760913140402,1996,"Reflexões acerca da formação do educador infantil","CADERNOS DE PESQUISA (FUNDAÇÃO CARLOS CHAGAS)",0100-1574,A1,,,2017-2020