nome,lattes_url,ano_publicacao,titulo_publicacao,periodico,issn,qualis,pontos,area,ano_base
"Tania Vicente Viana",http://lattes.cnpq.br/8414664745533930,2025,"Dificuldades de estudantes universitários autistas: uma breve análise da literatura.","REVISTA ELETRÔNICA CIENTÍFICA ENSINO INTERDISCIPLINAR",2447-0783,A3,,,2017-2020
"Tania Vicente Viana",http://lattes.cnpq.br/8414664745533930,2025,"Entrevista com o professor Kazimierz Dąbrowski","REVISTA NEURODIVERSIDADE",2764-5622,N,,,
"Tania Vicente Viana",http://lattes.cnpq.br/8414664745533930,2024,"ENTREVISTA COM O PROFESSOR ROBERT STERNBERG","REVISTA BRASILEIRA DE ALTAS HABILIDADES/SUPERDOTAÇÃO",2318-9274,N,,,
"Tania Vicente Viana",http://lattes.cnpq.br/8414664745533930,2024,"INTERVIEW WITH PROFESSOR ROBERT STERNBERG","REVISTA BRASILEIRA DE ALTAS HABILIDADES/SUPERDOTAÇÃO",2318-9274,N,,,
"Tania Vicente Viana",http://lattes.cnpq.br/8414664745533930,2024,"ENTREVISTA COM A PROFESSORA ELLEN WINNER","REVISTA BRASILEIRA DE ALTAS HABILIDADES/SUPERDOTAÇÃO",2318-9274,N,,,
"Tania Vicente Viana",http://lattes.cnpq.br/8414664745533930,2024,"INTERVIEW WITH PROFESSOR ELLEN WINNER","REVISTA BRASILEIRA DE ALTAS HABILIDADES/SUPERDOTAÇÃO",2318-9274,N,,,
"Tania Vicente Viana",http://lattes.cnpq.br/8414664745533930,2024,"ENTREVISTA COM PROFESSOR FRANÇOYS GAGNÉ","REVISTA BRASILEIRA DE ALTAS HABILIDADES/SUPERDOTAÇÃO",2318-9274,N,,,
"Tania Vicente Viana",http://lattes.cnpq.br/8414664745533930,2024,"INTERVIEW WITH PROFESSOR FRANÇOYS GAGNÉ","REVISTA BRASILEIRA DE ALTAS HABILIDADES/SUPERDOTAÇÃO",2318-9274,N,,,
"Tania Vicente Viana",http://lattes.cnpq.br/8414664745533930,2024,"O luto simbólico de universitários diante das perdas educacionais do cenário pandêmico","REVISTA CONEXÃO COMCIÊNCIA",2763-5848,N,,,
"Tania Vicente Viana",http://lattes.cnpq.br/8414664745533930,2023,"AVALIAÇÃO DO ENSINO-APRENDIZAGEM DE PESSOAS COM DEFICIÊNCIA INTELECTUAL NA ESCOLA REGULAR EM TEMPOS DE PANDEMI","EDUCAÇÃO E PESQUISA",1678-4634,A1,,,2017-2020
"Tania Vicente Viana",http://lattes.cnpq.br/8414664745533930,2023,"Diários da pandemia: a saúde mental de estudantes universitários em 2021","PRÁTICAS EDUCATIVAS, MEMÓRIAS E ORALIDADE",2675-519X,A3,,,2017-2020
"Tania Vicente Viana",http://lattes.cnpq.br/8414664745533930,2023,"O PÚBLICO-ALVO DA EDUCAÇÃO ESPECIAL NO ENSINO SUPERIOR: BULLYING E SAÚDE MENTAL","POÍESIS PEDAGÓGICA",2178-4442,B1,,,2017-2020
"Tania Vicente Viana",http://lattes.cnpq.br/8414664745533930,2023,"ENTREVISTA COM O PROFESSOR JOSEPH RENZULLI","REVISTA BRASILEIRA DE ALTAS HABILIDADES/SUPERDOTAÇÃO",2318-9274,N,,,
"Tania Vicente Viana",http://lattes.cnpq.br/8414664745533930,2023,"Nenhum potencial pode ser desperdiçado: altas habilidades/superdotação e prevenção de evasão na UFC","REVISTA BRASILEIRA DE ALTAS HABILIDADES/SUPERDOTAÇÃO",2318-9274,N,,,
"Tania Vicente Viana",http://lattes.cnpq.br/8414664745533930,2023,"A INSERÇÃO DO ENSINO DA SEGURANÇA DO PACIENTE NOS CURRÍCULOS DOS CURSOS DA ÁREA DE SAÚDE NA EDUCAÇÃO SUPERIOR","REVISTA EDUCAÇÃO E LINGUAGEM",2359-277X,B2,,,2017-2020
"Tania Vicente Viana",http://lattes.cnpq.br/8414664745533930,2023,"INTERVIEW WITH PROFESSOR JOSEPH RENZULLI","REVISTA BRASILEIRA DE ALTAS HABILIDADES/SUPERDOTAÇÃO",2318-9274,N,,,
"Tania Vicente Viana",http://lattes.cnpq.br/8414664745533930,2022,"As práticas educacionais presentes no romance Torto arado segundo a pedagogia de Paulo Freire","ENSINO EM PERSPECTIVAS",2675-9144,C,,,2017-2020
"Tania Vicente Viana",http://lattes.cnpq.br/8414664745533930,2022,"Diários da pandemia: saúde mental dos alunos da Educação Especial da Pedagogia","ENSINO EM PERSPECTIVAS",2675-9144,C,,,2017-2020
"Tania Vicente Viana",http://lattes.cnpq.br/8414664745533930,2020,"A INCLUSÃO DE AUTISTAS NO ENSINO SUPERIOR: DIREITO, ACESSIBILIDADE E AVALIAÇÃO","INTERSABERES REVISTA CIENTÍFICA",1809-7286,A3,,,2017-2020
"Tania Vicente Viana",http://lattes.cnpq.br/8414664745533930,2020,"Escola atrás das grades: Como usar a ava-liação  a  favor  da  aprendizagem  no  contexto  prisional?","REVISTA SUL-AMERICANA DE FILOSOFIA E EDUCAÇÃO",1679-8775,B1,,,2017-2020
"Tania Vicente Viana",http://lattes.cnpq.br/8414664745533930,2019,"Diário de aula: avaliação do ensino-aprendizagem no contexto da Educação de Jovens e Adultos privados de liberdade","REVISTA INTERNACIONAL DE EDUCAÇÃO DE JOVENS E ADULTOS",2595-6329,B1,,,2017-2020
"Tania Vicente Viana",http://lattes.cnpq.br/8414664745533930,2018,"Serviço social e inclusão: a atuação do assistente social junto ao processo de inclusão das crianças com deficiência nas escolas de ensino regular","REVISTA DE EDUCAÇÃO, LINGUAGEM E LITERATURA (REVELLI)",1986-6576,N,,,
"Tania Vicente Viana",http://lattes.cnpq.br/8414664745533930,2018,"Educação nos presídios: colonialidade e descolonialidade","CONTEMPORÂNEOS: REVISTA DE ARTES E HUMANIDADES (ONLINE)",1982-3231,B2,,,2017-2020
"Tania Vicente Viana",http://lattes.cnpq.br/8414664745533930,2017,"Formação de cuidadores familiares de pessoas com deficiências: avaliação do projeto Cuidando & Humanizando em Jicoca de Jericoacora-CE","REVISTA EDUCAÇÃO, ARTES E INCLUSÃO",1984-3178,B1,,,2017-2020
"Tania Vicente Viana",http://lattes.cnpq.br/8414664745533930,2017,"Por que ir à escola na prisão? Reflexões sobre os sentidos atribuídos pelos alunos privados de liberdade à educação","LINKSCIENCEPLACE",2358-8411,B3,,,2017-2020
"Tania Vicente Viana",http://lattes.cnpq.br/8414664745533930,2017,"Educação no cárcere: um estudo a partir da descolonialidade do ser","REVISTA NUPEM (IMPRESSO)",2175-7429,A4,,,2017-2020
"Tania Vicente Viana",http://lattes.cnpq.br/8414664745533930,2017,"O papel da escola na prisão: o ponto de vista dos privados de liberdade","REVISTA DE HUMANIDADES (UNIFOR)",1414-042X,B1,,,2017-2020
"Tania Vicente Viana",http://lattes.cnpq.br/8414664745533930,2016,"Aluno-detento: um estudo sob a perspectiva da avaliação de aprendizagem escolar","INTERFACES DA EDUCAÇÃO",2177-7691,A2,,,2017-2020
"Tania Vicente Viana",http://lattes.cnpq.br/8414664745533930,2016,"Educação em prisões no cenário cearense: entre a história e as memórias de Jovita Alves Feitosa","LINGUAGEM, EDUCAÇÃO E SOCIEDADE (UFPI)",1518-0743,A3,,,2017-2020
"Tania Vicente Viana",http://lattes.cnpq.br/8414664745533930,2016,"Jovita Alves Feitosa: Memórias que contam a História da Educação nas Prisões Cearenses","EDUCAÇÃO & FORMAÇÃO",2448-3583,A3,,,2017-2020
"Tania Vicente Viana",http://lattes.cnpq.br/8414664745533930,2013,"Potencialidades Silentes: Identificando Alunos Surdos com altas habilidades/superdotação ou talentos em sala de aula","EXTENSÃO EM AÇÃO",2316-400X,B4,,,2017-2020
"Tania Vicente Viana",http://lattes.cnpq.br/8414664745533930,2012,"Educar Igual a Motivar o Conhecimento Criativo (E=MC2): A Inteligência como Patrimônio Social e Humano.","REVISTA EXTENSÃO EM AÇÃO",2316-400X,B4,,,2017-2020
"Tania Vicente Viana",http://lattes.cnpq.br/8414664745533930,2009,"Alunos com necessidades educacionais especiais (NEEs): avaliar para o desenvolvimento pleno de suas capacidades","ESTUDOS EM AVALIAÇÃO EDUCACIONAL",0103-6831,A1,,,2017-2020
"Tania Vicente Viana",http://lattes.cnpq.br/8414664745533930,2007,"Movimentos silentes: A educação psicomotora no tratamento de problemas de aprendizagem em alunos surdos","REVISTA DIÁLOGO EDUCACIONAL (PUCPR)",1518-3483,A1,,,2017-2020
"Tania Vicente Viana",http://lattes.cnpq.br/8414664745533930,2006,"Observar e escutar: Procedimentos de identificação de alunos sobredotados no contexto escolar","SOBREDOTAÇÃO",0875-0106,N,,,
"Tania Vicente Viana",http://lattes.cnpq.br/8414664745533930,2005,"Proposta de identificação de crianças portadoras de altas habilidades: Estudo em escolas públicas no município de Fortaleza","SOBREDOTAÇÃO",0875-0106,N,,,
"Tania Vicente Viana",http://lattes.cnpq.br/8414664745533930,2003,"Apoio educativo para alunos sobredotados","SOBREDOTAÇÃO",0875-0106,N,,,
"Tania Vicente Viana",http://lattes.cnpq.br/8414664745533930,2002,"O Papel do Professor na Educação de Crianças Sobredotadas","SOBREDOTAÇÃO",0875-0106,N,,,
"Tania Vicente Viana",http://lattes.cnpq.br/8414664745533930,1999,"A Inteligência para a Psicometria","EDUCAÇÃO EM DEBATE (CESA/UFC)",0102-1117,B1,,,2017-2020