nome,lattes_url,ano_publicacao,titulo_publicacao,periodico,issn,qualis,pontos,area,ano_base
"Valdemarin Coelho Gomes",http://lattes.cnpq.br/8742258860132699,2025,"TRABALHO E EDUCAÇÃO PROFISSIONAL: UM BREVE ESTUDO CRÍTICO","ARACÊ - DIREITOS HUMANOS EM REVISTA",2358-2472,A2,,,2017-2020
"Valdemarin Coelho Gomes",http://lattes.cnpq.br/8742258860132699,2025,"TRABALHO E CONHECIMENTO: UMA ANÁLISE NA OBRA ROBINSON CRUSOÉ, DE DANIEL DEFOE, SOB A ÓTICA DA ONTOLOGIA MARXIANA-LUKACSIANA","ARACÊ - DIREITOS HUMANOS EM REVISTA",2358-2472,A2,,,2017-2020
"Valdemarin Coelho Gomes",http://lattes.cnpq.br/8742258860132699,2025,"O DISCURSO DAS METODOLOGIAS ATIVAS EM FAVOR DA LÓGICA DO CAPITAL","REVISTA EDUCAÇÃO EM DEBATE",2526-0847,B1,,,2017-2020
"Valdemarin Coelho Gomes",http://lattes.cnpq.br/8742258860132699,2025,"A DICOTOMIA CORPO-MENTE NA EDUCAÇÃO FÍSICA: UMA ANÁLISE CRÍTICA DA SUBORDINAÇÃO DO CORPO À CONSCIÊNCIA NA OBRA EDUCAÇÃO FÍSICA CUIDA DO CORPO E...MENTE","REVISTA CONTEMPORANEA",1688-7638,A4,,,2017-2020
"Valdemarin Coelho Gomes",http://lattes.cnpq.br/8742258860132699,2024,"TRABALHO E EDUCAÇÃO: A PERSPECTIVA ONTOLÓGICA MARXIANO-LUKACSIANA","EDUCAÇÃO EM DEBATE (UFC)",0102-1117,B1,,,2017-2020
"Valdemarin Coelho Gomes",http://lattes.cnpq.br/8742258860132699,2022,"A INTERDISCIPLINARIDADE NO ENSINO MÉDIO INTEGRADO: MEDIAÇÕES COM A PROPOSTA PEDAGÓGICA DA REFORMA DO ENSINO MÉDIO","GERMINAL: MARXISMO E EDUCAÇÃO EM DEBATE",2175-5604,A2,,,2017-2020
"Valdemarin Coelho Gomes",http://lattes.cnpq.br/8742258860132699,2022,"EDUCAÇÃO E OPRESSÃO DOS POVOS ABORÍGENES: A TRÁGICA EXPERIÊNCIA DOS MONTAGNAIS-NASKAPI NO CANADÁ","GERMINAL: MARXISMO E EDUCAÇÃO EM DEBATE",2175-5604,A2,,,2017-2020
"Valdemarin Coelho Gomes",http://lattes.cnpq.br/8742258860132699,2021,"A FORMAÇÃO INTEGRAL NO ENSINO MÉDIO (DES)INTEGRADO NO BRASIL","TRABALHO & EDUCAÇÃO (UFMG)",1516-9537,A3,,,2017-2020
"Valdemarin Coelho Gomes",http://lattes.cnpq.br/8742258860132699,2020,"A EDUCAÇÃO FÍSICA COMO ELEMENTO NECESSÁRIO NA FORMAÇÃO DO SER SOCIAL","LECTURAS EDUCACIÓN FÍSICA Y DEPORTES",1514-3465,B1,,,2017-2020
"Valdemarin Coelho Gomes",http://lattes.cnpq.br/8742258860132699,2018,"A REFORMA EDUCACIONAL NO BRASIL E A ASCENDÊNCIA DA MERCANTILIZAÇÃO DO ENSINO: O CAPITAL DITA AS REGRAS","ANUÁRIO LUKACS",2525-3398,N,,,
"Valdemarin Coelho Gomes",http://lattes.cnpq.br/8742258860132699,2017,"TRABALHO DOCENTE E CAPITAL EM CRISE: ARTICULAÇÕES NO CENÁRIO DE REFORMA EDUCACIONAL BRASILEIRA CENTRADA NA LDB 9394/96","EDUCAÇÃO EM FOCO",2317-0093,A4,,,2017-2020
"Valdemarin Coelho Gomes",http://lattes.cnpq.br/8742258860132699,2017,"PROFISSIONALIZAÇÃO NO ENSINO MÉDIO: A EDUCAÇÃO DIRIGIDA À CLASSE TRABALHADORA E SUA MANIFESTAÇÃO NA LEI 13.415/2017","EDUCAÇÃO EM DEBATE (UFC)",0102-1117,B1,,,2017-2020
"Valdemarin Coelho Gomes",http://lattes.cnpq.br/8742258860132699,2014,"DOS PRINCÍPIOS DA ADMINISTRAÇÃO ESCOLAR AO PARADIGMA DA GESTÃO DEMOCRÁTICA: UM ESTUDO FUNDADO NA CRÍTICA MARXISTA","REVISTA CADERNO DE ESTUDOS E PESQUISAS DO SERTÃO",2446-4872,N,,,
"Valdemarin Coelho Gomes",http://lattes.cnpq.br/8742258860132699,2011,"EDUCAÇÃO MUSICAL E EMANCIPAÇÃO HUMANA: ANÁLISES INTRODUTÓRIAS E CONTRIBUIÇÕES AO DEBATE","REVISTA ELETRÔNICA ARMA DA CRÍTICA",1984-4734,N,,,
"Valdemarin Coelho Gomes",http://lattes.cnpq.br/8742258860132699,2009,"PENSAMENTO COMPLEXO E CONCEITO DE CIÊNCIA NA PÓS-MODERNIDADE: APROXIMAÇÕES CRÍTICAS ÀS "IMPOSTURAS" DE EDGAR MORIN","REVISTA ELETRÔNICA ARMA DA CRÍTICA",1984-4735,B1,,,2017-2020