nome,lattes_url,ano_publicacao,titulo_publicacao,periodico,issn,qualis,pontos,area,ano_base
"Wagner Bandeira Andriola",http://lattes.cnpq.br/0506346607081493,2025,"Políticas Públicas de Sustentabilidade e de Educação Ambiental inclusiva para estudantes surdos(as) de um município cearense","REVISTA POLÍTICAS PÚBLICAS & CIDADES",2359-1552,A3,,,2017-2020
"Wagner Bandeira Andriola",http://lattes.cnpq.br/0506346607081493,2025,"Fatores motivacionais e características socioeconômicas atreladas à permanência dos discentes no ambiente universitário","REVISTA POLÍTICAS PÚBLICAS & CIDADES",2359-1552,A3,,,2017-2020
"Wagner Bandeira Andriola",http://lattes.cnpq.br/0506346607081493,2025,"Avaliação dos impactos da Pandemia da COVID-19 sobre a saúde mental de servidores da Universidade Federal do Ceará (UFC)","REVISTA POLÍTICAS PÚBLICAS & CIDADES",2359-1552,A3,,,2017-2020
"Wagner Bandeira Andriola",http://lattes.cnpq.br/0506346607081493,2025,"Assessment of the efficiency of graduate Programs  (strictosensu) in Brazilian public universities in the  context of the COVID-19 pandemic","CADERNOS DE PESQUISA",2178-2229,A3,,,2017-2020
"Wagner Bandeira Andriola",http://lattes.cnpq.br/0506346607081493,2025,"Saúde de servidores na Universidade Federal do Ceará (UFC): avaliação dos impactos decorrentes da Pandemia da COVID-19","REVISTA ELETRÔNICA ACTA SAPIENTIA",2675-0937,B4,,,2017-2020
"Wagner Bandeira Andriola",http://lattes.cnpq.br/0506346607081493,2025,"Vivências de mulheres negras em cursos de graduação: estudo de caso na Universidade Vale do Acaraú (UVA)","CADERNO PEDAGÓGICO (LAJEADO. ONLINE)",1983-0882,A2,,,2017-2020
"Wagner Bandeira Andriola",http://lattes.cnpq.br/0506346607081493,2025,"Políticas Públicas e sustentabilidade ambiental: potencialidades e desafios à gestão de resíduos eletroeletrônicos no Brasil","REVISTA ELETRÔNICA ACTA SAPIENTIA",2675-0937,B4,,,2017-2020
"Wagner Bandeira Andriola",http://lattes.cnpq.br/0506346607081493,2025,"Políticas Públicas voltadas ao Poder Judiciário: análises da mediação e da conciliação de conflitos","REVISTA ELETRÔNICA ACTA SAPIENTIA",2675-0937,B4,,,2017-2020
"Wagner Bandeira Andriola",http://lattes.cnpq.br/0506346607081493,2025,"Incentivos financeiros à educação pública: repasses da cota parte do ICMS e resultados escolares de municipalidades cearenses","EDUCAÇÃO ON-LINE (PUCRJ)",1809-3760,A4,,,2017-2020
"Wagner Bandeira Andriola",http://lattes.cnpq.br/0506346607081493,2025,"Impacts of the covid-19 pandemic on Higher Education in Brazil: longitudinal analysis using Data Envelopment Analysis","SYSTEMIC ANALYTICS",3009-3732,N,,,
"Wagner Bandeira Andriola",http://lattes.cnpq.br/0506346607081493,2024,"Robótica Educacional em Escolas Públicas do Ceará: avaliação dos impactos sobre o desenvolvimento de competências discentes e a qualidade do ensino","REVISTA DOCENTES",2526-4923,B1,,,2017-2020
"Wagner Bandeira Andriola",http://lattes.cnpq.br/0506346607081493,2024,"Variação em Redes de Coautoria para Publicações sobre Assistência Estudantil, a Partir dos Termos Usados nas Pesquisas","ARCHIVOS ANALÍTICOS DE POLÍTICAS EDUCATIVAS / EDUCATION POLICY ANALYSIS ARCHIVES",1068-2341,A1,,,2017-2020
"Wagner Bandeira Andriola",http://lattes.cnpq.br/0506346607081493,2024,"The use of data envelopment analysis (DEA) to estimate the educational efficiency of Brazilian schools","JOURNAL OF APPLIED RESEARCH ON INDUSTRIAL ENGINEERING",2676-6167,N,,,
"Wagner Bandeira Andriola",http://lattes.cnpq.br/0506346607081493,2024,"Proposição e validação de indicadores voltados à gestão de resíduos sólidos em Instituições de Ensino Superior (IES)","REVISTA ELETRÔNICA ACTA SAPIENTIA",2675-0937,B4,,,2017-2020
"Wagner Bandeira Andriola",http://lattes.cnpq.br/0506346607081493,2024,"Impactos da pandemia da covid-19 sobre a adaptação acadêmica, a saúde mental e o bem-estar de alunos universitários","REVISTA INTERAGIR",1809-5771,A2,,,2017-2020
"Wagner Bandeira Andriola",http://lattes.cnpq.br/0506346607081493,2023,"Avaliações da educação básica em municipalidades do Ceará: 30 anos de história","ESTUDOS EM AVALIAÇÃO EDUCACIONAL (ONLINE)",1984-932X,A1,,,2017-2020
"Wagner Bandeira Andriola",http://lattes.cnpq.br/0506346607081493,2023,"Perfil de ingressantes no Ensino Superior após a Lei de Cotas","REVISTA DOCENTES",2526-4923,B1,,,2017-2020
"Wagner Bandeira Andriola",http://lattes.cnpq.br/0506346607081493,2023,"Indícios de iniquidade em Testes de Rendimento empregados em avaliações de larga escala: estudo comparativo entre alunos escolas  públicas e privadas","REVISTA ELETRÔNICA ACTA SAPIENTIA",2675-0937,B4,,,2017-2020
"Wagner Bandeira Andriola",http://lattes.cnpq.br/0506346607081493,2023,"Liderazgo Distribuido en Centros Escolares: cambios en la percepción de prácticas educacionales","ENSAIO (RIO DE JANEIRO. ONLINE)",1809-4465,A1,,,2017-2020
"Wagner Bandeira Andriola",http://lattes.cnpq.br/0506346607081493,2023,"Impacts of the Quota Law on a Federal Higher Education Institution: research on student dropout","AVALIAÇÃO: REVISTA DA AVALIAÇÃO DA EDUCAÇÃO SUPERIOR",1982-5765,A1,,,2017-2020
"Wagner Bandeira Andriola",http://lattes.cnpq.br/0506346607081493,2023,"Análise do plano nacional de educação no Instituto Federal do Ceará a partir de informações da plataforma em números","PESQUISA E DEBATE EM EDUCAÇÃO",2237-9444,B1,,,2017-2020
"Wagner Bandeira Andriola",http://lattes.cnpq.br/0506346607081493,2023,"Um novo indicador para avaliar o insucesso dos alunos de graduação do centro de tecnologia da Universidade Federal do Ceará: um estudo comparativo de 2015.1 a 2022.2","TEAR: REVISTA DE EDUCAÇÃO, CIÊNCIA E TECNOLOGIA",2238-8079,B1,,,2017-2020
"Wagner Bandeira Andriola",http://lattes.cnpq.br/0506346607081493,2022,"Emprego do Data Envelopment Analysis (DEA) para estimar a eficiência escolar","ENSAIO. AVALIAÇÃO E POLÍTICAS PÚBLICAS EM EDUCAÇÃO",0104-4036,A1,,,2017-2020
"Wagner Bandeira Andriola",http://lattes.cnpq.br/0506346607081493,2022,"Use and acceptance of free and open source software at the Federal University of Ceará based on the UTAUT model","RESEARCH, SOCIETY AND DEVELOPMENT",2525-3409,C,,,2017-2020
"Wagner Bandeira Andriola",http://lattes.cnpq.br/0506346607081493,2022,"Escala para avaliar a qualidade da mediação docente em ambiente universitário: adaptação cultural e evidências de validade","PERSPECTIVA (UFSC) (ONLINE)",2175-795X,A2,,,2017-2020
"Wagner Bandeira Andriola",http://lattes.cnpq.br/0506346607081493,2022,"Trajetória histórica da Educação a Distância (EaD): do estudo por correspondência aos dispositivos móveis","REVISTA EDUCAÇÃO EM DEBATE",2526-0847,B1,,,2017-2020
"Wagner Bandeira Andriola",http://lattes.cnpq.br/0506346607081493,2022,"Aprendizes com altas habilidades nas Escolas Públicas: a visão dos professores","REVISTA DOCENTES",2526-2815,N,,,
"Wagner Bandeira Andriola",http://lattes.cnpq.br/0506346607081493,2022,"Caminhos da avaliação educacional no Brasil: de influências internacionais à implementação do Ideb","REVISTA DOCENTES",2526-2815,N,,,
"Wagner Bandeira Andriola",http://lattes.cnpq.br/0506346607081493,2022,"Estimação da eficiência escolar através do Data Envelopmento Analysis (DEA): estudo de caso em municípios cearenses","REVISTA EDUCAÇÃO EM DEBATE",2526-0847,B1,,,2017-2020
"Wagner Bandeira Andriola",http://lattes.cnpq.br/0506346607081493,2022,"Percurso histórico do uso de tecnologias digitais na Escola Pública brasileira: do EDUCOM ao PROUCA","REVISTA EDUCAÇÃO E LINGUAGEM",2359-277X,B2,,,2017-2020
"Wagner Bandeira Andriola",http://lattes.cnpq.br/0506346607081493,2022,"Impactos da Pandemia da Covid-19 na Pós-Graduação: avaliação diagnóstica empregando-se o Data Envelopment Analisys (DEA)","REVISTA ELETRÔNICA ACTA SAPIENTIA",2675-0937,B4,,,2017-2020
"Wagner Bandeira Andriola",http://lattes.cnpq.br/0506346607081493,2022,"Avaliação de Políticas Públicas: o caso do Programa de Bolsas de Iniciação Acadêmica (BIA) da Universidade Federal do Ceará (UFC)","REVISTA ELETRÔNICA ACTA SAPIENTIA",2675-0937,B4,,,2017-2020
"Wagner Bandeira Andriola",http://lattes.cnpq.br/0506346607081493,2022,"Pandemia da Covid-19 e Pós-Graduação (stricto sensu): contornos, efeitos e impactos","REVISTA ELETRÔNICA ACTA SAPIENTIA",2675-0937,B4,,,2017-2020
"Wagner Bandeira Andriola",http://lattes.cnpq.br/0506346607081493,2022,"Retenção discente no Ensino Superior: um estudo no Instituto Federal de Educação Ciência e Tecnologia do Ceará (IFCE)","REVISTA EDUCAÇÃO EM DEBATE",2526-0847,B1,,,2017-2020
"Wagner Bandeira Andriola",http://lattes.cnpq.br/0506346607081493,2021,"Adaptação de alunos ao ambiente universitário: estudo de caso em cursos de graduação da Universidade Federal do Ceará","ENSAIO (RIO DE JANEIRO. ONLINE)",1809-4465,A1,,,2017-2020
"Wagner Bandeira Andriola",http://lattes.cnpq.br/0506346607081493,2021,"Evaluation of the quality of teaching mediation in a university environment","REVISTA DIÁLOGO EDUCACIONA",1981-416X,A1,,,2017-2020
"Wagner Bandeira Andriola",http://lattes.cnpq.br/0506346607081493,2021,"Avaliação dos impactos do Programa de Apoio a Planos de Expansão e Reestruturação das Universidades Federais Brasileiras","REVISTA BRASILEIRA DE ESTUDOS PEDAGÓGICOS  RBEP-INEP",2176-6681,A1,,,2017-2020
"Wagner Bandeira Andriola",http://lattes.cnpq.br/0506346607081493,2021,"A educação a distância no Brasil e a inserção da Universidade Federal do Ceará (UFC) nesse contexto","REVISTA LABOR",1983-5000,B1,,,2017-2020
"Wagner Bandeira Andriola",http://lattes.cnpq.br/0506346607081493,2021,"Impactos da robótica no ensino básico: estudo comparativo entre escolas públicas e privadas","CIÊNCIA & EDUCAÇÃO (ONLINE)",1980-850X,A1,,,2017-2020
"Wagner Bandeira Andriola",http://lattes.cnpq.br/0506346607081493,2021,"Avaliação da familiaridade de alunos do Ensino Fundamental com a Robótica Educacional","REVISTA EDUCAÇÃO E LINGUAGEM",2359-277X,B2,,,2017-2020
"Wagner Bandeira Andriola",http://lattes.cnpq.br/0506346607081493,2021,"The Use of Data Envelopment Analysis (DEA) to Estimate the Educational Efficiency of Brazilian Schools","JOURNAL OF APPLIED RESEARCH ON INDUSTRIAL ENGINEERING",2676-6167,N,,,
"Wagner Bandeira Andriola",http://lattes.cnpq.br/0506346607081493,2021,"Social distancing maintenance through proximity sensors","BIG DATA AND COMPUTING VISIONS",2821-014X,N,,,
"Wagner Bandeira Andriola",http://lattes.cnpq.br/0506346607081493,2021,"Evasão discente e vulnerabilidade socioeconômica: pesquisa em cursos de Engenharia","REVISTA ELETRÔNICA ACTA SAPIENTIA",2675-0937,B4,,,2017-2020
"Wagner Bandeira Andriola",http://lattes.cnpq.br/0506346607081493,2021,"Educação a Distância (EaD): retrospectiva histórica do seu desenvolvimento no Brasil e no mundo","REVISTA ELETRÔNICA ACTA SAPIENTIA",2675-0937,B4,,,2017-2020
"Wagner Bandeira Andriola",http://lattes.cnpq.br/0506346607081493,2020,"Gerenciamento de documentos e conteúdos em Instituições de Ensino Superior","REVISTA EDUCAÇÃO E LINGUAGEM",2359-277X,B2,,,2017-2020
"Wagner Bandeira Andriola",http://lattes.cnpq.br/0506346607081493,2020,"Inteligência de negócios: alinhando governança e mineração de dados","REVISTA EDUCAÇÃO E LINGUAGEM",2359-277X,B2,,,2017-2020
"Wagner Bandeira Andriola",http://lattes.cnpq.br/0506346607081493,2020,"Um estudo sobre gestão de segurança da informação em Instituições Públicas de Ensino Superior","REVISTA EDUCAÇÃO E LINGUAGEM",2359-277X,B2,,,2017-2020
"Wagner Bandeira Andriola",http://lattes.cnpq.br/0506346607081493,2020,"Portais corporativos em Instituições de Ensino Superior: externalização do conhecimento","REVISTA EDUCAÇÃO E LINGUAGEM",2359-277X,B2,,,2017-2020
"Wagner Bandeira Andriola",http://lattes.cnpq.br/0506346607081493,2020,"Governança de T.I. em Instituições de Ensino Superior: uma análise sob a ótica do COBIT","REVISTA EDUCAÇÃO E LINGUAGEM",2359-277X,B2,,,2017-2020
"Wagner Bandeira Andriola",http://lattes.cnpq.br/0506346607081493,2020,"Retrospectiva histórica do Mestrado Profissional em Políticas Públicas e Gestão  da  Educação  Superior  (POLEDUC)","REVISTA ELETRÔNICA ACTA SAPIENTIA",2675-0937,B4,,,2017-2020
"Wagner Bandeira Andriola",http://lattes.cnpq.br/0506346607081493,2020,"Avaliação da eficácia da formação discente na graduação: estudo de caso na Universidade Federal do Ceará (UFC)","REVISTA ELETRÔNICA ACTA SAPIENTIA",2675-0937,B4,,,2017-2020
"Wagner Bandeira Andriola",http://lattes.cnpq.br/0506346607081493,2020,"Avaliação da eficácia do Programa de Iniciação Científica (PIBIC): estudo de caso no Instituto Federal de Educação, Ciência e Tecnologia do Ceará (IFCE)","REVISTA ELETRÔNICA ACTA SAPIENTIA",2675-0937,B4,,,2017-2020
"Wagner Bandeira Andriola",http://lattes.cnpq.br/0506346607081493,2020,"Avaliação de Políticas Públicas para a Educação Superior: o caso do Programa Universidade para Todos (PROUNI)","AVALIAÇÃO: REVISTA DA AVALIAÇÃO DA EDUCAÇÃO SUPERIOR",1982-5765,A1,,,2017-2020
"Wagner Bandeira Andriola",http://lattes.cnpq.br/0506346607081493,2020,"Avaliação da evasão discente em Cursos de Graduação da área de Engenharia","REVISTA EDUCAÇÃO E LINGUAGEM",2359-277X,B2,,,2017-2020
"Wagner Bandeira Andriola",http://lattes.cnpq.br/0506346607081493,2020,"Resiliência psicológica de estudantes universitários: estudo em cursos de graduação","REVISTA EDUCAÇÃO E LINGUAGEM",2359-277X,B2,,,2017-2020
"Wagner Bandeira Andriola",http://lattes.cnpq.br/0506346607081493,2020,"Evasão discente no Ensino Superior: um estudo na Universidade do Estada do Mato Grosso (UNEMAT) ? Campus Pontes e Lacerda","REVISTA EDUCAÇÃO E LINGUAGEM",2359-277X,B2,,,2017-2020
"Wagner Bandeira Andriola",http://lattes.cnpq.br/0506346607081493,2020,"Evasão discente no Ensino Superior: estudo de caso na Universidade do Estado do Mato Grosso (UNEMAT) ? Campus de Sinop","REVISTA EDUCAÇÃO E LINGUAGEM",2359-277X,B2,,,2017-2020
"Wagner Bandeira Andriola",http://lattes.cnpq.br/0506346607081493,2020,"Evasão discente em cursos de graduação: estudo de caso na Universidade do Estado de Mato Grosso (UNEMAT)","REVISTA EDUCAÇÃO E LINGUAGEM",2359-277X,B2,,,2017-2020
"Wagner Bandeira Andriola",http://lattes.cnpq.br/0506346607081493,2020,"Terceirizar ou Internalizar: um estudo avaliativo em uma Instituição Pública de Ensino Superior","REVISTA EDUCAÇÃO E LINGUAGEM",2359-277X,B2,,,2017-2020
"Wagner Bandeira Andriola",http://lattes.cnpq.br/0506346607081493,2019,"Gestão de aprendizagem no Ensino a Distância em Instituição de Ensino Superior brasileira sob a ótica dos fatores críticos de sucesso","PAIDÉI@ (SANTOS)",1982-6109,A4,,,2017-2020
"Wagner Bandeira Andriola",http://lattes.cnpq.br/0506346607081493,2019,"Prêmios para escolas e professores com base no desempenho acadêmico discente: a experiência do estado do Ceará (Brasil)","LINHAS (FLORIANÓPOLIS. ONLINE)",1984-7238,A2,,,2017-2020
"Wagner Bandeira Andriola",http://lattes.cnpq.br/0506346607081493,2019,"Governança Corporativa: avaliação do uso das melhores práticas em uma Instituição de Ensino Superior (IES) brasileira","REVISTA EDUCAÇÃO E LINGUAGEM",2359-277X,B2,,,2017-2020
"Wagner Bandeira Andriola",http://lattes.cnpq.br/0506346607081493,2019,"Tecnologia em radiologia: estudo comparativo do uso de métodos do diagnóstico por imagem no ensino da anatomia humana","REVISTA DE ESTUDOS E PESQUISAS SOBRE ENSINO TECNOLÓGICO",2446-774X,A4,,,2017-2020
"Wagner Bandeira Andriola",http://lattes.cnpq.br/0506346607081493,2019,"Avaliação da efetividade do ensino em cursos de educação a distância.","SUSTINERE: REVISTA DE SAÚDE E EDUCAÇÃO",2359-0424,A2,,,2017-2020
"Wagner Bandeira Andriola",http://lattes.cnpq.br/0506346607081493,2019,"Potencial de diagnóstico da qualidade educacional brasileira a partir do Programa Internacional de Avaliação de Estudantes (PISA)","REVISTA EDUCAÇÃO E LINGUAGEM",2359-277X,B2,,,2017-2020
"Wagner Bandeira Andriola",http://lattes.cnpq.br/0506346607081493,2019,"Efetividade da assistência estudantil para garantir a permanência discente no ensino superior público brasileiro","AVALIAÇÃO: REVISTA DA AVALIAÇÃO DA EDUCAÇÃO SUPERIOR",1414-4077,A1,,,2017-2020
"Wagner Bandeira Andriola",http://lattes.cnpq.br/0506346607081493,2019,"Avaliação da satisfação dos usuários do Programa Universidade Para Todos (PROUNI)","REVISTA ELETRÔNICA ACTA SAPIENTIA",2675-0937,B4,,,2017-2020
"Wagner Bandeira Andriola",http://lattes.cnpq.br/0506346607081493,2019,"Responsabilidade Social em Instituições de Ensino Superior (IES): validação de um instrumento através da análise fatorial","REVISTA ELETRÔNICA ACTA SAPIENTIA",2675-0937,B4,,,2017-2020
"Wagner Bandeira Andriola",http://lattes.cnpq.br/0506346607081493,2019,"Avaliação da qualidade de curso online empregando o QEOn: estudo de caso","SUSTINERE: REVISTA DE SAÚDE E EDUCAÇÃO",2359-0424,A2,,,2017-2020
"Wagner Bandeira Andriola",http://lattes.cnpq.br/0506346607081493,2018,"Programa Institucional de Bolsa de Iniciação à Docência (PIBID): desempenho de bolsistas versus não bolsistas","EDUCAÇÃO EM REVISTA (ONLINE)",1982-6621,A1,,,2017-2020
"Wagner Bandeira Andriola",http://lattes.cnpq.br/0506346607081493,2018,"Acompanhamento de egressos: subsídios para a avaliação de Instituições de Ensino Superior (IES)","AVALIAÇÃO: REVISTA DA AVALIAÇÃO DA EDUCAÇÃO SUPERIOR",1414-4077,A1,,,2017-2020
"Wagner Bandeira Andriola",http://lattes.cnpq.br/0506346607081493,2018,"Uso de indicadores para diagnóstico situacional de Instituições de Ensino Superior","ENSAIO (RIO DE JANEIRO. ONLINE)",1809-4465,A1,,,2017-2020
"Wagner Bandeira Andriola",http://lattes.cnpq.br/0506346607081493,2018,"Avaliando o impacto da política brasileira de plantas medicinais e fitoterápicos na formação superior da área de saúde","REVISTA IBERO-AMERICANA DE ESTUDOS EM EDUCAÇÃO",1982-5587,A1,,,2017-2020
"Wagner Bandeira Andriola",http://lattes.cnpq.br/0506346607081493,2018,"Avaliação de Instituições de Ensino Superior (IES): relevância do acompanhamento de alunos egressos para o aprimoramento acadêmico","REVISTA EDUCAÇÃO E LINGUAGEM",2359-277X,B2,,,2017-2020
"Wagner Bandeira Andriola",http://lattes.cnpq.br/0506346607081493,2018,"Avaliação e Política Educacional cearense:o que as fontes governamentais revelam","REVISTA EDUCAÇÃO E LINGUAGEM",2359-277X,B2,,,2017-2020
"Wagner Bandeira Andriola",http://lattes.cnpq.br/0506346607081493,2018,"Potencialidades da Avaliação Formativa e Somativa","REVISTA ELETRÔNICA ACTA SAPIENTIA",2675-0937,B4,,,2017-2020
"Wagner Bandeira Andriola",http://lattes.cnpq.br/0506346607081493,2018,"Avaliação da eficácia da formação docente em curso superior na modalidade de Educação a Distância (EaD)","REVISTA ELETRÔNICA ACTA SAPIENTIA",2675-0937,B4,,,2017-2020
"Wagner Bandeira Andriola",http://lattes.cnpq.br/0506346607081493,2017,"Programa Um Computador Por Aluno (PROUCA): uma análise bibliométrica","EDUCAR EM REVISTA (IMPRESSO)",0104-4060,A1,,,2017-2020
"Wagner Bandeira Andriola",http://lattes.cnpq.br/0506346607081493,2017,"QEOn Questionnaire for Assessing Experiences in Virtual Learning Environments","IEEE LATIN AMERICA TRANSACTIONS",1548-0992,B2,,,2017-2020
"Wagner Bandeira Andriola",http://lattes.cnpq.br/0506346607081493,2017,"Avaliando a Inserção de Egressos de Cursos de Graduação da Área de Tecnologia da Informação no Mercado de Trabalho Regional Brasileiro - Um Estudo em Campi de Cidades do Interior","REVISTA IBEROAMERICANA DE EVALUACIÓN EDUCATIVA",1989-0397,A2,,,2017-2020
"Wagner Bandeira Andriola",http://lattes.cnpq.br/0506346607081493,2017,"Os Sistemas de Informação Gerencial: contributos à avaliação das atividades de extensão do Instituto Federal de Educação do Ceará (IFCE)","REVISTA ELETRÔNICA ACTA SAPIENTIA",2675-0937,B4,,,2017-2020
"Wagner Bandeira Andriola",http://lattes.cnpq.br/0506346607081493,2017,"Importância do Plano Nacional de Educação (PNE) para o aprimoramento da escolas","REVISTA ELETRÔNICA ACTA SAPIENTIA",2675-0937,B4,,,2017-2020
"Wagner Bandeira Andriola",http://lattes.cnpq.br/0506346607081493,2016,"Avaliação do suporte de TDIC na formação do pedagogo. Um estudo em universidade brasileira","REVISTA ELECTRÓNICA IBEROAMERICANA SOBRE CALIDAD, EFICACIA Y CAMBIO EN EDUCACIÓN",1696-4713,A2,,,2017-2020
"Wagner Bandeira Andriola",http://lattes.cnpq.br/0506346607081493,2016,"Expectativas da Avaliação Docente na Educação Superior Brasileira. Um Estudo com os Envolvidos em uma Instituição de Ensino Pública","REVISTA IBEROAMERICANA DE EVALUACIÓN EDUCATIVA",1989-0397,A2,,,2017-2020
"Wagner Bandeira Andriola",http://lattes.cnpq.br/0506346607081493,2016,"Relevância do uso de indicadores de gestão para a autoavaliação e o planejamento estratégico de Instituições de Ensino Superior (IES)","META: AVALIAÇÃO",2175-2753,A4,,,2017-2020
"Wagner Bandeira Andriola",http://lattes.cnpq.br/0506346607081493,2016,"Avaliação do Programa Institucional de Bolsa de Iniciação à Docência (PIBID): estudo de caso na Universidade Federal do Ceará (UFC)","FORO EDUCACIONAL",0718-0772,N,,,
"Wagner Bandeira Andriola",http://lattes.cnpq.br/0506346607081493,2015,"Developing an Instrument for Assessment of Academic Management in Engineering Courses","REVISTA IEEE AMÉRICA LATINA",1548-0992,B2,,,2017-2020
"Wagner Bandeira Andriola",http://lattes.cnpq.br/0506346607081493,2015,"Avaliação dos impactos sociais oriundos da interiorização da Universidade Federal do Ceará (UFC)","REVISTA BRASILEIRA DE ESTUDOS PEDAGÓGICOS RBEP-INEP",2176-6681,A1,,,2017-2020
"Wagner Bandeira Andriola",http://lattes.cnpq.br/0506346607081493,2015,"Autoavaliação institucional na Universidade Federal do Ceará (UFC): meio século de história","AVALIAÇÃO: REVISTA DA AVALIAÇÃO DA EDUCAÇÃO SUPERIOR",1982-5765,A1,,,2017-2020
"Wagner Bandeira Andriola",http://lattes.cnpq.br/0506346607081493,2015,"Validation of the academic management evaluation instrument based on principal component analysis for engineering and technological courses","INGENIERIA E INVESTIGACION",2248-8723,B1,,,2017-2020
"Wagner Bandeira Andriola",http://lattes.cnpq.br/0506346607081493,2015,"Melhorando o processo de ensino e aprendizado em cursos de graduação na área de computação por meio da utilização de edublogs","REVISTA IBERO-AMERICANA DE ESTUDOS EM EDUCAÇÃO",1982-5587,A1,,,2017-2020
"Wagner Bandeira Andriola",http://lattes.cnpq.br/0506346607081493,2015,"Avaliando o Impacto da Qualidade da Gestão Acadêmica no Desempenho dos Cursos de Graduação. Um Estudo em Universidade Pública Brasileira","REVISTA IBEROAMERICANA DE EVALUACIÓN EDUCATIVA",1989-0397,A2,,,2017-2020
"Wagner Bandeira Andriola",http://lattes.cnpq.br/0506346607081493,2015,"Limitações e desafios à formação do pedagogo na área de avaliação educacional","FORO EDUCACIONAL",0718-0772,N,,,
"Wagner Bandeira Andriola",http://lattes.cnpq.br/0506346607081493,2015,"Uma proposta de indicadores para gerenciamento de prazo e custo em Projetos de Tecnologia da Informação","REVISTA ELETRÔNICA ACTA SAPIENTIA",2675-0937,B4,,,2017-2020
"Wagner Bandeira Andriola",http://lattes.cnpq.br/0506346607081493,2015,"Aproximação conceitual aos elementos basilares da Avaliação de Políticas Públicas","REVISTA ELETRÔNICA ACTA SAPIENTIA",2675-0937,B4,,,2017-2020
"Wagner Bandeira Andriola",http://lattes.cnpq.br/0506346607081493,2014,"Avaliação diagnóstica da Educação de Jovens e Adultos (EJA) no Brasil","ENSAIO (FUNDAÇÃO CESGRANRIO. IMPRESSO)",0104-4036,A1,,,2017-2020
"Wagner Bandeira Andriola",http://lattes.cnpq.br/0506346607081493,2014,"Estudo de egressos de cursos de graduação: subsídios para a autoavaliação e o planejamento institucionais","EDUCAR EM REVISTA (IMPRESSO)",0104-4060,A1,,,2017-2020
"Wagner Bandeira Andriola",http://lattes.cnpq.br/0506346607081493,2014,"Avaliação docente na Educação Superior: expectativas acadêmicas acerca da influência do feedback e das decisões institucionais","REVISTA ELETRÔNICA ACTA SAPIENTIA",2675-0937,B4,,,2017-2020
"Wagner Bandeira Andriola",http://lattes.cnpq.br/0506346607081493,2014,"Eficácia da formação universitária através da inserção laboral de egressos","REVISTA ELETRÔNICA ACTA SAPIENTIA",2675-0937,B4,,,2017-2020
"Wagner Bandeira Andriola",http://lattes.cnpq.br/0506346607081493,2013,"Ações de formação em EJA nas prisões: o que pensam os professores do sistema prisional do Ceará?","EDUCACAO E REALIDADE",2175-6236,A1,,,2017-2020
"Wagner Bandeira Andriola",http://lattes.cnpq.br/0506346607081493,2013,"Avaliação de Práticas Pedagógicas Inovadoras em Curso de Graduação em Sistemas de Informação","REVISTA ELECTRÓNICA IBEROAMERICANA SOBRE CALIDAD, EFICACIA Y CAMBIO EN EDUCACIÓN",1696-4713,A2,,,2017-2020
"Wagner Bandeira Andriola",http://lattes.cnpq.br/0506346607081493,2013,"O Papel dos Coordenadores das Comissões Próprias de Avaliação (CPA) na Autoavaliação das Instituições de Ensino Superior (IES)","META: AVALIAÇÃO",2175-2753,A4,,,2017-2020
"Wagner Bandeira Andriola",http://lattes.cnpq.br/0506346607081493,2013,"Análise métrica de questões componentes de testes de rendimento: mecanismo de feedback para aprimorar sua elaboração","FORO EDUCACIONAL",0717-2710,N,,,
"Wagner Bandeira Andriola",http://lattes.cnpq.br/0506346607081493,2012,"Desenvolvimento de um Protótipo de Sistema Informatizado para Avaliação da Atuação do Docente Universitário: Apresentação de Resultados Parciais","REVISTA IBEROAMERICANA DE EVALUACIÓN EDUCATIVA",1989-0397,A2,,,2017-2020
"Wagner Bandeira Andriola",http://lattes.cnpq.br/0506346607081493,2012,"Uso de equações estruturais para validar um modelo explicativo da relação entre domínio tecnológico, interação e aprendizagem colaborativa na Educação a Distância (EaD)","ENSAIO (FUNDAÇÃO CESGRANRIO. IMPRESSO)",0104-4036,A1,,,2017-2020
"Wagner Bandeira Andriola",http://lattes.cnpq.br/0506346607081493,2012,"Avaliação da Atuação dos Docentes de Instituições de Ensino Superior: o caso da Faculdade Cearense (FAC)","META: AVALIAÇÃO",2175-2753,A4,,,2017-2020
"Wagner Bandeira Andriola",http://lattes.cnpq.br/0506346607081493,2012,"Avaliação do aprendizado discente: estudo com professores de Escolas Públicas","EDUCAR EM REVISTA (IMPRESSO)",0104-4060,A1,,,2017-2020
"Wagner Bandeira Andriola",http://lattes.cnpq.br/0506346607081493,2012,"Avaliação da Eficiência dos Cursos de Graduação da Universidade Federal do Ceará (UFC) através da Análise Envoltória de Dados (DEA)","REVISTA IBEROAMERICANA DE EVALUACIÓN EDUCATIVA",1989-0397,A2,,,2017-2020
"Wagner Bandeira Andriola",http://lattes.cnpq.br/0506346607081493,2011,"Doze motivos favoráveis à adoção do Exame Nacional do Ensino Médio (ENEM) pelas Instituições Federais de Ensino Superior (IFES)","ENSAIO (FUNDAÇÃO CESGRANRIO. IMPRESSO)",0104-4036,A1,,,2017-2020
"Wagner Bandeira Andriola",http://lattes.cnpq.br/0506346607081493,2011,"Avaliação da formação de Agentes Prisionais do Ceará em Educação de Jovens e Adultos (EJA)","REVISTA ELECTRÓNICA IBEROAMERICANA SOBRE CALIDAD, EFICACIA Y CAMBIO EN EDUCACIÓN",1696-4713,A2,,,2017-2020
"Wagner Bandeira Andriola",http://lattes.cnpq.br/0506346607081493,2011,"Um Indicador de Aprendizagem Não-Linear para EaD Online Fundamentado no Modelo de Avaliação Learning Vectors (LV)","REVISTA IBEROAMERICANA DE EVALUACIÓN EDUCATIVA",1989-0397,A2,,,2017-2020
"Wagner Bandeira Andriola",http://lattes.cnpq.br/0506346607081493,2010,"Saberes elaborados no exercício da autoavaliação participativa: estudo de caso na Universidade Federal do Ceará (UFC)","META: AVALIAÇÃO",2175-2753,A4,,,2017-2020
"Wagner Bandeira Andriola",http://lattes.cnpq.br/0506346607081493,2010,"Utilização do Modelo CIPP na Avaliação de Programas Sociais: O Caso do Projeto Educando para a Liberdade da SECAD/MEC","REVISTA ELECTRÓNICA IBEROAMERICANA SOBRE CALIDAD, EFICACIA Y CAMBIO EN EDUCACIÓN",1696-4713,A2,,,2017-2020
"Wagner Bandeira Andriola",http://lattes.cnpq.br/0506346607081493,2010,"Representações sociais dos gestores e dos técnicos das unidades acadêmicas da Universidade Federal do Ceará(UFC) acerca da autoavaliação institucional","AVALIAÇÃO (UNICAMP)",1414-4077,A1,,,2017-2020
"Wagner Bandeira Andriola",http://lattes.cnpq.br/0506346607081493,2009,"Fatores institucionais associados aos resultados do Exame Nacional de Desempenho Estudantil (ENADE): Estudo dos cursos de Graduação da Universidade Federal do Ceará (UFC)","REVISTA ELECTRÓNICA IBEROAMERICANA SOBRE CALIDAD, EFICACIA Y CAMBIO EN EDUCACIÓN",1696-4713,A2,,,2017-2020
"Wagner Bandeira Andriola",http://lattes.cnpq.br/0506346607081493,2009,"Avaliação da qualidade educacional da Faculdade de Educação (FACED) da Universidade Federal do Ceará (UFC)","ENSAIO (FUNDAÇÃO CESGRANRIO. IMPRESSO)",0104-4036,A1,,,2017-2020
"Wagner Bandeira Andriola",http://lattes.cnpq.br/0506346607081493,2009,"Psicometria moderna: características e tendências","ESTUDOS EM AVALIAÇÃO EDUCACIONAL",0103-6831,A1,,,2017-2020
"Wagner Bandeira Andriola",http://lattes.cnpq.br/0506346607081493,2009,"Fatores Associados à Evasão Discente na Universidade Federal do Ceará (UFC) de Acordo com as Opiniões de Docentes e de Coordenadores de Cursos","REVISTA ELECTRÓNICA IBEROAMERICANA SOBRE CALIDAD, EFICACIA Y CAMBIO EN EDUCACIÓN",1696-4713,A2,,,2017-2020
"Wagner Bandeira Andriola",http://lattes.cnpq.br/0506346607081493,2009,"Planejamento Estratégico e Gestão Universitária como Atividades Oriundas da Auto-Avaliação de Instituições de Ensino Superior (IES): o Exemplo da Universidade Federal do Ceará (UFC)","REVISTA IBEROAMERICANA DE EDUCACIÓN (ONLINE)",1681-5653,A2,,,2017-2020
"Wagner Bandeira Andriola",http://lattes.cnpq.br/0506346607081493,2008,"Uso da Teoria de Resposta Ao Item (TRI) para Analisar a Eqüidade do Processo de Avaliação do Aprendizado Discente","REVISTA IBEROAMERICANA DE EVALUACIÓN EDUCATIVA",1989-0397,A2,,,2017-2020
"Wagner Bandeira Andriola",http://lattes.cnpq.br/0506346607081493,2008,"Propostas estatais voltadas à avaliação do Ensino Superior brasileiro: Breve retrospectiva histórica do período 1983-2008","REVISTA ELECTRÓNICA IBEROAMERICANA SOBRE CALIDAD, EFICACIA Y CAMBIO EN EDUCACIÓN",1696-4713,A2,,,2017-2020
"Wagner Bandeira Andriola",http://lattes.cnpq.br/0506346607081493,2008,"A avaliação no Ensino Superior: repercussões sociais e superação de desafios","EDUCAÇÃO EM DEBATE (CESA/UFC)",0102-1117,B1,,,2017-2020
"Wagner Bandeira Andriola",http://lattes.cnpq.br/0506346607081493,2007,"Significados e fatores influenciadores da pesquisa em enfermagem no Hospital Universitário Walter Cantídio","REVISTA DA ESCOLA DE ENFERMAGEM DA USP (IMPRESSO)",0080-6234,A2,,,2017-2020
"Wagner Bandeira Andriola",http://lattes.cnpq.br/0506346607081493,2007,"Avaliação do aprendizado no Ensino Médio: análise de propostas da Secretaria de Educação do Ceará","LINGUAGEM, EDUCAÇÃO E SOCIEDADE (UFPI)",1518-0743,A3,,,2017-2020
"Wagner Bandeira Andriola",http://lattes.cnpq.br/0506346607081493,2007,"Pesquisa e assistência: perspectiva do enfermeiro de um Hospital universitário","REV RENE",1517-3852,B1,,,2017-2020
"Wagner Bandeira Andriola",http://lattes.cnpq.br/0506346607081493,2006,"Avaliação Institucional na Universidade Regional do Cariri (URCA): breve relato histórico","AVALIAÇÃO (CAMPINAS)",1414-4077,A1,,,2017-2020
"Wagner Bandeira Andriola",http://lattes.cnpq.br/0506346607081493,2006,"Opiniões de docentes e de coordenadores acerca do fenômeno da evasão discente dos cursos de graduação da Universidade Federal do Ceará (UFC)","ENSAIO (FUNDAÇÃO CESGRANRIO. IMPRESSO)",0104-4036,A1,,,2017-2020
"Wagner Bandeira Andriola",http://lattes.cnpq.br/0506346607081493,2006,"Estudo sobre o viés de itens em testes de renidmento: uma retrospectiva","ESTUDOS EM AVALIAÇÃO EDUCACIONAL",0103-6831,A1,,,2017-2020
"Wagner Bandeira Andriola",http://lattes.cnpq.br/0506346607081493,2006,"Avaliação diagnóstica dos egressos de 2003 e 2004 dos cursos de Graduação da Universidade Federal do Ceará (UFC)","AVALIAÇÃO (UNICAMP)",1414-4077,A1,,,2017-2020
"Wagner Bandeira Andriola",http://lattes.cnpq.br/0506346607081493,2006,"Opinião de docentes acerca da relação entre programas televisivos e violência infantil em ambientes educacionais","LINGUAGEM, EDUCAÇÃO E SOCIEDADE (UFPI)",1518-0743,A3,,,2017-2020
"Wagner Bandeira Andriola",http://lattes.cnpq.br/0506346607081493,2005,"As razões do abandono dos cursos de graduação da UFC","UNIVERSIDADE PÚBLICA",,N,,,
"Wagner Bandeira Andriola",http://lattes.cnpq.br/0506346607081493,2005,"Breve retrospectiva histórica acerca dos estudos que abordam o viés dos itens de testes psicológicos","PSICOLOGIA ARGUMENTO",0103-7013,B1,,,2017-2020
"Wagner Bandeira Andriola",http://lattes.cnpq.br/0506346607081493,2005,"Reflexões acerca da atividade de auto-avaliação dos servidores técnico-administrativos. Estudo de Caso na Universidade Federal do Ceará (UFC).","AVALIAÇÃO (CAMPINAS)",1414-4077,A1,,,2017-2020
"Wagner Bandeira Andriola",http://lattes.cnpq.br/0506346607081493,2005,"Sistematização da avaliação da aprendizagem em comunidades organizadas no ciberespaço","REVISTA IBEROAMERICANA DE EDUCACIÓN (ONLINE)",1681-5653,A2,,,2017-2020
"Wagner Bandeira Andriola",http://lattes.cnpq.br/0506346607081493,2004,"Avaliação institucional na Universidade Federal do Ceará (UFC): organização de sistema de dados e indicadores da qualidade institucional","SUMÁRIOS CORRENTES PERIÓDICOS ONLINE (UNICAMP)",1516-7402,N,,,
"Wagner Bandeira Andriola",http://lattes.cnpq.br/0506346607081493,2004,"Avaliação da aprendizagem: conceitos, dados, problemas e perspectivas","PSICOLOGIA ARGUMENTO",0103-7013,B1,,,2017-2020
"Wagner Bandeira Andriola",http://lattes.cnpq.br/0506346607081493,2003,"Descripción de los principales métodos para detectar el funcionamiento diferencial de ítem (DIF): un análisis crítico","BORDON: REVISTA DE PEDAGOGIA",0210-5934,A1,,,2017-2020
"Wagner Bandeira Andriola",http://lattes.cnpq.br/0506346607081493,2003,"Evasão discente na Universidade Federal do Ceará (UFC): proposta para identificar suas causas e implantar um Serviço de Orientação e Informação (SOI)","ENSAIO. AVALIAÇÃO E POLÍTICAS PÚBLICAS EM EDUCAÇÃO",0104-4036,A1,,,2017-2020
"Wagner Bandeira Andriola",http://lattes.cnpq.br/0506346607081493,2003,"Uso de computadores na avaliação psicológica: estudo de sua influência sobre o desempenho individual em um Teste de Raciocínio Numérico (RN)","INTERAÇÕES (UNIVERSIDADE SÃO MARCOS)",1413-2907,N,,,
"Wagner Bandeira Andriola",http://lattes.cnpq.br/0506346607081493,2003,"Adaptação da escala para avaliação da depressão em pré-escolares (ESDM-P) para a cidade de Fortaleza","PSICOLOGIA ARGUMENTO",0103-7013,B1,,,2017-2020
"Wagner Bandeira Andriola",http://lattes.cnpq.br/0506346607081493,2002,"Principais métodos para detectar o funcionamento diferencial do item no âmbito da avaliação educacional","EDUCAÇÃO EM DEBATE (CESA/UFC)",0102-1117,B1,,,2017-2020
"Wagner Bandeira Andriola",http://lattes.cnpq.br/0506346607081493,2001,"Determinación del funcionamiento diferencial de ítems (DIF) destinados a la evaluación del razonamiento verbal considerando el tipo de escuela de los alumnos.","BORDON: REVISTA DE PEDAGOGIA",0210-5934,A1,,,2017-2020
"Wagner Bandeira Andriola",http://lattes.cnpq.br/0506346607081493,2001,"Factores caracterizadores de centros educativos eficaces.","BORDON: REVISTA DE PEDAGOGIA",0210-5934,A1,,,2017-2020
"Wagner Bandeira Andriola",http://lattes.cnpq.br/0506346607081493,2001,"Descrição dos Principais Métodos para Detectar o Funcionamento Diferencial dos Itens (DIF)","PSICOLOGIA: REFLEXÃO E CRÍTICA (UFRGS. IMPRESSO)",0102-7972,A1,,,2017-2020
"Wagner Bandeira Andriola",http://lattes.cnpq.br/0506346607081493,2001,"Avaliação dos Programas Estaduais de Qualificação Profissional (PEQ's): Uma Revisão Conceitual do Modelo 3ER","ENSAIO. AVALIAÇÃO E POLÍTICAS PÚBLICAS EM EDUCAÇÃO",0104-4036,A1,,,2017-2020
"Wagner Bandeira Andriola",http://lattes.cnpq.br/0506346607081493,2000,"Calidad educativa y efectividad escolar: conceptos y características.","EDUCAÇÃO EM DEBATE (CESA/UFC)",0102-1117,B1,,,2017-2020
"Wagner Bandeira Andriola",http://lattes.cnpq.br/0506346607081493,2000,"Funcionamento diferencial dos itens (DIF): estudo com analogias para medir o raciocínio verbal","PSICOLOGIA: REFLEXÃO E CRÍTICA (UFRGS. IMPRESSO)",0102-7972,A1,,,2017-2020
"Wagner Bandeira Andriola",http://lattes.cnpq.br/0506346607081493,1999,"Considerações sobre a avaliação da aprendizagem","CADERNOS DE EDUCAÇAO",0103-8346,N,,,
"Wagner Bandeira Andriola",http://lattes.cnpq.br/0506346607081493,1999,"O Mestrado em Avaliação Educacional da Universidade Federal do Ceará","CADERNOS DE EDUCAÇAO",0103-8346,N,,,
"Wagner Bandeira Andriola",http://lattes.cnpq.br/0506346607081493,1999,"Evaluación: La vía para la calidad educativa","ENSAIO. AVALIAÇÃO E POLÍTICAS PÚBLICAS EM EDUCAÇÃO",0104-4036,A1,,,2017-2020
"Wagner Bandeira Andriola",http://lattes.cnpq.br/0506346607081493,1999,"Avaliação da depressão infantil em alunos da pré-escola","PSICOLOGIA: REFLEXÃO E CRÍTICA (UFRGS. IMPRESSO)",0102-7972,A1,,,2017-2020
"Wagner Bandeira Andriola",http://lattes.cnpq.br/0506346607081493,1999,"Avaliação do raciocínio abstrato em estudantes do ensino médio","ESTUDOS DE PSICOLOGIA (UFRN)",1413-294X,A1,,,2017-2020
"Wagner Bandeira Andriola",http://lattes.cnpq.br/0506346607081493,1999,"Desenvolvimento da estrutura cognitiva dos alunos de 4ª e 8ª séries","EDUCAÇÃO EM DEBATE (CESA/UFC)",0102-1117,B1,,,2017-2020
"Wagner Bandeira Andriola",http://lattes.cnpq.br/0506346607081493,1999,"Avaliação da opinião e do grau de conhecimento de estudantes de psicologia sobre os testes psicológicos: o caso da Universidade Federal do Ceará (UFC)","PSIQUE",1415-5044,N,,,
"Wagner Bandeira Andriola",http://lattes.cnpq.br/0506346607081493,1998,"Apresentação de um Modelo Teórico destinado a avaliação dos Programas Estaduais de Qualificação Profissional (PEQ's)","ENSAIO. AVALIAÇÃO E POLÍTICAS PÚBLICAS EM EDUCAÇÃO",0104-4036,A1,,,2017-2020
"Wagner Bandeira Andriola",http://lattes.cnpq.br/0506346607081493,1998,"Avaliação da aprendizagem: uma análise descritiva segundo a Teoria de Resposta ao Item (TRI)","EDUCAÇÃO EM DEBATE (CESA/UFC)",0102-1117,B1,,,2017-2020
"Wagner Bandeira Andriola",http://lattes.cnpq.br/0506346607081493,1998,"Utilização da Teoria da Resposta ao Item (TRI) para a organização de um banco de itens destinados a avaliação do raciocínio verbal","PSICOLOGIA: REFLEXÃO E CRÍTICA (UFRGS. IMPRESSO)",0102-7972,A1,,,2017-2020
"Wagner Bandeira Andriola",http://lattes.cnpq.br/0506346607081493,1998,"Inteligência, aprendizagem e rendimento acadêmico segundo a Teoria Triárquica da Inteligência","EDUCAÇÃO EM DEBATE (CESA/UFC)",0102-1117,B1,,,2017-2020
"Wagner Bandeira Andriola",http://lattes.cnpq.br/0506346607081493,1997,"Expectativas de estudantes secundaristas frente à universidade","EDUCAÇÃO EM DEBATE (CESA/UFC)",0102-1117,B1,,,2017-2020
"Wagner Bandeira Andriola",http://lattes.cnpq.br/0506346607081493,1997,"A influência da informática na área da avaliação psicológica","PSIQUE",1415-5044,N,,,
"Wagner Bandeira Andriola",http://lattes.cnpq.br/0506346607081493,1997,"Análise métrica de um instrumento de medida da aprendizagem através da Teoria da Resposta ao Item (TRI)","ENSAIO (FUNDAÇÃO CESGRANRIO. IMPRESSO)",0104-4036,A1,,,2017-2020
"Wagner Bandeira Andriola",http://lattes.cnpq.br/0506346607081493,1997,"Avaliação do raciocínio verbal em estudantes do 2º grau","ESTUDOS DE PSICOLOGIA (UFRN)",1413-294X,A1,,,2017-2020
"Wagner Bandeira Andriola",http://lattes.cnpq.br/0506346607081493,1996,"Avaliação da Inteligência: contribuições da Teoria do Processamento da Informação ou Componencial à Teoria Psicométrica","PSICOLOGIA ARGUMENTO",0103-7013,B1,,,2017-2020
"Wagner Bandeira Andriola",http://lattes.cnpq.br/0506346607081493,1996,"Avaliação psicológica no Brasil: considerações a respeito da formação dos psicólogos e dos instrumentos utilizados","PSIQUE",1415-5044,N,,,
"Wagner Bandeira Andriola",http://lattes.cnpq.br/0506346607081493,1996,"Uso de computadores na avaliação psicológica: estudo para verificação de sua influência sobre o desempenho individual num Teste de Raciocínio Verbal (RV)","PSICOLOGIA. REFLEXÃO E CRÍTICA",0102-7972,A1,,,2017-2020
"Wagner Bandeira Andriola",http://lattes.cnpq.br/0506346607081493,1995,"Avaliação do raciocínio numérico em estudantes do 2º grau","EDUCAÇÃO EM DEBATE (CESA/UFC)",0102-1117,B1,,,2017-2020
"Wagner Bandeira Andriola",http://lattes.cnpq.br/0506346607081493,1995,"Análise métrica de uma escala para avaliação docente utilizada na Universidade Federal do Ceará","EDUCAÇÃO EM DEBATE (CESA/UFC)",0102-1117,B1,,,2017-2020
"Wagner Bandeira Andriola",http://lattes.cnpq.br/0506346607081493,1995,"A Construção de uma Escala para Pós-Graduandos","PSICOLOGIA ARGUMENTO",0103-7013,B1,,,2017-2020
"Wagner Bandeira Andriola",http://lattes.cnpq.br/0506346607081493,1995,"A Construção de um Teste de Raciocínio Verbal (RV)","PSICOLOGIA: REFLEXÃO E CRÍTICA (UFRGS. IMPRESSO)",0102-7972,A1,,,2017-2020
"Wagner Bandeira Andriola",http://lattes.cnpq.br/0506346607081493,1995,"Problemas e perspectivas quanto ao uso de Testes Psicológicos no Brasil","PSIQUE",1415-5044,N,,,
"Wagner Bandeira Andriola",http://lattes.cnpq.br/0506346607081493,1994,"Questionário de Saúde Geral de Goldberg (QSG): Adaptação brasileira","PSICOLOGIA: TEORIA E PESQUISA (UNB. IMPRESSO)",0102-3772,A1,,,2017-2020
"Wagner Bandeira Andriola",http://lattes.cnpq.br/0506346607081493,1994,"Apresentação dos resultados parciais relativos às análises dos itens do Teste de Raciocínio Numérico","EDUCAÇÃO EM DEBATE (CESA/UFC)",0102-1117,B1,,,2017-2020
"Wagner Bandeira Andriola",http://lattes.cnpq.br/0506346607081493,1993,"A Orientação Vocacional no Brasil, Argentina e Portugal","REVISTA DE PSICOLOGIA",,N,,,
"Wagner Bandeira Andriola",http://lattes.cnpq.br/0506346607081493,1991,"Estimação de magnitude de distância entre pares e tríades de pontos: um estudo exploratório","REVISTA DE PSICOLOGIA",,N,,,
"Wagner Bandeira Andriola",http://lattes.cnpq.br/0506346607081493,1989,"Caracterização do apoio social em estudantes universitários brasileiros","REVISTA DE PSICOLOGIA",,N,,,