nome,lattes_url,ano_publicacao,titulo_publicacao,periodico,issn,qualis,pontos,area,ano_base
"Andréa Soares Rocha da Silva",http://lattes.cnpq.br/1759902798115392,2025,"USO DO INSTAGRAM PARA EDUCAÇÃO EM SAÚDE SEXUAL E REPRODUTIVA DE ADOLESCENTES ESCOLARES","REVISTA CONEXÃO UEPG",2238-7315,A3,,,2017-2020
"Andréa Soares Rocha da Silva",http://lattes.cnpq.br/1759902798115392,2024,"Avaliação da Usabilidade de um Site Institucional à Luz da Arquitetura da Informação","BRAZILIAN JOURNAL OF INFORMATION SCIENCE",1981-1640,A4,,,2017-2020
"Andréa Soares Rocha da Silva",http://lattes.cnpq.br/1759902798115392,2023,"Cultura Digital na BNCC: necessidade da competência em informação para o processo formativo do professor","BRAZILIAN JOURNAL OF INFORMATION SCIENCE",1981-1640,A4,,,2017-2020
"Andréa Soares Rocha da Silva",http://lattes.cnpq.br/1759902798115392,2023,"Ressignificando as práticas de ensino com aplicação de metodologias ativas","EDUCAÇÃO ON-LINE (PUCRJ)",1809-3760,A4,,,2017-2020
"Andréa Soares Rocha da Silva",http://lattes.cnpq.br/1759902798115392,2023,"Telemonitoramento aplicado ao ensino em saúde: uma revisão de escopo","JOURNAL OF HEALTH INFORMATICS",2175-4411,A4,,,2017-2020
"Andréa Soares Rocha da Silva",http://lattes.cnpq.br/1759902798115392,2022,"Mapeamento     e     desambiguação     de  reduções    léxicas    no    contexto    da    saúde:  contribuições   da   Informática   para   estudos   e  pesquisa","REV. SAÚDE DIGITAL TEC. EDUC.",2525-9563,B4,,,2017-2020
"Andréa Soares Rocha da Silva",http://lattes.cnpq.br/1759902798115392,2022,"RECURSO EDUCACIONAL DIGITAL E APRENDIZAGEM SIGNIFICATIVA: PERCEPÇÕES DE ALUNOS DE UMA ESCOLA DE ENSINO MÉDIO A PARTIR DA APLICAÇÃO DO MODELO CONECTIVISTA","PAIDÉI@ (SANTOS)",1982-6109,A4,,,2017-2020
"Andréa Soares Rocha da Silva",http://lattes.cnpq.br/1759902798115392,2022,"OS DESAFIOS E IMPACTOS DO ENSINO REMOTO EMERGENCIAL PARA A PRÁXIS DOCENTE","REVISTA FORMAÇÃO@DOCENTE",2237-0587,B1,,,2017-2020
"Andréa Soares Rocha da Silva",http://lattes.cnpq.br/1759902798115392,2022,"Estratégia de aprendizagem colaborativa com salas simultâneas no google meet","REVISTA BRASILEIRA DE EDUCAÇÃO EM CIÊNCIA DA INFORMAÇÃO",2358-3193,B2,,,2017-2020
"Andréa Soares Rocha da Silva",http://lattes.cnpq.br/1759902798115392,2022,"Ensino remoto emergencial nas instituições de ensino superior e as tecnologias adotadas: uma revisão integrativa","DIALOGIA",1983-9294,A4,,,2017-2020
"Andréa Soares Rocha da Silva",http://lattes.cnpq.br/1759902798115392,2021,"Bibliotecário de referência e tutoria em educação a distância on-line","INFORMAÇÃO EM PAUTA",2525-3468,A4,,,2017-2020
"Andréa Soares Rocha da Silva",http://lattes.cnpq.br/1759902798115392,2021,"Digital information and communication technologies on histology learning: What to expect?-An integrative review","ANATOMIA HISTOLOGIA EMBRYOLOGIA",0340-2096,A4,,,2017-2020
"Andréa Soares Rocha da Silva",http://lattes.cnpq.br/1759902798115392,2021,"Tecnologias digitais via breakout rooms","INFORMAÇÃO EM PAUTA",2525-3468,A4,,,2017-2020
"Andréa Soares Rocha da Silva",http://lattes.cnpq.br/1759902798115392,2021,"Aulas remotas na Saúde: Experiências docentes em produção de material didático","ANAIS ELETRONICOS DO V SINFORGEDS",2316-5367,N,,,
"Andréa Soares Rocha da Silva",http://lattes.cnpq.br/1759902798115392,2020,"Website sobre sexualidade e prevenção de infecções sexualmente transmissíveis para adolescentes católicos","ACTA PAUL DE ENFERM",1982-0194,A4,,,2017-2020
"Andréa Soares Rocha da Silva",http://lattes.cnpq.br/1759902798115392,2020,"Competência informacional do bibliotecário no planejamento de cursos em educação a distância","INFORMAÇÃO@PROFISSÕES",2317-4390,B1,,,2017-2020
"Andréa Soares Rocha da Silva",http://lattes.cnpq.br/1759902798115392,2020,"O bibliotecário na educação a distância e o método estruturalista","BIBLOS (RIO GRANDE)",0102-4388,B3,,,2017-2020
"Andréa Soares Rocha da Silva",http://lattes.cnpq.br/1759902798115392,2019,"Use of Psychotropic Drugs in Children and Adolescents: is it possible to Define Continuity and Discontinuity?","PEDIATRIC RESEARCH AND CHILD HEALTH",1751-7222,A4,,,2017-2020
"Andréa Soares Rocha da Silva",http://lattes.cnpq.br/1759902798115392,2019,"Construção de materiais educativos digitais para uma capacitação online sobre influenza: relato de experiência","REVISTA SAÚDE EM REDES",2446-4813,B3,,,2017-2020
"Andréa Soares Rocha da Silva",http://lattes.cnpq.br/1759902798115392,2018,"The use of Facebook in health education: perceptions of adolescent students","REBEN - REVISTA BRASILEIRA DE ENFERMAGEM",0034-7167,A4,,,2017-2020
"Andréa Soares Rocha da Silva",http://lattes.cnpq.br/1759902798115392,2018,"SALA DE AULA INVERTIDA E FATORES INTERVENIENTES DA APRENDIZAGEM: EXPERIÊNCIA EM UMA INSTITUIÇÃO FEDERAL DE ENSINO SUPERIOR COM UMA TURMA DE ALUNOS DE GRADUAÇÃO","PAIDÉI@ (SANTOS)",1982-6109,A4,,,2017-2020
"Andréa Soares Rocha da Silva",http://lattes.cnpq.br/1759902798115392,2018,"Construction of assistive technology as online course for the blind about hypertension","REVISTA BRASILEIRA DE ENFERMAGEM",1984-0446,A4,,,2017-2020
"Andréa Soares Rocha da Silva",http://lattes.cnpq.br/1759902798115392,2018,"Metodologias ativas de ensino e aprendizagem em educação à distância em saúde","REVISTA DE SAÚDE DIGITAL E TECNOLOGIAS EDUCACIONAIS",2525-9563,B4,,,2017-2020
"Andréa Soares Rocha da Silva",http://lattes.cnpq.br/1759902798115392,2017,"Validação de conteúdo e aparência de um curso online para a vigilância da influenza","REVISTA IBERO-AMERICANA DE ESTUDOS EM EDUCAÇÃO",1982-5587,A1,,,2017-2020
"Andréa Soares Rocha da Silva",http://lattes.cnpq.br/1759902798115392,2016,"Violência doméstica e a Lei Maria da Penha: perfil das agressões sofridas por mulheres abrigadas em unidade social de proteção","REVISTA ESTUDOS FEMINISTAS",1806-9584,A1,,,2017-2020
"Andréa Soares Rocha da Silva",http://lattes.cnpq.br/1759902798115392,2016,"Avaliação da acessibilidade de tecnologia assistiva para surdos","REVISTA BRASILEIRA DE ENFERMAGEM",1984-0446,A4,,,2017-2020
"Andréa Soares Rocha da Silva",http://lattes.cnpq.br/1759902798115392,2014,"Health Education for the Blind: Evaluation of Accessibility of an Inclusive Online Course","CREATIVE EDUCATION",2151-4755,C,,,2017-2020
"Andréa Soares Rocha da Silva",http://lattes.cnpq.br/1759902798115392,2013,"Accessility in virtual moodle learning environment: literature review","REVISTA DE ENFERMAGEM UFPE ON LINE",1981-8963,B1,,,2017-2020
"Andréa Soares Rocha da Silva",http://lattes.cnpq.br/1759902798115392,2012,"Uso de equações estruturais para validar um modelo explicativo da relação entre domínio tecnológico, interação e aprendizagem colaborativa na Educação a Distância (EaD)","ENSAIO. AVALIAÇÃO E POLÍTICAS PÚBLICAS EM EDUCAÇÃO",0104-4036,A1,,,2017-2020
"Andréa Soares Rocha da Silva",http://lattes.cnpq.br/1759902798115392,2012,"Síndrome da Tensão Pré-Menstrual: Consequências para o   cotidiano acadêmico entre universitárias da área da saúde","CORPVS (FIC)",1980-9166,N,,,