nome,lattes_url,ano_publicacao,titulo_publicacao,periodico,issn,qualis,pontos,area,ano_base
"Antonio Wagner Chacon Silva",http://lattes.cnpq.br/9944781887088838,2024,"Contribuições da Etnografia para os Estudos sobre Práticas Informacionais","BRAZILIAN JOURNAL OF INFORMATION SCIENCE",1981-1640,A4,,,2017-2020
"Antonio Wagner Chacon Silva",http://lattes.cnpq.br/9944781887088838,2022,"Percepções sobre o ensino remoto emergencial no contexto da disciplina Tecnologias da Informação I: um estudo de caso com discentes do Curso de Biblioteconomia da Universidade Federal do Ceará.","REVISTA EDICIC",2236-5753,B3,,,2017-2020
"Antonio Wagner Chacon Silva",http://lattes.cnpq.br/9944781887088838,2022,"PERCEPÇÕES SOBRE O ENSINO REMOTO EMERGENCIAL NO CONTEXTO DA DISCIPLINA TECNOLOGIAS DA INFORMAÇÃO I: UM ESTUDO DE CASO COM DISCENTES DO CURSO DE BIBLIOTECONOMIA DA UNIVERSIDADE FEDERAL DO CEARÁ","REVISTA EDICIC",2236-5753,B3,,,2017-2020
"Antonio Wagner Chacon Silva",http://lattes.cnpq.br/9944781887088838,2019,"ETNOGRAFIA COMO POSSIBILIDADE METODOLÓGICA PARA A CIÊNCIA DA INFORMMAÇÃO","BIBLIOS (LIMA)",1562-4730,A3,,,2017-2020
"Antonio Wagner Chacon Silva",http://lattes.cnpq.br/9944781887088838,2018,"Festival Concreto: grafite e mediação cultural em Fortaleza","INFORMAÇÃO EM PAUTA",2525-3468,A4,,,2017-2020
"Antonio Wagner Chacon Silva",http://lattes.cnpq.br/9944781887088838,2015,"Uma análise da Ciência da Informação brasileira no contexto da interdisciplinaridade","BIBLIONLINE (JOÃO PESSOA)",1809-4775,B1,,,2017-2020
"Antonio Wagner Chacon Silva",http://lattes.cnpq.br/9944781887088838,2015,"A COERÊNCIA ENTRE UMA METODOLOGIA DE ENSINO-APRENDIZAGEM INOVADORA E SUA METODOLOGIA AVALIATIVA: O CASO DA DISCIPLINA TECNOLOGIAS DA INFORMAÇÃO I","TENDÊNCIAS DA PESQUISA BRASILEIRA EM CIÊNCIA DA INFORMAÇÃO",1983-5116,B1,,,2017-2020
"Antonio Wagner Chacon Silva",http://lattes.cnpq.br/9944781887088838,1998,"Capitalismo, Globalização, Hegemonização Cultural: Poder Simbólico","REVISTA CIÊNCIAS ADMINISTRATIVAS (UNIFOR)",1414-0896,A3,,,2017-2020