nome,lattes_url,ano_publicacao,titulo_publicacao,periodico,issn,qualis,pontos,area,ano_base
"Cayley Guimaraes",http://lattes.cnpq.br/4257988336665091,2024,"Prospectando qualidades relacionais na educação em Design através da quilt-terapia","ARCOS (RIO DE JANEIRO) : DESIGN, CULTURA, MATERIAL E VISUALIDADE",1516-0874,B1,,,2017-2020
"Cayley Guimaraes",http://lattes.cnpq.br/4257988336665091,2023,"Development of a robotic orthosis for fingers flexion motion by surface myoelectric control: Open source prototype","BIOMEDICAL SIGNAL PROCESSING AND CONTROL",1746-8094,A1,,,2017-2020
"Cayley Guimaraes",http://lattes.cnpq.br/4257988336665091,2022,"Design Prospectivo: uma agenda de pesquisa para intervenção projetual em sistemas sociotécnicos.","ESTUDOS EM DESIGN (ONLINE)",1983-196X,A1,,,2017-2020
"Cayley Guimaraes",http://lattes.cnpq.br/4257988336665091,2022,"Prospective Design - a case for education transition","INTERNATIONAL JOURNAL OF DEVELOPMENT RESEARCH",2230-9926,C,,,2017-2020
"Cayley Guimaraes",http://lattes.cnpq.br/4257988336665091,2021,"Prospecting a systemic design space for pandemic responses","STRATEGIC DESIGN RESEARCH JOURNAL",1984-2988,A2,,,2017-2020
"Cayley Guimaraes",http://lattes.cnpq.br/4257988336665091,2021,"THE WORLD AS IT IS VERSUS HOW IT SHOULD BE: EPISTEMOLOGICAL DIFFERENCES AND CONVERGENCES BETWEEN SCIENCE AND DESIGN","INTERNATIONAL JOURNAL OF DEVELOPMENT RESEARCH",2230-9926,C,,,2017-2020
"Cayley Guimaraes",http://lattes.cnpq.br/4257988336665091,2019,"Libras para todos: um framework para a criação de Objetos de Aprendizagem","REVISTA DE EDUCAÇÃO, CIÊNCIA E CULTURA",2236-6377,A3,,,2017-2020
"Cayley Guimaraes",http://lattes.cnpq.br/4257988336665091,2018,"Comic Books: A Learning Tool for Meaningful Acquisition of Written Sign Language","JOURNAL OF EDUCATION AND LEARNING",1927-5250,A1,,,2017-2020
"Cayley Guimaraes",http://lattes.cnpq.br/4257988336665091,2018,"A EXPRESSAO FACIAL É PARTE INTEGRANTE DA LÍNGUA DE SINAIS - LIBRAS COMO L2","EDUCERE ET EDUCARE (IMPRESSO)",1809-5208,A4,,,2017-2020
"Cayley Guimaraes",http://lattes.cnpq.br/4257988336665091,2018,"Non-Manual Expression ?Sign Language as L2","INTERNATIONAL JOURNAL FOR INNOVATION EDUCATION AND RESEARCH",2411-2933,C,,,2017-2020
"Cayley Guimaraes",http://lattes.cnpq.br/4257988336665091,2018,"O Ensino e a aprendizagem de semiótica em um curso de design: uma instalação problematizando pessoas em situação de rua","DESIGN E TECNOLOGIA",2178-1974,A1,,,2017-2020
"Cayley Guimaraes",http://lattes.cnpq.br/4257988336665091,2017,"Creating Learning Objects in Libras and Written Portuguese","INTERNATIONAL JOURNAL FOR INNOVATION EDUCATION AND RESEARCH",2411-2933,C,,,2017-2020
"Cayley Guimaraes",http://lattes.cnpq.br/4257988336665091,2017,"Visual Strategies: Learning Objects to Teach Written Text Cohesion to the Deaf Using Sign Language as Scaffold","INTERNATIONAL JOURNAL FOR INNOVATION EDUCATION AND RESEARCH",2411-2933,C,,,2017-2020
"Cayley Guimaraes",http://lattes.cnpq.br/4257988336665091,2017,"Sign Language for all: a framework to inform the design of games to teach Deaf children and their non-Deaf mothers","INTERNATIONAL JOURNAL OF EDUCATION AND RESEARCH",2411-5681,A3,,,2017-2020
"Cayley Guimaraes",http://lattes.cnpq.br/4257988336665091,2017,"Design & Engenharia de Usabilidade: aplicação pratica na criação de um aplicativo","DESIGN E TECNOLOGIA",2178-1974,A1,,,2017-2020
"Cayley Guimaraes",http://lattes.cnpq.br/4257988336665091,2013,"Critical Incident Technique: A methodology to study information used by informatics companies","AFRICAN JOURNAL OF BUSINESS MANAGEMENT",1993-8233,C,,,2017-2020
"Cayley Guimaraes",http://lattes.cnpq.br/4257988336665091,2012,"Challenges of knowledge management and creation in communities of practice organisations of Deaf and non-Deaf members: requirements for a Web platform","BEHAVIOUR & INFORMATION TECHNOLOGY",0144-929X,A1,,,2017-2020
"Cayley Guimaraes",http://lattes.cnpq.br/4257988336665091,2012,"Hurtability: The lack of usability in products is hurting people ¿and why manufacturers must beheld accountable","AFRICAN JOURNAL OF BUSINESS MANAGEMENT",1993-8233,C,,,2017-2020
"Cayley Guimaraes",http://lattes.cnpq.br/4257988336665091,2010,"Sense-Making ? Por uma Construção do Aprendizado Tecnológico de Sistemas de Informação","II SENEPT",1983-1315,N,,,
"Cayley Guimaraes",http://lattes.cnpq.br/4257988336665091,2009,"Machucabilidade: a Falta de Usabilidade Pode Machucar o Usuário","E-XACTA (BELO HORIZONTE)",1984-3151,B3,,,2017-2020
"Cayley Guimaraes",http://lattes.cnpq.br/4257988336665091,2009,"Sistemas de Informação versus Usuários","E-XACTA (BELO HORIZONTE)",1984-3151,B3,,,2017-2020
"Cayley Guimaraes",http://lattes.cnpq.br/4257988336665091,2009,"Orkut: Motivos, Usos e Capital Social","E-XACTA (BELO HORIZONTE)",1984-3151,B3,,,2017-2020
"Cayley Guimaraes",http://lattes.cnpq.br/4257988336665091,2009,"Segurança em Redes Wireless","E-XACTA (BELO HORIZONTE)",1984-3151,B3,,,2017-2020
"Cayley Guimaraes",http://lattes.cnpq.br/4257988336665091,2009,"A Falta de Usabilidade Impede o Acesso à Informação e consequentemente a Cidadania.","E-XACTA (BELO HORIZONTE)",1984-3151,B3,,,2017-2020
"Cayley Guimaraes",http://lattes.cnpq.br/4257988336665091,2009,"Sistema de Informação e Cidadania: a Falta de Usabilidade Continua Impedindo o Pleno Exercício da Democracia?","E-XACTA (BELO HORIZONTE)",1984-3151,B3,,,2017-2020
"Cayley Guimaraes",http://lattes.cnpq.br/4257988336665091,2009,"Análise Semiótica da Representação Iconográfica de Elementos de Função de um Sistema Processador de Texto","E-XACTA (BELO HORIZONTE)",1984-3151,B3,,,2017-2020
"Cayley Guimaraes",http://lattes.cnpq.br/4257988336665091,2009,"Inteligência Competitiva e Sistemas de Informação para Gestão Estratégica: Uso da Informação pelo Comércio Local em Santa Luzia","E-XACTA (BELO HORIZONTE)",1984-3151,B3,,,2017-2020
"Cayley Guimaraes",http://lattes.cnpq.br/4257988336665091,2009,"Machucabilidade: a Falta de Usabilidade Pode Machucar o Usuário","E-XACTA (BELO HORIZONTE)",1984-3151,B3,,,2017-2020
"Cayley Guimaraes",http://lattes.cnpq.br/4257988336665091,2009,"Sistema de Informação e Cidadania: a Falta de Usabilidade Continua Impedindo o Pleno Exercício da Democracia?","E-XACTA (BELO HORIZONTE)",1984-3151,B3,,,2017-2020
"Cayley Guimaraes",http://lattes.cnpq.br/4257988336665091,2008,"Usabilidade no dia-a-dia - novo contexto de ensino de tecnologia de Interação Humano-Computador","SENEPT",1983-1315,N,,,
"Cayley Guimaraes",http://lattes.cnpq.br/4257988336665091,2008,"Gerando Icones para e-commerce","HÍFEN (URUGUAIANA. ONLINE)",1983-6511,N,,,