nome,lattes_url,ano_publicacao,titulo_publicacao,periodico,issn,qualis,pontos,area,ano_base
"Gabriela Belmont de Farias",http://lattes.cnpq.br/9393190768810116,2024,"Inteligência Artificial e Comunicação Científica","BRAZILIAN JOURNAL OF INFORMATION SCIENCE",1981-1640,A4,,,2017-2020
"Gabriela Belmont de Farias",http://lattes.cnpq.br/9393190768810116,2024,"Uso das mídias sociais em bibliotecas universitárias: análise da atuação, desafios e perspectivas bibliotecárias.","REVISTA BRASILEIRA DE BIBLIOTECONOMIA E DOCUMENTAÇÃO (ONLINE)",1980-6949,A3,,,2017-2020
"Gabriela Belmont de Farias",http://lattes.cnpq.br/9393190768810116,2023,"Grupo de Pesquisa Competência e Mediação em Ambientes de Informação: trajetória histórica e de pesquisa","REVISTA FOLHA DE ROSTO",2447-0120,B3,,,2017-2020
"Gabriela Belmont de Farias",http://lattes.cnpq.br/9393190768810116,2023,"Desafios para a implementação do repositório institucional do Instituto Federal do Maranhão","BIBLIOCANTO",2447-7842,B3,,,2017-2020
"Gabriela Belmont de Farias",http://lattes.cnpq.br/9393190768810116,2023,"Diálogos entre Competência em Informação e Educação Profissional e Tecnológica","BRAZILIAN JOURNAL OF INFORMATION SCIENCE",1981-1640,A4,,,2017-2020
"Gabriela Belmont de Farias",http://lattes.cnpq.br/9393190768810116,2023,"Análise da Produção do Conhecimento na Iniciação Científica na Área de Ciências Sociais Aplicadas: um estudo de caso da Universidade Federal do Ceará","CIÊNCIA DA INFORMAÇÃO (ONLINE)",1518-8353,A4,,,2017-2020
"Gabriela Belmont de Farias",http://lattes.cnpq.br/9393190768810116,2023,"Atuação dos Bibliotecários na Educação a Distância em Universidades Brasileiras.","BRAZILIAN JOURNAL OF INFORMATION SCIENCE",1981-1640,A4,,,2017-2020
"Gabriela Belmont de Farias",http://lattes.cnpq.br/9393190768810116,2023,"Gestão do Conhecimento e popularização da ciência: análise das relações entre os fluxos do processo de comunicação","TRANSINFORMACAO",2318-0889,A1,,,2017-2020
"Gabriela Belmont de Farias",http://lattes.cnpq.br/9393190768810116,2023,"Contribuição de Grupos de Pesquisa em Ciência da Informação para a Formação Acadêmica","BRAZILIAN JOURNAL OF INFORMATION SCIENCE",1981-1640,A4,,,2017-2020
"Gabriela Belmont de Farias",http://lattes.cnpq.br/9393190768810116,2022,"Percepção sobre o compartilhamento de conhecimento entre avaliadores sob a ótica dos editores científicos","REVISTA DIGITAL DE BIBLIOTECONOMIA E CIÊNCIA DA INFORMAÇÃO",1678-765X,A3,,,2017-2020
"Gabriela Belmont de Farias",http://lattes.cnpq.br/9393190768810116,2022,"Perspectivas em gestão da Informação e do conhecimento no contexto das bibliotecas.","REVISTA INFORMAÇÃO NA SOCIEDADE CONTEMPORÂNEA",2447-0198,B3,,,2017-2020
"Gabriela Belmont de Farias",http://lattes.cnpq.br/9393190768810116,2022,"Mapeamento de processos em biblioteca jurídica: perspectiva de melhoria na Gestão da Informação organizacional.","ATOZ: NOVAS PRÁTICAS EM INFORMAÇÃO E CONHECIMENTO",2237-826X,A4,,,2017-2020
"Gabriela Belmont de Farias",http://lattes.cnpq.br/9393190768810116,2022,"Contributos da aprendizagem significativa de David Ausubel para o desenvolvimento da Competência em Informação","PERSPECTIVAS EM CIÊNCIA DA INFORMAÇÃO (ON LINE)",1981-5344,A2,,,2017-2020
"Gabriela Belmont de Farias",http://lattes.cnpq.br/9393190768810116,2022,"Dimensões da competência em informação do Sistema de Bibliotecas da Rede Cuca","BIBLOS - REVISTA DO INSTITUTO DE CIÊNCIAS HUMANAS E DA INFOR",2236-7594,N,,,
"Gabriela Belmont de Farias",http://lattes.cnpq.br/9393190768810116,2022,"Competência em Informação: análise das ações empreendidas no contexto das bibliotecas escolares.","BIBLOS - REVISTA DO INSTITUTO DE CIÊNCIAS HUMANAS E DA INFOR",2236-7594,N,,,
"Gabriela Belmont de Farias",http://lattes.cnpq.br/9393190768810116,2022,"Análise das percepções de docentes e discentes da ciência da informação durante a pandemia covid-19","REVISTA IBERO-AMERICANA DE CIÊNCIA DA INFORMAÇÃO",1983-5213,B3,,,2017-2020
"Gabriela Belmont de Farias",http://lattes.cnpq.br/9393190768810116,2022,"Popularização científica e desinformação: reflexões a partir das percepções públicas da ciência","ENCONTROS BIBLI (UFSC)",1518-2924,A2,,,2017-2020
"Gabriela Belmont de Farias",http://lattes.cnpq.br/9393190768810116,2021,"20 anos de pesquisa sobre Information Literacy no Brasil: análise temática das teses e dissertações do Catálogo da CAPES.","REVISTA IBERO-AMERICANA DE CIÊNCIA DA INFORMAÇÃO",1983-5213,B3,,,2017-2020
"Gabriela Belmont de Farias",http://lattes.cnpq.br/9393190768810116,2021,"Grupo de Trabalho de Competência em Informação (CoInfo) da Federação Brasileira de Associações de Bibliotecários, Cientistas de Informação e Instituições (FEBAB): ações empreendidas e caminhos a trilhar.","REVISTA BRASILEIRA DE BIBLIOTECONOMIA E DOCUMENTAÇÃO (ONLINE)",1980-6949,A3,,,2017-2020
"Gabriela Belmont de Farias",http://lattes.cnpq.br/9393190768810116,2021,"Percepção dos bibliotecários sobre a aplicabilidade das cinco leis de Ranganathan ao contexto da gestão da informação","INFORMAÇÃO EM PAUTA",2525-3468,A4,,,2017-2020
"Gabriela Belmont de Farias",http://lattes.cnpq.br/9393190768810116,2021,"Profissionais da informação: atuação resiliente durante a pandemia de Covid-19","BRAZILIAN JOURNAL OF INFORMATION SCIENCE",1981-1640,A4,,,2017-2020
"Gabriela Belmont de Farias",http://lattes.cnpq.br/9393190768810116,2021,"Disseminação Seletiva da Informação: análise das características e fatores do sistema de recomendação do Youtube","REVISTA FOLHA DE ROSTO",2447-0120,B3,,,2017-2020
"Gabriela Belmont de Farias",http://lattes.cnpq.br/9393190768810116,2021,"MediaÃ§Ã£o da informaÃ§Ã£o no contexto da biblioteca universitÃ¡ria: evidÃªncias temÃ¡ticas","INCID: REVISTA DE DOCUMENTAÇÃO E CIÊNCIA DA INFORMAÇÃO",2178-2075,A3,,,2017-2020
"Gabriela Belmont de Farias",http://lattes.cnpq.br/9393190768810116,2021,"Análise dos indicadores temáticos da competência em informação na produção científica brasileira","REVISTA BRASILEIRA DE BIBLIOTECONOMIA E DOCUMENTAÇÃO (ONLINE)",1980-6949,A3,,,2017-2020
"Gabriela Belmont de Farias",http://lattes.cnpq.br/9393190768810116,2021,"PERCEPÇÃO DOS BIBLIOTECÁRIOS SOBRE A APLICABILIDADE DAS CINCO LEIS DE RANGANATHAN AO CONTEXTO DA GESTÃO DA INFORMAÇÃO","INFORMAÇÃO EM PAUTA",2525-3468,A4,,,2017-2020
"Gabriela Belmont de Farias",http://lattes.cnpq.br/9393190768810116,2020,"Informação científica e tecnológica: revisão de literatura acerca da comunicação e produção","CONVERGÊNCIAS EM CIÊNCIA DA INFORMAÇÃO",2595-4768,B3,,,2017-2020
"Gabriela Belmont de Farias",http://lattes.cnpq.br/9393190768810116,2020,"Empoderamento e protagonismo social na práxis bibliotecária","REVISTA BRASILEIRA DE BIBLIOTECONOMIA E DOCUMENTAÇÃO (ONLINE)",1980-6949,A3,,,2017-2020
"Gabriela Belmont de Farias",http://lattes.cnpq.br/9393190768810116,2020,"Gestão da informação científica e tecnológica: relações temáticas dos projetos de iniciação científica da Universidade Federal do Ceará","REVISTA IBERO-AMERICANA DE CIÊNCIA DA INFORMAÇÃO",1983-5213,B3,,,2017-2020
"Gabriela Belmont de Farias",http://lattes.cnpq.br/9393190768810116,2020,"Grupos de pesquisa em Ciência da Informação da região nordeste do Brasil: análise da produção, temáticas e disseminação da comunicação científica","INFORMAÇÃO & INFORMAÇÃO (ONLINE)",1981-8920,A2,,,2017-2020
"Gabriela Belmont de Farias",http://lattes.cnpq.br/9393190768810116,2020,"Biblioteca escolar inclusiva: Análise acerca do transtorno do espectro autista.","BRAZILIAN JOURNAL OF INFORMATION SCIENCE",1981-1640,A4,,,2017-2020
"Gabriela Belmont de Farias",http://lattes.cnpq.br/9393190768810116,2020,"Serendipidade no contexto da Ciência da Informação: perspectivas para os estudos com sujeitos informacionais","ENCONTROS BIBLI (UFSC)",1518-2924,A2,,,2017-2020
"Gabriela Belmont de Farias",http://lattes.cnpq.br/9393190768810116,2020,"Competência em informação em tempos de COVID-19: inovação e protagonismo no uso dos recursos informacionais","ATOZ: NOVAS PRÁTICAS EM INFORMAÇÃO E CONHECIMENTO",2237-826X,A4,,,2017-2020
"Gabriela Belmont de Farias",http://lattes.cnpq.br/9393190768810116,2020,"O bibliotecário na educação a distância e o método estruturalista","BIBLOS (RIO GRANDE)",0102-4388,B3,,,2017-2020
"Gabriela Belmont de Farias",http://lattes.cnpq.br/9393190768810116,2019,"Contribuição metodológica dos Estudos Métricos da Informação para a análise da interdisciplinaridade nas Ciências Ambientais.","BRAZILIAN JOURNAL OF INFORMATION SCIENCE",1981-1640,A4,,,2017-2020
"Gabriela Belmont de Farias",http://lattes.cnpq.br/9393190768810116,2018,"A contribuição dos SNBUs para o desenvolvimento da competência em informação: desafios e conquistas das bibliotecas e dos bibliotecários.","REVISTA BRASILEIRA DE BIBLIOTECONOMIA E DOCUMENTAÇÃO (ONLINE)",1980-6949,A3,,,2017-2020
"Gabriela Belmont de Farias",http://lattes.cnpq.br/9393190768810116,2018,"Relação mútua entre elementos da criatividade e competência em informação","INFORMAÇÃO & SOCIEDADE (UFPB. ONLINE)",1809-4783,A2,,,2017-2020
"Gabriela Belmont de Farias",http://lattes.cnpq.br/9393190768810116,2018,"Propuesta de aplicación del análisis de contenido en la construcción de un instrumento para recolección de los datos audiovisuales","DOCUMENTACION DE LAS CIENCIAS DE LA INFORMACION",0210-4210,A2,,,2017-2020
"Gabriela Belmont de Farias",http://lattes.cnpq.br/9393190768810116,2018,"Competências do bibliotecário: o exercício da mediação implícita e explícita na biblioteca universitária","REVISTA IBERO-AMERICANA DE CIÊNCIA DA INFORMAÇÃO",1983-5213,B3,,,2017-2020
"Gabriela Belmont de Farias",http://lattes.cnpq.br/9393190768810116,2018,"Grupo de Estudo ?Competência em informação - dimensões sociais da universidade?: espaço de aprendizagem e compartilhamento de conhecimento","REVISTA FOLHA DE ROSTO",2447-0120,B3,,,2017-2020
"Gabriela Belmont de Farias",http://lattes.cnpq.br/9393190768810116,2018,"Aprendizagem organizacional: desenvolvendo a competência em informação no ambiente universitário","REVISTA FOLHA DE ROSTO",2447-0120,B3,,,2017-2020
"Gabriela Belmont de Farias",http://lattes.cnpq.br/9393190768810116,2018,"Análise sobre as práticas da competência em informação nas bibliotecas universitárias","REVISTA FOLHA DE ROSTO",2447-0120,B3,,,2017-2020
"Gabriela Belmont de Farias",http://lattes.cnpq.br/9393190768810116,2018,"Competência em Informação: subsídio para o acesso e uso de documentos institucionais","REVISTA FOLHA DE ROSTO",2447-0120,B3,,,2017-2020
"Gabriela Belmont de Farias",http://lattes.cnpq.br/9393190768810116,2017,"Competência Informacional e Midiática no Ensino de Biblioteconomia: Apontamentos para o Contexto Brasileiro","RBBD. REVISTA BRASILEIRA DE BIBLIOTECONOMIA E DOCUMENTAÇÃO (ONLINE)",1980-6949,A3,,,2017-2020
"Gabriela Belmont de Farias",http://lattes.cnpq.br/9393190768810116,2017,"Mediação na Ciência da Informação: uma análise bibliométrica na coleção Benancib","REVISTA IBERO-AMERICANA DE CIÊNCIA DA INFORMAÇÃO",1983-5213,B3,,,2017-2020
"Gabriela Belmont de Farias",http://lattes.cnpq.br/9393190768810116,2017,"Bibliotecário help desk: percepção e desafios em relação à competência e mediação da informação","REVISTA IBERO-AMERICANA DE CIÊNCIA DA INFORMAÇÃO",1983-5213,B3,,,2017-2020
"Gabriela Belmont de Farias",http://lattes.cnpq.br/9393190768810116,2017,"Repositório Institucional: potencializando a visibilidade da produção científica do Centro de Humanidades da UFC","BIBLIOCANTO",2447-7842,B3,,,2017-2020
"Gabriela Belmont de Farias",http://lattes.cnpq.br/9393190768810116,2017,"Competência em Informação: perspectiva didática pedagógica","INFORMAÇÃO & INFORMAÇÃO (ONLINE)",1981-8920,A2,,,2017-2020
"Gabriela Belmont de Farias",http://lattes.cnpq.br/9393190768810116,2017,"Perfil sociocultural e acadêmico dos discentes do curso de biblioteconomia da universidade federal do Ceará.","REVISTA BRASILEIRA DE EDUCAÇÃO EM CIÊNCIA DA INFORMAÇÃO",2358-3193,B2,,,2017-2020
"Gabriela Belmont de Farias",http://lattes.cnpq.br/9393190768810116,2017,"Informação científica e tecnológica: análise das publicações periódicas da ciência da informação","REVISTA DIGITAL DE BIBLIOTECONOMIA E CIÊNCIA DA INFORMAÇÃO",1678-765X,A3,,,2017-2020
"Gabriela Belmont de Farias",http://lattes.cnpq.br/9393190768810116,2016,"Aplicação de mapas conceituais como ferramentas didático-pedagógicas na área de recursos e serviços de informação","BIBLIOS (LIMA)",1562-4730,A3,,,2017-2020
"Gabriela Belmont de Farias",http://lattes.cnpq.br/9393190768810116,2016,"Interrelações entre os padrões da ACRL e a unidade curricular de recursos e serviços de informação","PESQUISA BRASILEIRA EM CIÊNCIA DA INFORMAÇÃO E BIBLIOTECONOMIA",1981-0695,B1,,,2017-2020
"Gabriela Belmont de Farias",http://lattes.cnpq.br/9393190768810116,2016,"Fontes especializadas de informação: experimento didático com aplicação do Diagrama Belluzzo®","REVISTA BRASILEIRA DE EDUCAÇÃO EM CIÊNCIA DA INFORMAÇÃO",2358-3193,B2,,,2017-2020
"Gabriela Belmont de Farias",http://lattes.cnpq.br/9393190768810116,2016,"Estudo bibliométrico das publicações do GT6 ? ENANCIB: análise do termo competência","TENDÊNCIAS DA PESQUISA BRASILEIRA EM CIÊNCIA DA INFORMAÇÃO",1983-5116,B1,,,2017-2020
"Gabriela Belmont de Farias",http://lattes.cnpq.br/9393190768810116,2015,"Teorias de aprendizagem aplicavéis ao ensino de biblioteconomia","REVISTA BRASILEIRA DE EDUCAÇÃO EM CIÊNCIA DA INFORMAÇÃO",2358-3193,B2,,,2017-2020
"Gabriela Belmont de Farias",http://lattes.cnpq.br/9393190768810116,2013,"O uso da informação no setor turístico","MÚLTIPLOS OLHARES EM CIÊNCIA DA INFORMAÇÃO",2237-6658,B3,,,2017-2020
"Gabriela Belmont de Farias",http://lattes.cnpq.br/9393190768810116,2011,"Tendências de pesquisas no ensino de graduação do curso de biblioteconomia da UFC-2005/2010","REVISTA EDICIC",2236-5753,B3,,,2017-2020
"Gabriela Belmont de Farias",http://lattes.cnpq.br/9393190768810116,2011,"Aspectos da responsabilidade social na formação do bibliotecário","REVISTA EDICIC",2236-5753,B3,,,2017-2020
"Gabriela Belmont de Farias",http://lattes.cnpq.br/9393190768810116,2007,"A. Information literacy: uma análise nas bibliotecas escolares da rede privada em Natal / RN.","REVISTA DIGITAL DE BIBLIOTECONOMIA E CIÊNCIA DA INFORMAÇÃO",1678-765X,A3,,,2017-2020
"Gabriela Belmont de Farias",http://lattes.cnpq.br/9393190768810116,2007,"Informação para negócios e políticas de informação.","REVISTA ACB (FLORIANÓPOLIS)",1414-0594,A4,,,2017-2020