nome,lattes_url,ano_publicacao,titulo_publicacao,periodico,issn,qualis,pontos,area,ano_base
"Heliomar Cavati Sobrinho",http://lattes.cnpq.br/2825957670105564,2024,"Tesauro no domínio da comunicação científica: aplicação do modelo integrado de Cervantes","CONCI",2595-4768,B3,,,2017-2020
"Heliomar Cavati Sobrinho",http://lattes.cnpq.br/2825957670105564,2022,"Do desenvolvimento de coleções à formação de acervo afrocentrado: uma análise do sistema de bibliotecas universitárias da Universidade Federal do Ceará","MÚLTIPLOS OLHARES EM CIÊNCIA DA INFORMAÇÃO",2237-6658,B3,,,2017-2020
"Heliomar Cavati Sobrinho",http://lattes.cnpq.br/2825957670105564,2022,"Os paralelos na evolução dos suportes da Indústria Fonográfica e da Ciência da Informação","REVISTA FOLHA DE ROSTO",2447-0120,B3,,,2017-2020
"Heliomar Cavati Sobrinho",http://lattes.cnpq.br/2825957670105564,2021,"CONSTRUÇÃO DE UMA LINGUAGEM DOCUMENTÁRIA DAS MÚSICAS DA CULTURA NORDESTINA BRASILEIRA","INFORMAÇÃO@PROFISSÕES",2317-4390,B1,,,2017-2020
"Heliomar Cavati Sobrinho",http://lattes.cnpq.br/2825957670105564,2020,"TABLI: protótipo de aplicativo gamificado para a construção de tesauros","INFORMAÇÃO & INFORMAÇÃO (ONLINE)",1981-8920,A2,,,2017-2020
"Heliomar Cavati Sobrinho",http://lattes.cnpq.br/2825957670105564,2018,"Política de indexação: modelo de elaboração","PESQUISA BRASILEIRA EM CIÊNCIA DA INFORMAÇÃO E BIBLIOTECONOMIA",1981-0695,B1,,,2017-2020
"Heliomar Cavati Sobrinho",http://lattes.cnpq.br/2825957670105564,2018,"Definição de metadados e critérios de indexação para documentário em repositório audiovisual","REVISTA BRASILEIRA DE BIBLIOTECONOMIA E DOCUMENTAÇÃO (ONLINE)",1980-6949,A3,,,2017-2020
"Heliomar Cavati Sobrinho",http://lattes.cnpq.br/2825957670105564,2012,"A Linguagem, o Texto e o Documento  no contexto da Ciência da Informação","SCIRE (ZARAGOZA)",1135-3716,B1,,,2017-2020
"Heliomar Cavati Sobrinho",http://lattes.cnpq.br/2825957670105564,2005,"Informação Econômica no Sistema Estatístico Brasileiro","BAHIA ANÁLISE & DADOS",0103-8117,B3,,,2017-2020