nome,lattes_url,ano_publicacao,titulo_publicacao,periodico,issn,qualis,pontos,area,ano_base
"Jefferson Veras Nunes",http://lattes.cnpq.br/0644851336615059,2025,"Mediação algorítmica e a intervenção em fluxos informacionais","BIBLIONLINE (JOÃO PESSOA)",1809-4775,B1,,,2017-2020
"Jefferson Veras Nunes",http://lattes.cnpq.br/0644851336615059,2025,"Trajetória histórica do curso de Biblioteconomia da Universidade Federal do Ceará e suas alterações curriculares (1964?2024)","REVISTA BRASILEIRA DE BIBLIOTECONOMIA E DOCUMENTAÇÃO (ONLINE)",1980-6949,A3,,,2017-2020
"Jefferson Veras Nunes",http://lattes.cnpq.br/0644851336615059,2025,"O discurso midiático no contexto do caso Evandro: uma discussão a partir de Thompson, Bourdieu e Baudrillard","BIBLIONLINE (JOÃO PESSOA)",1809-4775,B1,,,2017-2020
"Jefferson Veras Nunes",http://lattes.cnpq.br/0644851336615059,2025,"Documentação popular na preservação da memória do cotidiano: o caso do ?Centro popular de documentação do Pirambu?","INCLUSÃO SOCIAL (ONLINE)",1808-8678,A3,,,2017-2020
"Jefferson Veras Nunes",http://lattes.cnpq.br/0644851336615059,2024,"Contribuições da Etnografia para os Estudos sobre Práticas Informacionais: uma revisão sistemática de literatura","BRAZILIAN JOURNAL OF INFORMATION SCIENCE",1981-1640,A4,,,2017-2020
"Jefferson Veras Nunes",http://lattes.cnpq.br/0644851336615059,2024,"Uma Análise sobre os usos do conceito de memória na Ciência da Informação brasileira","INFORMAÇÃO & SOCIEDADE (UFPB. ONLINE)",1809-4783,A2,,,2017-2020
"Jefferson Veras Nunes",http://lattes.cnpq.br/0644851336615059,2024,"Uma revisão sobre curadoria de exposições","INCID: REVISTA DE DOCUMENTAÇÃO E CIÊNCIA DA INFORMAÇÃO",2178-2075,A3,,,2017-2020
"Jefferson Veras Nunes",http://lattes.cnpq.br/0644851336615059,2023,"Cultura digital na BNCC: necessidade da Competência em Informação para o Processo Formativo do Professor","BRAZILIAN JOURNAL OF INFORMATION SCIENCE",1981-1640,A4,,,2017-2020
"Jefferson Veras Nunes",http://lattes.cnpq.br/0644851336615059,2023,"Panorama das pesquisas brasileiras da área de Ciência da Informação sobre revisão por pares aberta","ATOZ: NOVAS PRÁTICAS EM INFORMAÇÃO E CONHECIMENTO",2237-826X,A4,,,2017-2020
"Jefferson Veras Nunes",http://lattes.cnpq.br/0644851336615059,2023,"Os paralelos na evolução dos suportes da Indústria Fonográfica e da Ciência da Informação","REVISTA FOLHA DE ROSTO",2447-0120,B3,,,2017-2020
"Jefferson Veras Nunes",http://lattes.cnpq.br/0644851336615059,2023,"Fake News e Covid-19 no Brasil: estudo de revisão sistemática de literatura 2020-2022","ECCOM - EDUCAÇÃO, CULTURA E COMUNICAÇÃO",2177-5087,B1,,,2017-2020
"Jefferson Veras Nunes",http://lattes.cnpq.br/0644851336615059,2023,"A contribuição da linguagem documentária na representação da informação arquivística","BIBLIONLINE (JOÃO PESSOA)",1809-4775,B1,,,2017-2020
"Jefferson Veras Nunes",http://lattes.cnpq.br/0644851336615059,2023,"Escola de Artes e Ofícios Thomaz Pompeu Sobrinho","REVISTA BRASILEIRA DE EDUCAÇÃO EM CIÊNCIA DA INFORMAÇÃO",2358-3193,B2,,,2017-2020
"Jefferson Veras Nunes",http://lattes.cnpq.br/0644851336615059,2022,"Preservação cultural de Fortaleza-CE: uma análise sobre educação patrimonial","REVISTA BRASILEIRA DE BIBLIOTECONOMIA E DOCUMENTAÇÃO (ONLINE)",1980-6949,A3,,,2017-2020
"Jefferson Veras Nunes",http://lattes.cnpq.br/0644851336615059,2022,"Ciência da Informação e o índivíduo privado de liberdade","REVISTA FOLHA DE ROSTO",2447-0120,B3,,,2017-2020
"Jefferson Veras Nunes",http://lattes.cnpq.br/0644851336615059,2022,"Percepções sobre o Ensino Remoto Emergencial no contexto da disciplina Tecnologias da Informação I: um estudo de caso com discentes do curso de Biblioteconomia da Universidade Federal do Ceará","REVISTA EDICIC",2236-5753,B3,,,2017-2020
"Jefferson Veras Nunes",http://lattes.cnpq.br/0644851336615059,2022,"Redes sociais e desinformação: a pandemia de Covid-19 no contexto brasileiro","REVISTA EDICIC",2236-5753,B3,,,2017-2020
"Jefferson Veras Nunes",http://lattes.cnpq.br/0644851336615059,2022,"A contribuição da Teoria Crítica para a compreensão do fenômeno das bolhas de desinformação","REVISTA EDICIC",2236-5753,B3,,,2017-2020
"Jefferson Veras Nunes",http://lattes.cnpq.br/0644851336615059,2022,"As dedicatórias manuscritas na coleção bibliográfica de Ciccilo Matarazzo: um estudo de caso na Biblioteca de Acervos Especial da Universidade de Fortaleza","PONTODEACESSO (UFBA)",1981-6766,B1,,,2017-2020
"Jefferson Veras Nunes",http://lattes.cnpq.br/0644851336615059,2022,"Popularização científica e desinformação: reflexões a partir das percepções públicas da ciência","ENCONTROS BIBLI (UFSC)",1518-2924,A2,,,2017-2020
"Jefferson Veras Nunes",http://lattes.cnpq.br/0644851336615059,2021,"T. D. WILSON E SUA CONTRIBUIÇÃO À CIÊNCIA DA INFORMAÇÃO: ANÁLISE SOBRE O CONCEITO DE COMPORTAMENTO INFORMACIONALcional.","PONTODEACESSO (UFBA)",1981-6766,B1,,,2017-2020
"Jefferson Veras Nunes",http://lattes.cnpq.br/0644851336615059,2021,"Percepções sobre a narrativa na comunicação científica jurídica: análise da base de dados do Conselho Nacional de Pesquisa e Pós-Graduação em Direito","REVISTA BRASILEIRA DE BIBLIOTECONOMIA E DOCUMENTAÇÃO (ONLINE)",1980-6949,A3,,,2017-2020
"Jefferson Veras Nunes",http://lattes.cnpq.br/0644851336615059,2021,"As políticas culturais durante a ditadura militar no tocante à Biblioteca Pública Estadual do Ceará (BECE)","REVISTA BRASILEIRA DE BIBLIOTECONOMIA E DOCUMENTAÇÃO (ONLINE)",1980-6949,A3,,,2017-2020
"Jefferson Veras Nunes",http://lattes.cnpq.br/0644851336615059,2020,"As competências do bibliotecário de referência frente ao paradigma pós-custodial","REVISTA IBERO-AMERICANA DE CIÊNCIA DA INFORMAÇÃO",1983-5213,B3,,,2017-2020
"Jefferson Veras Nunes",http://lattes.cnpq.br/0644851336615059,2020,"Do conceito de informação ao discurso sobre competência em informação","INCID: REVISTA DE DOCUMENTAÇÃO E CIÊNCIA DA INFORMAÇÃO",2178-2075,A3,,,2017-2020
"Jefferson Veras Nunes",http://lattes.cnpq.br/0644851336615059,2020,"Contribuições do Modelo de Carol Kuhlthau para a pesquisa sobre Comportamento Informacional e Competência em Informação no Brasil","ENCONTROS BIBLI (UFSC)",1518-2924,A2,,,2017-2020
"Jefferson Veras Nunes",http://lattes.cnpq.br/0644851336615059,2019,"Usuários no contexto digital: uma análise na rede social Facebook","REVISTA FOLHA DE ROSTO",2447-0120,B3,,,2017-2020
"Jefferson Veras Nunes",http://lattes.cnpq.br/0644851336615059,2019,"La etnografía como posibilidad metodológica para la Ciencia de la Información","BIBLIOS (LIMA)",1562-4730,A3,,,2017-2020
"Jefferson Veras Nunes",http://lattes.cnpq.br/0644851336615059,2018,"Ética profissional, deontologia e sindicalismo na Biblioteconomia brasileira: múltiplas perspectivas históricas de atuação","REVISTA DIGITAL DE BIBLIOTECONOMIA E CIÊNCIA DA INFORMAÇÃO",1678-765X,A3,,,2017-2020
"Jefferson Veras Nunes",http://lattes.cnpq.br/0644851336615059,2018,"Representações da cibercultura em Blade Runner","ECCOM - EDUCAÇÃO, CULTURA E COMUNICAÇÃO",2177-5087,B1,,,2017-2020
"Jefferson Veras Nunes",http://lattes.cnpq.br/0644851336615059,2018,"Aprendizagem móvel, competência em informação e mediação: interlocução sob a ótica do paradigma social da Ciência da Informação","ENCONTROS BIBLI (UFSC)",1518-2924,A2,,,2017-2020
"Jefferson Veras Nunes",http://lattes.cnpq.br/0644851336615059,2018,"Informação e memória: aproximações teóricas e conceituais","ENCONTROS BIBLI (UFSC)",1518-2924,A2,,,2017-2020
"Jefferson Veras Nunes",http://lattes.cnpq.br/0644851336615059,2018,"Documento e informação audiovisual: bases conceituais numa perspectiva neodocumentalista","EM QUESTÃO",1808-5245,A2,,,2017-2020
"Jefferson Veras Nunes",http://lattes.cnpq.br/0644851336615059,2018,"O conceito de mediação na Ciência da Informação brasileira: uma análise a partir da BRAPCI","BRAZILIAN JOURNAL OF INFORMATION SCIENCE",1981-1640,A4,,,2017-2020
"Jefferson Veras Nunes",http://lattes.cnpq.br/0644851336615059,2018,"Dos estudos de usuários à noção de práticas informacionais: contribuições da Teoria da Prática","INCID: REVISTA DE DOCUMENTAÇÃO E CIÊNCIA DA INFORMAÇÃO",2178-2075,A3,,,2017-2020
"Jefferson Veras Nunes",http://lattes.cnpq.br/0644851336615059,2018,"A contribuição dos estudos de usuários para a mediação da informação: um olhar sobre os modelos de Dervin, Savolainen e Wilson","INFORMAÇÃO & INFORMAÇÃO (ONLINE)",1981-8920,A2,,,2017-2020
"Jefferson Veras Nunes",http://lattes.cnpq.br/0644851336615059,2018,"Tipopgrafia para além da relação instrumental: a mediação cultural manifesta pelo caderno especial 'Planeta Seca'","INFORMAÇÃO & SOCIEDADE (UFPB. ONLINE)",1809-4783,A2,,,2017-2020
"Jefferson Veras Nunes",http://lattes.cnpq.br/0644851336615059,2018,"Festival Concreto: grafite e mediação cultural em Fortaleza","INFORMAÇÃO EM PAUTA",2525-3468,A4,,,2017-2020
"Jefferson Veras Nunes",http://lattes.cnpq.br/0644851336615059,2018,"O uso de documentários como ferramenta didática no ensino de Biblioteconomia","REVISTA BRASILEIRA DE EDUCAÇÃO EM CIÊNCIA DA INFORMAÇÃO",2358-3193,B2,,,2017-2020
"Jefferson Veras Nunes",http://lattes.cnpq.br/0644851336615059,2017,"Homenagem ao Professor Rafael Capurro","INFORMAÇÃO EM PAUTA",2525-3468,A4,,,2017-2020
"Jefferson Veras Nunes",http://lattes.cnpq.br/0644851336615059,2017,"Entre o objeto e o sujeito: composição, diálogo e confluência na recuperação da informação em arquivos","INFORMAÇÃO EM PAUTA",2525-3468,A4,,,2017-2020
"Jefferson Veras Nunes",http://lattes.cnpq.br/0644851336615059,2017,"Jogos eletrônicos e ludoletramento: concepções sobre um modelo de serviço de informação para bibliotecas escolares","REVISTA FOLHA DE ROSTO",2447-0120,B3,,,2017-2020
"Jefferson Veras Nunes",http://lattes.cnpq.br/0644851336615059,2017,"Por uma epistéme mediacional na Ciência da Informação","TENDÊNCIAS DA PESQUISA BRASILEIRA EM CIÊNCIA DA INFORMAÇÃO",1983-5116,B1,,,2017-2020
"Jefferson Veras Nunes",http://lattes.cnpq.br/0644851336615059,2016,"História e epistemologia da Ciência da Informação: abordagem social em foco","REVISTA INTERAMERICANA DE BIBLIOTECOLOGIA",0120-0976,A2,,,2017-2020
"Jefferson Veras Nunes",http://lattes.cnpq.br/0644851336615059,2015,"A coerência entre uma metodologia de ensino-aprendizagem inovadora e sua metodologia avaliativa: o caso da disciplina Tecnologias da Informação I","TENDÊNCIAS DA PESQUISA BRASILEIRA EM CIÊNCIA DA INFORMAÇÃO",2177-3688,N,,,
"Jefferson Veras Nunes",http://lattes.cnpq.br/0644851336615059,2015,"Uma análise da Ciência da Informação brasileira no contexto da interdisciplinaridade","BIBLIONLINE (JOÃO PESSOA)",1809-4775,B1,,,2017-2020
"Jefferson Veras Nunes",http://lattes.cnpq.br/0644851336615059,2012,"O perfil do bibliotecário das faculdades particulares de Fortaleza","MÚLTIPLOS OLHARES EM CIÊNCIA DA INFORMAÇÃO",2237-6658,B3,,,2017-2020
"Jefferson Veras Nunes",http://lattes.cnpq.br/0644851336615059,2012,"Relações entre a Teoria Matemática da Comunicação e a Ciência da Informação","MÚLTIPLOS OLHARES EM CIÊNCIA DA INFORMAÇÃO",2237-6658,B3,,,2017-2020
"Jefferson Veras Nunes",http://lattes.cnpq.br/0644851336615059,2011,"O acesso à informação: inclusão digital do público usuário das bibliotecas públicas de Fortaleza/CE ? Brasil","REVISTA EDICIC",2236-5753,B3,,,2017-2020
"Jefferson Veras Nunes",http://lattes.cnpq.br/0644851336615059,2011,"O papel educativo da biblioteca e do bibliotecário: um estudo sobre a biblioteca Rachel de Queiroz em Fortaleza-CE","REVISTA EDICIC",2236-5753,B3,,,2017-2020