nome,lattes_url,ano_publicacao,titulo_publicacao,periodico,issn,qualis,pontos,area,ano_base
"Jonathas Luiz Carvalho Silva",http://lattes.cnpq.br/2376636144965734,2025,"Abordagens sobre mediação da informação: proposta de novas dimensões na perspectiva do desenvolvimento sustentável","INCID: REVISTA DE DOCUMENTAÇÃO E CIÊNCIA DA INFORMAÇÃO",2178-2075,A3,,,2017-2020
"Jonathas Luiz Carvalho Silva",http://lattes.cnpq.br/2376636144965734,2024,"Uma abordagem sobre os fundamentos da extensÃ£o universitÃ¡ria: HistÃ³rico-conceitual, polÃ­tica pÃºblica, inclusÃ£o e interdisciplinaridade","REVISTA BRASILEIRA DE EXTENSÃO UNIVERSITÁRIA",2358-0399,A3,,,2017-2020
"Jonathas Luiz Carvalho Silva",http://lattes.cnpq.br/2376636144965734,2024,"Produção sobre pós-verdade na Ciência da Informação: estudo realizado na BRAPCI","INFORMAÇÃO & INFORMAÇÃO (ONLINE)",1981-8920,A2,,,2017-2020
"Jonathas Luiz Carvalho Silva",http://lattes.cnpq.br/2376636144965734,2024,"PERSPECTIVAS DE APLICABILIDADES DA EXTENSÃO UNIVERSITÁRIA POR MEIO DAS PRÁTICAS BIBLIOTECONÔMICO-INFORMACIONAIS","INFORMAÇÃO EM PAUTA",2525-3468,A4,,,2017-2020
"Jonathas Luiz Carvalho Silva",http://lattes.cnpq.br/2376636144965734,2024,"Um estudo sobre a atividade de curricularização da Extensão Universitária nas universidades federais brasileiras","REVISTA ELO - DIÁLOGOS EM EXTENSÃO",2317-5451,B1,,,2017-2020
"Jonathas Luiz Carvalho Silva",http://lattes.cnpq.br/2376636144965734,2024,"A produção de conhecimentos dos docentes sobre gênero: estudo no Departamento de Ciências da Informação da UniversidadeFederal do Ceará e no Curso de Biblioteconomia da Universidade Federal do Cariri","CIÊNCIA DA INFORMAÇÃO EM REVISTA",2358-0763,B1,,,2017-2020
"Jonathas Luiz Carvalho Silva",http://lattes.cnpq.br/2376636144965734,2023,"Perspectivas de relações entre Biblioteconomia e Pedagogia: um olhar no contexto das políticas públicas de informação e educação","INCID: REVISTA DE DOCUMENTAÇÃO E CIÊNCIA DA INFORMAÇÃO",2178-2075,A3,,,2017-2020
"Jonathas Luiz Carvalho Silva",http://lattes.cnpq.br/2376636144965734,2023,"A PRODUÇÃO SOBRE DESINFORMAÇÃO NA CIÊNCIA DA INFORMAÇÃO: ESTUDO REALIZADO NA BRAPCI","REVISTA ACB (FLORIANÓPOLIS)",1414-0594,A4,,,2017-2020
"Jonathas Luiz Carvalho Silva",http://lattes.cnpq.br/2376636144965734,2022,"A informação no contexto das redes sociais digitais a competência em informação e digital como estratégia de combate à desinformação","INFORMAÇÃO EM PAUTA",2525-3468,A4,,,2017-2020
"Jonathas Luiz Carvalho Silva",http://lattes.cnpq.br/2376636144965734,2021,"O serviço de referência no contexto das bibliotecas universitárias federais do nordeste brasileiro","REVISTA BRASILEIRA DE BIBLIOTECONOMIA E DOCUMENTAÇÃO (ONLINE)",1980-6949,A3,,,2017-2020
"Jonathas Luiz Carvalho Silva",http://lattes.cnpq.br/2376636144965734,2021,"MEDIAÇÃO NO CONTEXTO DA BIBLIOTECA ESCOLAR: um estudo realizado em colégios particulares de Crato e Juazeiro do Norte na região do Cariri cearense","REVISTA ANALISANDO EM CIÊNCIA DA INFORMAÇÃO",2317-9708,B3,,,2017-2020
"Jonathas Luiz Carvalho Silva",http://lattes.cnpq.br/2376636144965734,2021,"Práticas mediacionais do projeto Leitura","REVISTA INFORMAÇÃO NA SOCIEDADE CONTEPORÂNEA",2447-0198,B3,,,2017-2020
"Jonathas Luiz Carvalho Silva",http://lattes.cnpq.br/2376636144965734,2021,"Extensão universitária como prática de mediação: o projeto Nas Entrelinhas da Arte na interação entre a Universidade Federal do Cariri e a Escola de Ensino Médio José Bezerra de Menezes em Juazeiro do Norte","REVISTA ACB (FLORIANÓPOLIS)",1414-0594,A4,,,2017-2020
"Jonathas Luiz Carvalho Silva",http://lattes.cnpq.br/2376636144965734,2021,"Abordagens conceituais e relacionais entre extensão universitária e mediação da informação","INCID: REVISTA DE DOCUMENTAÇÃO E CIÊNCIA DA INFORMAÇÃO",2178-2075,A3,,,2017-2020
"Jonathas Luiz Carvalho Silva",http://lattes.cnpq.br/2376636144965734,2021,"Epistemologia e Gênero: um estudo das publicações no grupo de trabalho 1 do ENANCIB","INFORMAÇÃO & INFORMAÇÃO (ONLINE)",1981-8920,A2,,,2017-2020
"Jonathas Luiz Carvalho Silva",http://lattes.cnpq.br/2376636144965734,2020,"PROPOSTA DE PROGRAMA DE MEDIAÇÃO TÉCNICA DA INFORMAÇÃO PARA O SISTEMA DE BIBLIOTECAS DA UNIVERSIDADE FEDERAL DO CEARÁ","REVIU. REVISTA INFORMAÇÃO & UNIVERSIDADE",2175-2850,B3,,,2017-2020
"Jonathas Luiz Carvalho Silva",http://lattes.cnpq.br/2376636144965734,2020,"Relações entre Mediação e Organização da Informação: estudo aplicado no Sistema de Bibliotecas da Universidade Federal do Ceará","INFORMAÇÃO & INFORMAÇÃO (ONLINE)",1981-8920,A2,,,2017-2020
"Jonathas Luiz Carvalho Silva",http://lattes.cnpq.br/2376636144965734,2020,"AS CONTRIBUIÇÕES DA GESTÃO DO CONHECIMENTO NOS PROCESSOS DE MEDIAÇÃO DA INFORMAÇÃO NO CONTEXTO DAS BIBLIOTECAS TÉCNICO-ACADÊMICAS","PERSPECTIVAS EM GESTÃO & CONHECIMENTO",2236-417X,A4,,,2017-2020
"Jonathas Luiz Carvalho Silva",http://lattes.cnpq.br/2376636144965734,2019,"Jogos cooperativos e mediação da leitura: por que não na biblioteca pública?","PERSPECTIVAS EM CIÊNCIA DA INFORMAÇÃO (ON LINE)",1981-5344,A2,,,2017-2020
"Jonathas Luiz Carvalho Silva",http://lattes.cnpq.br/2376636144965734,2019,"Políticas públicas para bibliotecas escolares: análise na Secretaria Municipal de Educação de Juazeiro do Norte-CE","INFORMAÇÃO@PROFISSÕES",2317-4390,B1,,,2017-2020
"Jonathas Luiz Carvalho Silva",http://lattes.cnpq.br/2376636144965734,2019,"Lei de universalização das bibliotecas escolares (12.244/10): concepções, aplicações e proposição de política pública","REVISTA INFORMAÇÃO EM CULTURA - RIC",2674-6549,B2,,,2017-2020
"Jonathas Luiz Carvalho Silva",http://lattes.cnpq.br/2376636144965734,2018,"Perspectivas de atuação das bibliotecas prisionais e as contribuições para a Agenda 2030 da Organização das Nações Unidas","REVISTA BRASILEIRA DE BIBLIOTECONOMIA E DOCUMENTAÇÃO (ONLINE)",1980-6949,A3,,,2017-2020
"Jonathas Luiz Carvalho Silva",http://lattes.cnpq.br/2376636144965734,2018,"Análise sobre políticas de informação: perspectivas do regime de informação no âmbito da inclusão digital ante os Livros Verde e Branco","CIÊNCIA DA INFORMAÇÃO (IMPRESSO)",0100-1965,A4,,,2017-2020
"Jonathas Luiz Carvalho Silva",http://lattes.cnpq.br/2376636144965734,2018,"Múltiplas relações entre Arquivologia, Biblioteconomia, Museologia e Ciência da Informação","CONVERGÊNCIAS EM CIÊNCIA DA INFORMAÇÃO",2595-4768,B3,,,2017-2020
"Jonathas Luiz Carvalho Silva",http://lattes.cnpq.br/2376636144965734,2018,"Pós-verdade e informação: múltiplas concepções e configurações","TENDÊNCIAS DA PESQUISA BRASILEIRA EM CIÊNCIA DA INFORMAÇÃO",1983-5116,B1,,,2017-2020
"Jonathas Luiz Carvalho Silva",http://lattes.cnpq.br/2376636144965734,2017,"Informação e valor: inter-relações conceituais e a formação das tipologias valorativas da informação","TRANSINFORMACAO",0103-3786,A1,,,2017-2020
"Jonathas Luiz Carvalho Silva",http://lattes.cnpq.br/2376636144965734,2017,"Mediação da informação em biblioteca escolar: um estudo realizado na biblioteca Madre Paula do Colégio Santa Teresa de Jesus","REVISTA BRASILEIRA DE BIBLIOTECONOMIA E DOCUMENTAÇÃO (ONLINE)",1980-6949,A3,,,2017-2020
"Jonathas Luiz Carvalho Silva",http://lattes.cnpq.br/2376636144965734,2017,"O Uso da Rede Social Como Prática de Informação: um estudo no grupo ?Mulher, me Ajuda Aqui? do Facebook","REVISTA FOLHA DE ROSTO",2447-0120,B3,,,2017-2020
"Jonathas Luiz Carvalho Silva",http://lattes.cnpq.br/2376636144965734,2017,"Abordagens conceituais e aplicativas da mediaÃ§Ã£o nos serviÃ§os de informaÃ§Ã£o","INCID: REVISTA DE DOCUMENTAÇÃO E CIÊNCIA DA INFORMAÇÃO",2178-2075,A3,,,2017-2020
"Jonathas Luiz Carvalho Silva",http://lattes.cnpq.br/2376636144965734,2017,"Interfaces com a Ciência da Informação: relato do colóquio interdisciplinar do GT1 do XVIII ENANCIB","PESQUISA BRASILEIRA EM CIÊNCIA DA INFORMAÇÃO E BIBLIOTECONOMIA",1981-0695,B1,,,2017-2020
"Jonathas Luiz Carvalho Silva",http://lattes.cnpq.br/2376636144965734,2017,"As interfaces entre a Biblioteconomia e a Ciência da Informação","PESQUISA BRASILEIRA EM CIÊNCIA DA INFORMAÇÃO E BIBLIOTECONOMIA",1981-0695,B1,,,2017-2020
"Jonathas Luiz Carvalho Silva",http://lattes.cnpq.br/2376636144965734,2016,"A teoria matemática da comunicação na Ciência da Informação: propondo uma nova relação entre sujeitos da informação","PESQUISA BRASILEIRA EM CIÊNCIA DA INFORMAÇÃO E BIBLIOTECONOMIA",1981-0695,B1,,,2017-2020
"Jonathas Luiz Carvalho Silva",http://lattes.cnpq.br/2376636144965734,2016,"Trajetórias e contribuições de Harold Borko para a Ciência da Informação no âmbito do artigo 'Information Science: what is it?'","REVISTA CONHECIMENTO EM AÇÃO",2330-4040,N,,,
"Jonathas Luiz Carvalho Silva",http://lattes.cnpq.br/2376636144965734,2016,"Dos Caminhos e Descaminhos da Biblioteca Escolar: reflexões e perspectivas de atuação no âmbito da mediação da leitura e formação de leitores","FOLHA DE ROSTO",2447-0120,B3,,,2017-2020
"Jonathas Luiz Carvalho Silva",http://lattes.cnpq.br/2376636144965734,2016,"Informação e ideologia: diálogos filosóficos no âmbito do proselitismo informacional","LOGEION: FILOSOFIA DA INFORMAÇÃO",2358-7806,A4,,,2017-2020
"Jonathas Luiz Carvalho Silva",http://lattes.cnpq.br/2376636144965734,2015,"POLÍTICAS PÚBLICAS DE INFORMAÇÃO NO CONTEXTO DA INCLUSÃO E GESTÃO DA INFORMAÇÃO: UMA ANÁLISE SOBRE AS POLÍTICAS PÚBLICAS  DA SECRETARIA MUNICIPAL DE EDUCAÇÃO DE JUAZEIRO DO NORTE ? CE","REVISTA DIGITAL DE BIBLIOTECONOMIA E CIÊNCIA DA INFORMAÇÃO",1678-765X,A3,,,2017-2020
"Jonathas Luiz Carvalho Silva",http://lattes.cnpq.br/2376636144965734,2015,"CONCEITOS DE INFORMAÇÃO NA CIÊNCIA DA INFORMAÇÃO: percepções analíticas, proposições e categorizações","INFORMAÇÃO & SOCIEDADE (UFPB. ONLINE)",1809-4783,A2,,,2017-2020
"Jonathas Luiz Carvalho Silva",http://lattes.cnpq.br/2376636144965734,2015,"Mediação no campo da Ciência da Informação","FOLHA DE ROSTO",2447-0120,B3,,,2017-2020
"Jonathas Luiz Carvalho Silva",http://lattes.cnpq.br/2376636144965734,2015,"Trajetória Docente na Biblioteconomia da UFC-Cariri/UFCA: de 2007 a 2015","REVISTA FOLHA DE ROSTO",2447-0120,B3,,,2017-2020
"Jonathas Luiz Carvalho Silva",http://lattes.cnpq.br/2376636144965734,2015,"Percepções conceituais sobre mediação da informação","INCID: REVISTA DE DOCUMENTAÇÃO E CIÊNCIA DA INFORMAÇÃO",2178-2075,A3,,,2017-2020
"Jonathas Luiz Carvalho Silva",http://lattes.cnpq.br/2376636144965734,2014,"Serviço de informação utilitária em bibliotecas universitárias","REVISTA ACB (FLORIANÓPOLIS)",1414-0594,A4,,,2017-2020
"Jonathas Luiz Carvalho Silva",http://lattes.cnpq.br/2376636144965734,2014,"ENTRE O LETRAMENTO INFORMACIONAL E O SERVIÇO DE INFORMAÇÃO UTILITÁRIA: UMA ANÁLISE A PARTIR DOS PROGRAMAS E PROJETOS EDUCACIONAIS DA SECRETARIA MUNICIPAL DE EDUCAÇÃO DE JUAZEIRO DO NORTE - CE","PERSPECTIVAS EM GESTÃO & CONHECIMENTO",2236-417X,A4,,,2017-2020
"Jonathas Luiz Carvalho Silva",http://lattes.cnpq.br/2376636144965734,2014,"Uma reflexão sobre políticas públicas: fundamentos de origem e percepções conceituais","INTERFACE",2237-7506,B2,,,2017-2020
"Jonathas Luiz Carvalho Silva",http://lattes.cnpq.br/2376636144965734,2013,"Das concepções disciplinares na Ciência da Informação e/ou de suas configurações epistemológicas: o desiderato percepcionado da interdisciplinaridade","INVESTIGACIÓN BIBLIOTECOLÓGICA",0187-358X,A3,,,2017-2020
"Jonathas Luiz Carvalho Silva",http://lattes.cnpq.br/2376636144965734,2013,"Normatividade, tecnicidade e/ou cientificidade da Biblioteconomia","TRANSINFORMAÇÃO",0103-3786,A1,,,2017-2020
"Jonathas Luiz Carvalho Silva",http://lattes.cnpq.br/2376636144965734,2013,"A informação em devir(es):uma reflexão filosófica no contexto da(s) disciplinaridade(s)","DATAGRAMAZERO (RIO DE JANEIRO)",1517-3801,N,,,
"Jonathas Luiz Carvalho Silva",http://lattes.cnpq.br/2376636144965734,2013,"A(S) DISCIPLINARIDADE(S) DA CIÊNCIA DA INFORMAÇÃO: APLICAÇÃO DAS LEIS DA DIALÉTICA MARXISTA NO CONTEXTO PLURI, INTER E TRANSDISCIPLINAR","REVISTA DIGITAL DE BIBLIOTECONOMIA E CIÊNCIA DA INFORMAÇÃO",1678-765X,A3,,,2017-2020
"Jonathas Luiz Carvalho Silva",http://lattes.cnpq.br/2376636144965734,2013,"Reflexões teóricas sobre a construção paradigmática da Ciência da Informação: considerações acerca do(s) paradigma(s) cognitivo(s) e social","BIBLIOS (LIMA)",1562-4730,A3,,,2017-2020
"Jonathas Luiz Carvalho Silva",http://lattes.cnpq.br/2376636144965734,2013,"Reflexões sobre usuários e não-usuários de bibliotecas: limitações e perspectivas","PONTODEACESSO (UFBA)",1981-6766,B1,,,2017-2020
"Jonathas Luiz Carvalho Silva",http://lattes.cnpq.br/2376636144965734,2013,"A importância da mediação para a construção de uma autonomia no contexto dos usuários da informação","INFORMAÇÃO & SOCIEDADE (UFPB. ONLINE)",1809-4783,A2,,,2017-2020
"Jonathas Luiz Carvalho Silva",http://lattes.cnpq.br/2376636144965734,2013,"A multitemporalidade da biblioteca","REVISTA INTERAMERICANA DE BIBLIOTECOLOGIA",0120-0976,A2,,,2017-2020
"Jonathas Luiz Carvalho Silva",http://lattes.cnpq.br/2376636144965734,2013,"Os indícios da ciência da moderna aplicados à Ciência da Informação: algumas considerações","INFORMAÇÃO & INFORMAÇÃO (UEL. ONLINE)",1981-8920,A2,,,2017-2020
"Jonathas Luiz Carvalho Silva",http://lattes.cnpq.br/2376636144965734,2013,"AS CONFIGURAÇÕES DO CAMPO DA CIÊNCIA DA INFORMAÇÃO NO CONTEXTO DAS CIÊNCIAS PÓS-­MODERNAS","TENDÊNCIAS DA PESQUISA BRASILEIRA EM CIÊNCIA DA INFORMAÇÃO",1983-5116,B1,,,2017-2020
"Jonathas Luiz Carvalho Silva",http://lattes.cnpq.br/2376636144965734,2013,"ESTUDO DE USUÁRIOS NA BIBLIOTECA ESCOLAR A PARTIR DA TÉCNICA DO INCIDENTE CRÍTICO: APLICAÇÃO NA ESCOLA DE ENSINO FUNDAMENTAL EDVARD TEIXEIRA FÉRRER EM JUAZEIRO DO NORTE ? CE","PONTODEACESSO (UFBA)",1981-6766,B1,,,2017-2020
"Jonathas Luiz Carvalho Silva",http://lattes.cnpq.br/2376636144965734,2013,"AS NECESSIDADES INFORMACIONAIS DOS USUÁRIOS: um estudo na biblioteca pública de Mauriti","MÚLTIPLOS OLHARES EM CIÊNCIA DA INFORMAÇÃO",2237-6658,B3,,,2017-2020
"Jonathas Luiz Carvalho Silva",http://lattes.cnpq.br/2376636144965734,2013,"UM ESTUDO SOBRE A IMPORTÂNCIA DA EDUCAÇÃO DE USUÁRIOS COMO SERVIÇO EM BIBLIOTECAS UNIVERSITÁRIAS: O caso da biblioteca da UFC ? Campus Cariri em Juazeiro do Norte - CE","MÚLTIPLOS OLHARES EM CIÊNCIA DA INFORMAÇÃO",2237-6658,B3,,,2017-2020
"Jonathas Luiz Carvalho Silva",http://lattes.cnpq.br/2376636144965734,2013,"Políticas públicas de inclusão digital no contexto da educação escolar como fator de acesso a informação","MÚLTIPLOS OLHARES EM CIÊNCIA DA INFORMAÇÃO",2237-6658,B3,,,2017-2020
"Jonathas Luiz Carvalho Silva",http://lattes.cnpq.br/2376636144965734,2013,"Um olhar bibliotecário sobre gestão documental: uma amostragem das instituições públicas em Juazeiro do Norte/CE","MÚLTIPLOS OLHARES EM CIÊNCIA DA INFORMAÇÃO",2237-6658,B3,,,2017-2020
"Jonathas Luiz Carvalho Silva",http://lattes.cnpq.br/2376636144965734,2012,"Um olhar sobre a origem da Ciência da Informação: indícios embrionários para sua caracterização identitária","ENCONTROS BIBLI",1518-2924,A2,,,2017-2020
"Jonathas Luiz Carvalho Silva",http://lattes.cnpq.br/2376636144965734,2012,"INDEXAÇÃO COMPARTILHADA DE ARTIGOS: ICAP E PERIÓDICOS JURÍDICOS ? O CASO DA REVISTA NOMOS DA UFC","REVISTA DIGITAL DE BIBLIOTECONOMIA E CIÊNCIA DA INFORMAÇÃO",1678-765X,A3,,,2017-2020
"Jonathas Luiz Carvalho Silva",http://lattes.cnpq.br/2376636144965734,2012,"A CONFIGURAÇÃO DO CAMPO DA CIÊNCIA DA INFORMAÇÃO: marcas de uma identidade","INFORMAÇÃO & SOCIEDADE (UFPB. ONLINE)",1809-4783,A2,,,2017-2020
"Jonathas Luiz Carvalho Silva",http://lattes.cnpq.br/2376636144965734,2012,"Necessidades de informação e satisfação do usuário: algumas considerações no âmbito dos usuários da informação","INCID: REVISTA DE CIÊNCIA DA INFORMAÇÃO E DOCUMENTAÇÃO",2178-2075,A3,,,2017-2020
"Jonathas Luiz Carvalho Silva",http://lattes.cnpq.br/2376636144965734,2012,"A mediação da informação como prática pedagógica no contexto da bibloteca escolar: algumas considerações","BIBLIOTECA ESCOLAR EM REVISTA",2238-5894,B2,,,2017-2020
"Jonathas Luiz Carvalho Silva",http://lattes.cnpq.br/2376636144965734,2012,"A biblioteca escolar em tempos de mudanças no Brasil: a contribuição da Biblioteconomia a partir de uma identidade de projeto","BIBLOS",2236-7594,N,,,
"Jonathas Luiz Carvalho Silva",http://lattes.cnpq.br/2376636144965734,2011,"PERSPECTIVAS HISTÓRICAS DA BIBLIOTECA ESCOLAR NO BRASIL E ANÁLISE DA LEI 12.244/10","REVISTA ACB (FLORIANÓPOLIS)",1414-0594,A4,,,2017-2020
"Jonathas Luiz Carvalho Silva",http://lattes.cnpq.br/2376636144965734,2010,"A TRÍADE IDENTIDADE, ÉTICA E INFORMAÇÃO NA BIBLIOTECONOMIA BRASILEIRA: ANÁLISE SOBRE O CÓDIGO DE ÉTICA DO BIBLIOTECÁRIO","REVISTA DIGITAL DE BIBLIOTECONOMIA E CIÊNCIA DA INFORMAÇÃO",1678-765X,A3,,,2017-2020
"Jonathas Luiz Carvalho Silva",http://lattes.cnpq.br/2376636144965734,2010,"UMA ANÁLISE TERMINOLÓGICA DOS TERMOS BIBLIOTECA COMUNITÁRIA E POPULAR: O DESIDERATO DA AÇÃO SOCIAL E O ESTÍMULO DA CULTURA À COMUNIDADE","CULTURA EM RECORTE: REVISTA ELETRÔNICA DE MUSEOLOGIA E AÇÃO CULTURAL",1984-378X,N,,,
"Jonathas Luiz Carvalho Silva",http://lattes.cnpq.br/2376636144965734,2010,"Biblioteca, luta de classes e o posicionamento da Biblioteconomia brasileira: algumas considerações","EM QUESTÃO (UFRGS. IMPRESSO)",1807-8893,A2,,,2017-2020
"Jonathas Luiz Carvalho Silva",http://lattes.cnpq.br/2376636144965734,2009,"Um pouco de história do sindicalismo brasileiro e a organização sindical do bibliotecário","UNIVERSIDADE E SOCIEDADE (BRASÍLIA)",1517-1779,A4,,,2017-2020
"Jonathas Luiz Carvalho Silva",http://lattes.cnpq.br/2376636144965734,2007,"Uma análise sobre a identidade da Biblioteconomia brasileira: o enfoque da interdisciplinaridade","BIBLIONLINE (JOÃO PESSOA)",1809-4775,B1,,,2017-2020