nome,lattes_url,ano_publicacao,titulo_publicacao,periodico,issn,qualis,pontos,area,ano_base
"Lidia Eugenia Cavalcante",http://lattes.cnpq.br/8811165871130066,2025,"MAPAS CONCEITUAIS NAPESQUISA EM CIÊNCIADA INFORMAÇÃO:perspectivas   à   luz   da   revisão   integrativa   da literatura","HTTPS://DOI.ORG/10.21747/21836671/PAG23",1997-2007,N,,,
"Lidia Eugenia Cavalcante",http://lattes.cnpq.br/8811165871130066,2024,"Interseções entre memória institucional, representação da informação e gestão do conhecimento","EM QUESTÃO",1808-5245,A2,,,2017-2020
"Lidia Eugenia Cavalcante",http://lattes.cnpq.br/8811165871130066,2024,"Biblioteca Escolar e o desenvolvimento de literacias","REVISTA CONHECIMENTO EM AÇÃO",2525-7935,B1,,,2017-2020
"Lidia Eugenia Cavalcante",http://lattes.cnpq.br/8811165871130066,2024,"Que nada nos limite: contemplações acerca da literacia em saúde feminina na Ciência da Informação.","TENDÊNCIAS DA PESQUISA BRASILEIRA EM CIÊNCIA DA INFORMAÇÃO",1983-5116,B1,,,2017-2020
"Lidia Eugenia Cavalcante",http://lattes.cnpq.br/8811165871130066,2024,"Bibliotecas Comunitárias, Mediação Cultural e LiteráriaCommunity libraries, cultural and literary mediationBibliotecas comunitarias, mediación cultural y literaria","INFORMAÇÃO & INFORMAÇÃO (ONLINE)",1981-8920,A2,,,2017-2020
"Lidia Eugenia Cavalcante",http://lattes.cnpq.br/8811165871130066,2023,"Percepciones de docentes sobre museos virtuales en el Ã¡mbito de la mediaciÃ³n de la informaciÃ³n y el aprendizaje","PALABRA CLAVE (LA PLATA)",1853-9912,A4,,,2017-2020
"Lidia Eugenia Cavalcante",http://lattes.cnpq.br/8811165871130066,2023,"MEDIAÇÃO DA LEITURA E MÍDIAS SOCIAIS DURANTE A PANDEMIA DE COVID-19.","INFORMAÇÃO EM PAUTA",2525-3468,A4,,,2017-2020
"Lidia Eugenia Cavalcante",http://lattes.cnpq.br/8811165871130066,2023,"Relações entre a mediação da informação e a mediação da leitura","INFORMAÇÃO EM PAUTA",2525-3468,A4,,,2017-2020
"Lidia Eugenia Cavalcante",http://lattes.cnpq.br/8811165871130066,2023,"Programação cultural nas bibliotecas municipais e comunitárias","BIBLIONLINE (JOÃO PESSOA)",1809-4775,B1,,,2017-2020
"Lidia Eugenia Cavalcante",http://lattes.cnpq.br/8811165871130066,2023,"Formação e competências docentes à luz das teorias Freireanas","REVISTA BRASILEIRA DE EDUCAÇÃO EM CIÊNCIA DA INFORMAÇÃO",2358-3193,B2,,,2017-2020
"Lidia Eugenia Cavalcante",http://lattes.cnpq.br/8811165871130066,2022,"Arquitetura da Informação e museus digitais: análise da usabilidade no museu da fotografia do Ceará","INFORMAÇÃO & INFORMAÇÃO (ONLINE)",1981-8920,A2,,,2017-2020
"Lidia Eugenia Cavalcante",http://lattes.cnpq.br/8811165871130066,2022,"Informação social, mediação da informação e museus virtuais: uma análise da exposição virtual 'Aedes: que mosquito é esse?'","REVISTA BRASILEIRA DE BIBLIOTECONOMIA E DOCUMENTAÇÃO (ONLINE)",1980-6949,A3,,,2017-2020
"Lidia Eugenia Cavalcante",http://lattes.cnpq.br/8811165871130066,2022,"Mediação da leitura em sala de aula: a formação do bibliotecário mediador","REVISTA BRASILEIRA DE BIBLIOTECONOMIA E DOCUMENTAÇÃO (ONLINE)",1980-6949,A3,,,2017-2020
"Lidia Eugenia Cavalcante",http://lattes.cnpq.br/8811165871130066,2022,"Ex-libris: uma revisão integrativa","REVISTA DIGITAL DE BIBLIOTECONOMIA E CIÊNCIA DA INFORMAÇÃO",1678-765X,A3,,,2017-2020
"Lidia Eugenia Cavalcante",http://lattes.cnpq.br/8811165871130066,2022,"Mediação da informação e mediação cultural no contexto da cultura nerd, geek e pop.","INFORMAÇÃO EM PAUTA",2525-3468,A4,,,2017-2020
"Lidia Eugenia Cavalcante",http://lattes.cnpq.br/8811165871130066,2021,"Evasão discente no ensino superior:diagnóstico e ações implementadas no curso de Biblioteconomia da UFC","REVISTA BRASILEIRA DE BIBLIOTECONOMIA E DOCUMENTAÇÃO (ONLINE)",1980-6949,A3,,,2017-2020
"Lidia Eugenia Cavalcante",http://lattes.cnpq.br/8811165871130066,2021,"T. D. WILSON E SUA CONTRIBUIÇÃO À CIÊNCIA DA INFORMAÇÃO: ANÁLISE SOBRE O CONCEITO DE COMPORTAMENTO INFORMACIONALcional.","PONTODEACESSO (UFBA)",1981-6766,B1,,,2017-2020
"Lidia Eugenia Cavalcante",http://lattes.cnpq.br/8811165871130066,2021,"Le réseau national de bibliothèques communautaires au Brésil : La lecture comme un droit humain","L'ANNÉE PHILANTHROPIQUE",2563-3058,N,,,
"Lidia Eugenia Cavalcante",http://lattes.cnpq.br/8811165871130066,2021,"Modalidades de avaliação educacional e aprendizagem: diálogos necessários. HUMANIDADES & INOVAÇÃO","HUMANIDADES & INOVAÇÃO",2358-8322,B2,,,2017-2020
"Lidia Eugenia Cavalcante",http://lattes.cnpq.br/8811165871130066,2020,"Informação social e cultura informacional: uma análise fílmica da obra 'O menino que descobriu o vento'","REVISTA DIGITAL DE BIBLIOTECONOMIA E CIÊNCIA DA INFORMAÇÃO",1678-765X,A3,,,2017-2020
"Lidia Eugenia Cavalcante",http://lattes.cnpq.br/8811165871130066,2020,"La mobilization face au coronavirus par le secteur philanthropique Brésilien","ANNÉE PHILANTHROPIQUE",2563-3058,N,,,
"Lidia Eugenia Cavalcante",http://lattes.cnpq.br/8811165871130066,2020,"Documentos que comunicam: o valor cultural do documento popular","CONEXÃO: COMUNICAÇÃO E CULTURA",2178-2687,B1,,,2017-2020
"Lidia Eugenia Cavalcante",http://lattes.cnpq.br/8811165871130066,2020,"Mediação da leitura e alteridade na Educação Literária","INFORMAÇÃO & SOCIEDADE (UFPB. ONLINE)",1809-4783,A2,,,2017-2020
"Lidia Eugenia Cavalcante",http://lattes.cnpq.br/8811165871130066,2020,"A MEDIAÇÃO DA INFORMAÇÃO NO ÂMBITO DA CIÊNCIA DA INFORMAÇÃO E DA CIÊNCIA DO DIREITO: PONTOS DE APROXIMAÇÃO","BIBLIONLINE (JOÃO PESSOA)",1809-4775,B1,,,2017-2020
"Lidia Eugenia Cavalcante",http://lattes.cnpq.br/8811165871130066,2020,"Educação patrimonial, bibliotecas e museus virtuais na escola","BIBLIONLINE (JOÃO PESSOA)",1809-4775,B1,,,2017-2020
"Lidia Eugenia Cavalcante",http://lattes.cnpq.br/8811165871130066,2019,"Memória, Cidade e Bibliofilia","INFORMAÇÃO EM PAUTA",2525-3468,A4,,,2017-2020
"Lidia Eugenia Cavalcante",http://lattes.cnpq.br/8811165871130066,2019,". Inovação tecnológica em educação: a inserção das teleconsultorias no treinamento profissional em saúde da família","REVISTA DE SAÚDE DIGITAL E TECNOLOGIAS EDUCACIONAIS",2525-9563,B4,,,2017-2020
"Lidia Eugenia Cavalcante",http://lattes.cnpq.br/8811165871130066,2018,"O diálogo entre biblioteca e comunidade: um estudo de caso acerca do perfil e das percepções dos usuários das Bibliotecas Comunitárias de Itaitinga, Ceará","PERSPECTIVAS EM CIÊNCIA DA INFORMAÇÃO (ONLINE)",1981-5343,N,,,
"Lidia Eugenia Cavalcante",http://lattes.cnpq.br/8811165871130066,2018,"Documento e informação audiovisual: bases conceituais numa perspectiva neodocumentalista","EM QUESTÃO (UFRGS. IMPRESSO)",1807-8893,A2,,,2017-2020
"Lidia Eugenia Cavalcante",http://lattes.cnpq.br/8811165871130066,2018,"Aprendizagem móvel, Competência em Informação e Mediação: interlocução sob a ótica do paradigma social da Ciência da Informação","ENCONTROS BIBLI (UFSC)",1518-2924,A2,,,2017-2020
"Lidia Eugenia Cavalcante",http://lattes.cnpq.br/8811165871130066,2018,"Informação e Memória: aproximações teóricas e conceituais","ENCONTROS BIBLI (UFSC)",1518-2924,A2,,,2017-2020
"Lidia Eugenia Cavalcante",http://lattes.cnpq.br/8811165871130066,2018,"Competência, Aprendizagem Colaborativa e Metodologias Ativas no Ensino Superior","REVISTA FOLHA DE ROSTO",2447-0120,B3,,,2017-2020
"Lidia Eugenia Cavalcante",http://lattes.cnpq.br/8811165871130066,2018,"O conceito de mediação na ciência da informação brasileira","BRAZILIAN JOURNAL OF INFORMATION SCIENCE",1981-1640,A4,,,2017-2020
"Lidia Eugenia Cavalcante",http://lattes.cnpq.br/8811165871130066,2018,"Tipografia para além da relação instrumental: a mediação cultural manifesta pelo caderno especial ?Planeta seca?","INFORMAÇÃO & SOCIEDADE (UFPB. ONLINE)",1809-4783,A2,,,2017-2020
"Lidia Eugenia Cavalcante",http://lattes.cnpq.br/8811165871130066,2018,"Metodologias ativas de ensino e aprendizagem em saúde","RESDITE",2525-9563,B4,,,2017-2020
"Lidia Eugenia Cavalcante",http://lattes.cnpq.br/8811165871130066,2017,"Informação, memória e documento: estudo sobre as associações japonesas em Marília, São Paulo","REVISTA IBERO-AMERICANA DE CIÊNCIA DA INFORMAÇÃO",1983-5213,B3,,,2017-2020
"Lidia Eugenia Cavalcante",http://lattes.cnpq.br/8811165871130066,2017,"Entre o objeto e o sujeito: composição, diálogo e confluência na recuperação da informação em arquivos","INFORMAÇÃO EM PAUTA",2525-3468,A4,,,2017-2020
"Lidia Eugenia Cavalcante",http://lattes.cnpq.br/8811165871130066,2017,"NECESSIDADES INFORMACIONAIS DE IDOSOS EM BIBLIOTECAS COMUNITÁRIAS: estudo realizado em uma biblioteca no município de Fortaleza, Ceará","INFORMAÇÃO EM PAUTA",2525-3468,A4,,,2017-2020
"Lidia Eugenia Cavalcante",http://lattes.cnpq.br/8811165871130066,2016,"Leitura, letramento digital e competência em informação","REVISTA TECNOLOGIAS NA EDUCAÇÃO",1984-4751,N,,,
"Lidia Eugenia Cavalcante",http://lattes.cnpq.br/8811165871130066,2015,"Informação, memória e patrimônio cultural","REVISTA ACB (FLORIANÓPOLIS)",1414-0594,A4,,,2017-2020
"Lidia Eugenia Cavalcante",http://lattes.cnpq.br/8811165871130066,2014,"Mediação cultural e apropriação da informação em bibliotecas públicas","ENCONTROS BIBLI",1518-2924,A2,,,2017-2020
"Lidia Eugenia Cavalcante",http://lattes.cnpq.br/8811165871130066,2014,"Transmission à rebours, filiation inversée, socialisation  ascendante : regards renversés sur les rapports de  générations","ENFANCES, FAMILLES, GENERATIONS",1708-6310,B3,,,2020
"Lidia Eugenia Cavalcante",http://lattes.cnpq.br/8811165871130066,2013,"A competência em informação e o bibliotecário mediador da leitura em Biblioteca Pública","ENCONTROS BIBLI",1518-2924,A2,,,2017-2020
"Lidia Eugenia Cavalcante",http://lattes.cnpq.br/8811165871130066,2012,"Competência em informação na área da saúde","INCID: REVISTA DE CIÊNCIA DA INFORMAÇÃO E DOCUMENTAÇÃO",2178-2075,A3,,,2017-2020
"Lidia Eugenia Cavalcante",http://lattes.cnpq.br/8811165871130066,2011,"Bibliotecas comunitárias: mediações, sociabilidades e cidadania","LIINC EM REVISTA",1808-3536,A3,,,2017-2020
"Lidia Eugenia Cavalcante",http://lattes.cnpq.br/8811165871130066,2011,"Informação, inovação social e condições de vida: construindo competências para o desenvovlimento sustentável","REVISTA EDICIC",2236-5753,B3,,,2017-2020
"Lidia Eugenia Cavalcante",http://lattes.cnpq.br/8811165871130066,2011,"O Acesso à informação: inclusão digital do público usuário das bibliotecas públicas de Fortaleza/CE - Brasil","REVISTA EDICIC",2236-5753,B3,,,2017-2020
"Lidia Eugenia Cavalcante",http://lattes.cnpq.br/8811165871130066,2009,"Cultura escrita: práticas de leitura e do impresso","ENCONTROS BIBLI (ONLINE)",1518-2924,A2,,,2017-2020
"Lidia Eugenia Cavalcante",http://lattes.cnpq.br/8811165871130066,2009,"Pesquisa em ciência da informação no Brasil e no Canadá","ENCONTROS BIBLI (ONLINE)",1518-2924,A2,,,2017-2020
"Lidia Eugenia Cavalcante",http://lattes.cnpq.br/8811165871130066,2008,"Avaliação arquivística: bases teóricas, estratégias de aplicação e instrumentação","ENCONTROS BIBLI (UFSC)",1518-2924,A2,,,2017-2020
"Lidia Eugenia Cavalcante",http://lattes.cnpq.br/8811165871130066,2007,"Patrimônio digital e informaçao: política, cultura e diversidade","ENCONTROS BIBLI",1518-2924,A2,,,2017-2020
"Lidia Eugenia Cavalcante",http://lattes.cnpq.br/8811165871130066,2007,"Os Percursos da memória: a exposição virtual cartes postales du Québec d'antan como fonte de informação histórica","INFORMAÇÃO & SOCIEDADE (UFPB. IMPRESSO)",0104-0146,A2,,,2017-2020
"Lidia Eugenia Cavalcante",http://lattes.cnpq.br/8811165871130066,2007,"La Mémoire patrimoniale du Québec: préservation, politiques et actions pour la numérisation des collections patrimoniales","DOCUMENTATION ET BIBLIOTHÈQUES",0315-2340,N,,,
"Lidia Eugenia Cavalcante",http://lattes.cnpq.br/8811165871130066,2006,"Políticas de formação para a competência informacional: o papel das universidades","REVISTA BRASILEIRA DE BIBLIOTECONOMIA E DOCUMENTAÇÃO (IMPRESSO)",0100-0691,A3,,,2017-2020
"Lidia Eugenia Cavalcante",http://lattes.cnpq.br/8811165871130066,2003,"A Pesquisa histórica no ensino: saberes necessários à prática docente","TRANSINFORMAÇÃO",0103-3786,A1,,,2017-2020
"Lidia Eugenia Cavalcante",http://lattes.cnpq.br/8811165871130066,2001,"O Mercado da Informação no Setor turístico brasileiro","INFORMAÇÃO & INFORMAÇÃO",1414-2139,A2,,,2017-2020
"Lidia Eugenia Cavalcante",http://lattes.cnpq.br/8811165871130066,2000,"Gestão estratégica de recursos humanos na era da tecnologia da informação e da globalização","INFORMAÇÃO & INFORMAÇÃO",,N,,,
"Lidia Eugenia Cavalcante",http://lattes.cnpq.br/8811165871130066,1999,"A Memória Social, representações e identidade cultural","OLHAR MIDIÁTICO",,N,,,
"Lidia Eugenia Cavalcante",http://lattes.cnpq.br/8811165871130066,1995,"Informação e comunicação: fatores determinantes no processo de formação da sociedade","REV. SOCIEDADE & INFORMAÇÃO: DEBATES",,N,,,