nome,lattes_url,ano_publicacao,titulo_publicacao,periodico,issn,qualis,pontos,area,ano_base
"Luiz Tadeu Feitosa",http://lattes.cnpq.br/2053936680844527,2024,"Uma revisão sistemática sobre curadoria de exposições","INCID: REVISTA DE DOCUMENTAÇÃO E CIÊNCIA DA INFORMAÇÃO",2178-2075,A3,,,2017-2020
"Luiz Tadeu Feitosa",http://lattes.cnpq.br/2053936680844527,2024,"Cultura e mediação cultural","INFORMAÇÃO & INFORMAÇÃO (ONLINE)",1981-8920,A2,,,2017-2020
"Luiz Tadeu Feitosa",http://lattes.cnpq.br/2053936680844527,2022,"Competência em Informação: análise das ações empreendidas no contexto das bibliotecas escolares","BIBLOS REVISTA DO INSTITUTO DE CIÊNCIAS HUMANAS DA INFORMAÇÃO",2236-7594,N,,,
"Luiz Tadeu Feitosa",http://lattes.cnpq.br/2053936680844527,2021,"Mediação: uma ferramenta contra a desinformação em tempos de pós-verdade.","INFORMAÇÃO@PROFISSÕES",2317-4390,B1,,,2017-2020
"Luiz Tadeu Feitosa",http://lattes.cnpq.br/2053936680844527,2020,"Informação social e cultura informacional:uma análise fílmica da obra ?O menino que descobriu o vento?","REVISTA DIGITAL DE BIBLIOTECONOMIA E CIÊNCIA DA INFORMAÇÃO",1678-765X,A3,,,2017-2020
"Luiz Tadeu Feitosa",http://lattes.cnpq.br/2053936680844527,2019,"São João de Braga: fios do presente na teia da memória","VISTA REVISTA DE CULTURA VISUAL",2184-1284,B3,,,2017-2020
"Luiz Tadeu Feitosa",http://lattes.cnpq.br/2053936680844527,2019,"Por uma relação cultural com a informação","TENDÊNCIAS DA PESQUISA BRASILEIRA EM CIÊNCIA DA INFORMAÇÃO",1983-5116,B1,,,2017-2020
"Luiz Tadeu Feitosa",http://lattes.cnpq.br/2053936680844527,2018,"Documento e informação audiovisual: bases conceituais numa perspectiva neodocumentalista","EM QUESTÃO",1808-5245,A2,,,2017-2020
"Luiz Tadeu Feitosa",http://lattes.cnpq.br/2053936680844527,2018,"Entre o tipo e a norma: reflexões sobre o comportamento do designer gráfico no ambiente acadêmico","INCID: REVISTA DE DOCUMENTAÇÃO E CIÊNCIA DA INFORMAÇÃO",2178-2075,A3,,,2017-2020
"Luiz Tadeu Feitosa",http://lattes.cnpq.br/2053936680844527,2018,"Definição de metadados e critérios de indexação para documentário em repositório audiovisual","REVISTA BRASILEIRA DE BIBLIOTECONOMIA E DOCUMENTAÇÃO (ONLINE)",1980-6949,A3,,,2017-2020
"Luiz Tadeu Feitosa",http://lattes.cnpq.br/2053936680844527,2018,"Propuesta de aplicación del análisis de contenido en la construcción de un instrumento para recolección de los datos audiovisuales","DOCUMENTACION DE LAS CIENCIAS DE LA INFORMACION",0210-4210,A2,,,2017-2020
"Luiz Tadeu Feitosa",http://lattes.cnpq.br/2053936680844527,2018,"ANÁLISE DE POLÍTICAS DE INFORMAÇÃO EM REPOSITÓRIOS INSTITUCIONAIS: Bases para a gestão de acervos audiovisuais","CIÊNCIA DA INFORMAÇÃO EM REVISTA",2358-0763,B1,,,2017-2020
"Luiz Tadeu Feitosa",http://lattes.cnpq.br/2053936680844527,2018,"TIPOGRAFIA PARA ALÉM DA RELAÇÃO INSTRUMENTAL: a mediação cultural manifesta pelo caderno especial ?Planeta seca?","INFORMAÇÃO & SOCIEDADE (UFPB. ONLINE)",1809-4783,A2,,,2017-2020
"Luiz Tadeu Feitosa",http://lattes.cnpq.br/2053936680844527,2017,"PERFIL PROFISSIONAL DO BIBLIOTECÁRIO EM AMBIENTES DE INFORMAÇÃOAUDIOVISUAL","BIBLOS (RIO GRANDE)",0102-4388,B3,,,2017-2020
"Luiz Tadeu Feitosa",http://lattes.cnpq.br/2053936680844527,2016,"COMPLEXAS MEDIAÇÕES: transdisciplinaridade e incertezas nas recepções informacionais","INFORMAÇÃO EM PAUTA",2525-3468,A4,,,2017-2020
"Luiz Tadeu Feitosa",http://lattes.cnpq.br/2053936680844527,2015,"Informação, memória e patrimônio cultural","REVISTA ACB (FLORIANÓPOLIS)",1414-0594,A4,,,2017-2020
"Luiz Tadeu Feitosa",http://lattes.cnpq.br/2053936680844527,2011,"Bibliotecas comunitárias: mediações, sociabilidades e cidadania","LIINC EM REVISTA",1808-3536,A3,,,2017-2020
"Luiz Tadeu Feitosa",http://lattes.cnpq.br/2053936680844527,2011,"MÍDIA, ESPELHO DA CULTURA","REVISTA PASSAGENS",2179-9938,B3,,,2017-2020
"Luiz Tadeu Feitosa",http://lattes.cnpq.br/2053936680844527,2007,"INTERAÇÃO E MUDANÇAS NA COMUNICAÇÃO: o papel da Internet na sociedade","BIBLIONLINE (JOÃO PESSOA)",1809-4775,B1,,,2017-2020
"Luiz Tadeu Feitosa",http://lattes.cnpq.br/2053936680844527,2007,"UMA ANÁLISE SOBRE A IDENTIDADE DA BIBLIOTECONOMIA BRASILEIRA: o enfoque da interdisciplinaridade","BIBLIONLINE (JOÃO PESSOA)",1809-4775,B1,,,2017-2020