nome,lattes_url,ano_publicacao,titulo_publicacao,periodico,issn,qualis,pontos,area,ano_base
"Maria de Fátima Oliveira Costa",http://lattes.cnpq.br/7584115523461248,2024,"Práticas informacionais no contexto das alergias e intolerâncias alimentaresInformation practices in the context of food allergies and food intolerancesPrácticas de información en el contexto de las alergias e intolerancias alimentarias","INFORMAÇÃO & INFORMAÇÃO (ONLINE)",1981-8920,A2,,,2017-2020
"Maria de Fátima Oliveira Costa",http://lattes.cnpq.br/7584115523461248,2023,"Fake news e Covid-19 no Brasil: estudo de revisão sistemática de literatura 2020-2022","ECCOM - EDUCAÇÃO, CULTURA E COMUNICAÇÃO",2177-5087,B1,,,2017-2020
"Maria de Fátima Oliveira Costa",http://lattes.cnpq.br/7584115523461248,2022,"Percepções da disciplina de atuação e ética profissional na praxis do bibliotecário","HTTPS://DOI.ORG/105433/1981-8920.2023V28N3PI",1581-3520,N,,,
"Maria de Fátima Oliveira Costa",http://lattes.cnpq.br/7584115523461248,2020,"As competências do bibliotecário de referência frente ao paradigma pós-custodial","REVISTA IBERO-AMERICANA DE CIÊNCIA DA INFORMAÇÃO",1983-5213,B3,,,2017-2020
"Maria de Fátima Oliveira Costa",http://lattes.cnpq.br/7584115523461248,2020,"Contribuições do Modelo de Carol Kuhlthau para a pesquisa sobre Comportamento Informacional e Competência em Informação no Brasil","ENCONTROS BIBLI (UFSC)",1518-2924,A2,,,2017-2020
"Maria de Fátima Oliveira Costa",http://lattes.cnpq.br/7584115523461248,2019,"Usuários no contexto digital: uma análise na rede social facebook","REVISTA FOLHA DE ROSTO",2447-0120,B3,,,2017-2020
"Maria de Fátima Oliveira Costa",http://lattes.cnpq.br/7584115523461248,2018,"O diálogo entre biblioteca e comunidade: um estudo de caso acerca do perfil e das percepções dos usuários das Bibliotecas Comunitárias de Itaitinga, Ceará","PERSPECTIVAS EM CIÊNCIA DA INFORMAÇÃO (ON LINE)",1981-5344,A2,,,2017-2020
"Maria de Fátima Oliveira Costa",http://lattes.cnpq.br/7584115523461248,2018,"Conribuições dos estudos de usuários para a mediação da informação: um olhar sobre os modelos de dervin, Savolainen e Wilson","INFORMAÇÃO & INFORMAÇÃO (ONLINE)",1981-8920,A2,,,2017-2020
"Maria de Fátima Oliveira Costa",http://lattes.cnpq.br/7584115523461248,2018,"Entre o tipo e a norma:reflexões sobre o comportamento do design gráfico no ambiente acadêmico","INCID: REVISTA DE DOCUMENTAÇÃO E CIÊNCIA DA INFORMAÇÃO",2178-2075,A3,,,2017-2020
"Maria de Fátima Oliveira Costa",http://lattes.cnpq.br/7584115523461248,2017,"Usuário da informação: estudo de caso da Biblioteca do Curso de Física da Universidade Federal do Ceará","INFORMAÇÃO & SOCIEDADE (UFPB. ONLINE)",1809-4783,A2,,,2017-2020
"Maria de Fátima Oliveira Costa",http://lattes.cnpq.br/7584115523461248,2017,"O Papel do centro acadêmico na formação cidadã do universitário","REVISTA FOLHA DE ROSTO",2447-0120,B3,,,2017-2020
"Maria de Fátima Oliveira Costa",http://lattes.cnpq.br/7584115523461248,2017,"Necessidades informacionais de idosos em bibliotecas comunitárias: estudo realizado em uma biblioteca no município de Fortaleza, Ceará","INFORMAÇÃO EM PAUTA",2525-3468,A4,,,2017-2020
"Maria de Fátima Oliveira Costa",http://lattes.cnpq.br/7584115523461248,2017,"Ensino e aprendizagem em Estudos de Usuários: interlocuções nas práticas docentes","INFORMAÇÃO EM PAUTA",2525-3468,A4,,,2017-2020
"Maria de Fátima Oliveira Costa",http://lattes.cnpq.br/7584115523461248,2016,"Política de desenvolvimento e gestão do acervo da bilblioteca universitária: estudo de caso na biblioteca da unilab","XI ENANCIB",2177-3688,N,,,
"Maria de Fátima Oliveira Costa",http://lattes.cnpq.br/7584115523461248,2013,"Acessibilidade e inclusão informacional","INFORMAÇÃO & INFORMAÇÃO (UEL. ONLINE)",1981-8920,A2,,,2017-2020
"Maria de Fátima Oliveira Costa",http://lattes.cnpq.br/7584115523461248,1999,"Reflexões Curriculares do Ensino de Biblioteconomia no Ceará","INFORMAÇÃO & SOCIEDADE. ESTUDOS",0104-0146,A2,,,2017-2020
"Maria de Fátima Oliveira Costa",http://lattes.cnpq.br/7584115523461248,1998,"Necessidade de Informação da Comunidade do Distrito da Taquara: uma experiência de extensão universitária","INFORMAÇÃO & SOCIEDADE. ESTUDOS",0104-0146,A2,,,2017-2020
"Maria de Fátima Oliveira Costa",http://lattes.cnpq.br/7584115523461248,1980,"Os Primórdios do Sistema Estadual de Bibliotecas Públicas","REVISTA DE BIBLIOTECONOMIA DE BRASÍLIA",0100-7157,N,,,
"Maria de Fátima Oliveira Costa",http://lattes.cnpq.br/7584115523461248,1979,"Sistema de Bibliotecas Públicas do Estado do Ceará","REVISTA DE BIBLIOTECONOMIA DE BRASÍLIA",0100-7157,N,,,