nome,lattes_url,ano_publicacao,titulo_publicacao,periodico,issn,qualis,pontos,area,ano_base
"Maria Giovanna Guedes Farias",http://lattes.cnpq.br/3383299470190507,2025,"PROCEDIMENTOS PARA A ADOÇÃO DE REVISÃO POR PARES ABERTA EM PERIÓDICOS CIENTÍFICOS:RELATOS DE EXPERIÊNCIAS DOS EDITORES","PERSPECTIVAS EM CIÊNCIA DA INFORMAÇÃO (ON LINE)",1981-5344,A2,,,2017-2020
"Maria Giovanna Guedes Farias",http://lattes.cnpq.br/3383299470190507,2025,"Mediação algorítmica e a intervenção em fluxos informacionais","BIBLIONLINE (JOÃO PESSOA)",1809-4775,B1,,,2017-2020
"Maria Giovanna Guedes Farias",http://lattes.cnpq.br/3383299470190507,2025,"Recursos do storytellingna construção e na prática de narrativas jurídicas","INCID: REVISTA DE DOCUMENTAÇÃO E CIÊNCIA DA INFORMAÇÃO",2178-2075,A3,,,2017-2020
"Maria Giovanna Guedes Farias",http://lattes.cnpq.br/3383299470190507,2025,"Divulgação e Mediação da Informação em Observatório Científico","BRAZILIAN JOURNAL OF INFORMATION SCIENCE",1981-1640,A4,,,2017-2020
"Maria Giovanna Guedes Farias",http://lattes.cnpq.br/3383299470190507,2025,"Perceptions, challenges and motivations of scientists regarding public science communication","OBSERVATORIO (OBS*)",1646-5954,A2,,,2017-2020
"Maria Giovanna Guedes Farias",http://lattes.cnpq.br/3383299470190507,2024,"Inteligência Artificial e Comunicação Científica: uma revisão sistemática","BRAZILIAN JOURNAL OF INFORMATION SCIENCE",1981-1640,A4,,,2017-2020
"Maria Giovanna Guedes Farias",http://lattes.cnpq.br/3383299470190507,2024,"Percepções de editores quanto à implantação da revisão aberta em periódicos científicos","ENCONTROS BIBLI (UFSC)",1518-2924,A2,,,2017-2020
"Maria Giovanna Guedes Farias",http://lattes.cnpq.br/3383299470190507,2024,"Doramas e comportamento dos fãs no consumo de bens derivados da cultura asiática: uma análise a partir da mediação da informação","ATOZ: NOVAS PRÁTICAS EM INFORMAÇÃO E CONHECIMENTO",2237-826X,A4,,,2017-2020
"Maria Giovanna Guedes Farias",http://lattes.cnpq.br/3383299470190507,2023,"Ações de popularização, de divulgação da informação científica e de aproximação com a sociedade","REVISTA IBERO-AMERICANA DE CIÊNCIA DA INFORMAÇÃO",1983-5213,B3,,,2017-2020
"Maria Giovanna Guedes Farias",http://lattes.cnpq.br/3383299470190507,2023,"Contribuição de grupos de pesquisa em Ciência da Informação para a formação  acadêmica","BRAZILIAN JOURNAL OF INFORMATION SCIENCE",1981-1640,A4,,,2017-2020
"Maria Giovanna Guedes Farias",http://lattes.cnpq.br/3383299470190507,2023,"Desafios da atuação do Bibliotecário na biblioteca prisional brasileira","BRAZILIAN JOURNAL OF INFORMATION SCIENCE",1981-1640,A4,,,2017-2020
"Maria Giovanna Guedes Farias",http://lattes.cnpq.br/3383299470190507,2023,"Avaliações de produções científicas: desafios e motivações de editores e avaliadores","ENCONTROS BIBLI (UFSC)",1518-2924,A2,,,2017-2020
"Maria Giovanna Guedes Farias",http://lattes.cnpq.br/3383299470190507,2023,"Divulgação científica em bibliotecas universitárias: reflexões e possíveis caminhos","PALABRA CLAVE (LA PLATA)",1853-9912,A4,,,2017-2020
"Maria Giovanna Guedes Farias",http://lattes.cnpq.br/3383299470190507,2023,"Mediação da informação na perspectiva do storytellinge da Ciência da Informação","BIBLIONLINE (JOÃO PESSOA)",1809-4775,B1,,,2017-2020
"Maria Giovanna Guedes Farias",http://lattes.cnpq.br/3383299470190507,2023,"Percepção de bibliotecários sobre divulgação científica em bibliotecas universitárias","INCID: REVISTA DE DOCUMENTAÇÃO E CIÊNCIA DA INFORMAÇÃO",2178-2075,A3,,,2017-2020
"Maria Giovanna Guedes Farias",http://lattes.cnpq.br/3383299470190507,2023,"Práticas predatórias em periódicos científicos","REVISTA BIBLIOMAR",2526-6160,B2,,,2017-2020
"Maria Giovanna Guedes Farias",http://lattes.cnpq.br/3383299470190507,2023,"Panorama das pesquisas brasileiras da área de Ciência da Informação sobre revisão por pares aberta","ATOZ: NOVAS PRÁTICAS EM INFORMAÇÃO E CONHECIMENTO",2237-826X,A4,,,2017-2020
"Maria Giovanna Guedes Farias",http://lattes.cnpq.br/3383299470190507,2023,"Desafios para a implementação do repositório institucional do Instituto Federal do Maranhão","BIBLIOCANTO",2447-7842,B3,,,2017-2020
"Maria Giovanna Guedes Farias",http://lattes.cnpq.br/3383299470190507,2023,"Grupo de Pesquisa Competência e Mediação em Ambientes de Informação: trajetória histórica e de pesquisa","REVISTA FOLHA DE ROSTO",2447-0120,B3,,,2017-2020
"Maria Giovanna Guedes Farias",http://lattes.cnpq.br/3383299470190507,2022,"Perception   of   knowledge   sharing   among reviewers from the  perspective  of  scientific editors","REVISTA DIGITAL DE BIBLIOTECONOMIA E CIÊNCIA DA INFORMAÇÃO",1678-765X,A3,,,2017-2020
"Maria Giovanna Guedes Farias",http://lattes.cnpq.br/3383299470190507,2022,"Mediação implícita e explícita nas sentenças jurídicas em formato poético","REVISTA IBERO-AMERICANA DE CIÊNCIA DA INFORMAÇÃO",1983-5213,B3,,,2017-2020
"Maria Giovanna Guedes Farias",http://lattes.cnpq.br/3383299470190507,2022,"Análise das percepções de docentes e discentes da ciência da informação durante a pandemia covid-19","REVISTA IBERO-AMERICANA DE CIÊNCIA DA INFORMAÇÃO",1983-5213,B3,,,2017-2020
"Maria Giovanna Guedes Farias",http://lattes.cnpq.br/3383299470190507,2022,"Ciência da Informação e o indivíduo privado de liberdade","REVISTA FOLHA DE ROSTO",2447-0120,B3,,,2017-2020
"Maria Giovanna Guedes Farias",http://lattes.cnpq.br/3383299470190507,2022,"Contribuição das dimensões dialógica e ética da mediação da informação para a revisão por pares aberta","EM QUESTÃO",1808-5245,A2,,,2017-2020
"Maria Giovanna Guedes Farias",http://lattes.cnpq.br/3383299470190507,2022,"Open Access Library and Information Science journals: an analysis of the adopted business models","PERSPECTIVAS EM CIÊNCIA DA INFORMAÇÃO (ON LINE)",1981-5344,A2,,,2017-2020
"Maria Giovanna Guedes Farias",http://lattes.cnpq.br/3383299470190507,2022,"Mediação da informação no cárcere","EM QUESTÃO",1808-5245,A2,,,2017-2020
"Maria Giovanna Guedes Farias",http://lattes.cnpq.br/3383299470190507,2021,"Apropriação da informação, empoderamento e protagonismo social: análise da obra Quarto de Despejo","REVISTA IBERO-AMERICANA DE CIÊNCIA DA INFORMAÇÃO",1983-5213,B3,,,2017-2020
"Maria Giovanna Guedes Farias",http://lattes.cnpq.br/3383299470190507,2021,"Profissionais da informação: atuação resiliente durante a pandemia de Covid-19","BRAZILIAN JOURNAL OF INFORMATION SCIENCE",1981-1640,A4,,,2017-2020
"Maria Giovanna Guedes Farias",http://lattes.cnpq.br/3383299470190507,2021,"Revisão por pares aberta","ENCONTROS BIBLI (UFSC)",1518-2924,A2,,,2017-2020
"Maria Giovanna Guedes Farias",http://lattes.cnpq.br/3383299470190507,2021,"Percepções sobre a narrativa na comunicação científica jurídica: análise da base de dados do Conselho Nacional de Pesquisa e Pós-Graduação em Direito","REVISTA BRASILEIRA DE BIBLIOTECONOMIA E DOCUMENTAÇÃO (ONLINE)",1980-6949,A3,,,2017-2020
"Maria Giovanna Guedes Farias",http://lattes.cnpq.br/3383299470190507,2020,"Autoria em produções científicas: conceitos, critérios, integridade na pesquisa e responsabilidade na colaboração","INVESTIGACION BIBLIOTECOLOGICA",2448-8321,A3,,,2017-2020
"Maria Giovanna Guedes Farias",http://lattes.cnpq.br/3383299470190507,2020,"Vulnerabilidade social e mediação da informação no contexto prisional: inter-relações e percepções","REVISTA BRASILEIRA DE BIBLIOTECONOMIA E DOCUMENTAÇÃO (ONLINE)",1980-6949,A3,,,2017-2020
"Maria Giovanna Guedes Farias",http://lattes.cnpq.br/3383299470190507,2020,"Mediação bibliotecária no desenvolvimento de competências  durante estágio supervisionado","REVISTA IBERO-AMERICANA DE CIÊNCIA DA INFORMAÇÃO",1983-5213,B3,,,2017-2020
"Maria Giovanna Guedes Farias",http://lattes.cnpq.br/3383299470190507,2020,"O bibliotecário na gestão de dados de pesquisa: uma revisão sistemática","EM QUESTÃO",1808-5245,A2,,,2017-2020
"Maria Giovanna Guedes Farias",http://lattes.cnpq.br/3383299470190507,2020,"Empoderamento e protagonismo social na práxis bibliotecária","REVISTA BRASILEIRA DE BIBLIOTECONOMIA E DOCUMENTAÇÃO (ONLINE)",1980-6949,A3,,,2017-2020
"Maria Giovanna Guedes Farias",http://lattes.cnpq.br/3383299470190507,2020,"COMPETÊNCIA EM INFORMAÇÃO DE BOLSISTAS DE INICIAÇÃO CIENTÍFICA","REVISTA ACB (FLORIANÓPOLIS)",1414-0594,A4,,,2017-2020
"Maria Giovanna Guedes Farias",http://lattes.cnpq.br/3383299470190507,2020,"Mediação da informação no esporte","BRAZILIAN JOURNAL OF INFORMATION SCIENCE",1981-1640,A4,,,2017-2020
"Maria Giovanna Guedes Farias",http://lattes.cnpq.br/3383299470190507,2020,"Proposição de Observatório Científico para Popularização da Ciência","INFORMACAO & SOCIEDADE-ESTUDOS",0104-0146,A2,,,2017-2020
"Maria Giovanna Guedes Farias",http://lattes.cnpq.br/3383299470190507,2020,"Sujeitos em privação de liberdade pela ótica da Ciência da Informação: estudo sobre a produção científica em base de dados nacional e internacional da área","INCID: REVISTA DE DOCUMENTAÇÃO E CIÊNCIA DA INFORMAÇÃO",2178-2075,A3,,,2017-2020
"Maria Giovanna Guedes Farias",http://lattes.cnpq.br/3383299470190507,2019,"Informação mediada como instrumento de transformação social","REVISTA IBERO-AMERICANA DE CIÊNCIA DA INFORMAÇÃO",1983-5213,B3,,,2017-2020
"Maria Giovanna Guedes Farias",http://lattes.cnpq.br/3383299470190507,2019,"Competência em informação para comunidades: empoderamento e protagonismo social","PERSPECTIVAS EM CIÊNCIA DA INFORMAÇÃO (ON LINE)",1981-5344,A2,,,2017-2020
"Maria Giovanna Guedes Farias",http://lattes.cnpq.br/3383299470190507,2019,"MEDIAÇÃO DE INFORMAÇÕES E COMPETÊNCIAS NO SETOR DE REFERÊNCIA DE BIBLIOTECAS UNIVERSITÁRIAS","REVISTA BRASILEIRA DE BIBLIOTECONOMIA E DOCUMENTAÇÃO (ONLINE)",1980-6949,A3,,,2017-2020
"Maria Giovanna Guedes Farias",http://lattes.cnpq.br/3383299470190507,2019,"Ação formativa para o desenvolvimento de competências no setor de referência","INCID: REVISTA DE DOCUMENTAÇÃO E CIÊNCIA DA INFORMAÇÃO",2178-2075,A3,,,2017-2020
"Maria Giovanna Guedes Farias",http://lattes.cnpq.br/3383299470190507,2018,"Documento e informação audiovisual: bases conceituais numa perspectiva neodocumentalista","EM QUESTÃO",1808-5245,A2,,,2017-2020
"Maria Giovanna Guedes Farias",http://lattes.cnpq.br/3383299470190507,2018,"Competência em informação: uma análise sobre a prática do bibliotecário escolar durante o processo de busca da informação","REVISTA BRASILEIRA DE BIBLIOTECONOMIA E DOCUMENTAÇÃO (ONLINE)",1980-6949,A3,,,2017-2020
"Maria Giovanna Guedes Farias",http://lattes.cnpq.br/3383299470190507,2018,"Aprendizagem móvel, Competência em Informação e Mediação: interlocução sob a ótica do paradigma social da Ciência da Informação","ENCONTROS BIBLI (UFSC)",1518-2924,A2,,,2017-2020
"Maria Giovanna Guedes Farias",http://lattes.cnpq.br/3383299470190507,2018,"Competências do bibliotecário: o exercício da mediação implícita e explícita na biblioteca universitária","REVISTA IBERO-AMERICANA DE CIÊNCIA DA INFORMAÇÃO",1983-5213,B3,,,2017-2020
"Maria Giovanna Guedes Farias",http://lattes.cnpq.br/3383299470190507,2018,"PERFIL PROFISSIONAL DO BIBLIOTECÁRIO EM AMBIENTES DE INFORMAÇÃO AUDIOVISUAL","BIBLOS",2236-7594,N,,,
"Maria Giovanna Guedes Farias",http://lattes.cnpq.br/3383299470190507,2018,"Desiderato do Protagonismo Social na Formação do Bibliotecário Mediante o Desenvolvimento de Competências em Informação","REVISTA FOLHA DE ROSTO",2447-0120,B3,,,2017-2020
"Maria Giovanna Guedes Farias",http://lattes.cnpq.br/3383299470190507,2018,"Bibliotecário e editoração: mercado e competências necessárias","INFORMAÇÃO & SOCIEDADE (UFPB. ONLINE)",1809-4783,A2,,,2017-2020
"Maria Giovanna Guedes Farias",http://lattes.cnpq.br/3383299470190507,2018,"Definição de metadados e critérios de indexação para  documentário em repositório audiovisual","REVISTA BRASILEIRA DE BIBLIOTECONOMIA E DOCUMENTAÇÃO (ONLINE)",1980-6949,A3,,,2017-2020
"Maria Giovanna Guedes Farias",http://lattes.cnpq.br/3383299470190507,2018,"Proposta de aplicação da análise de conteúdo na construção de um instrumento de coleta de dados audiovisuais","DOCUMENTACION DE LAS CIENCIAS DE LA INFORMACION",0210-4210,A2,,,2017-2020
"Maria Giovanna Guedes Farias",http://lattes.cnpq.br/3383299470190507,2018,"ANÁLISE DE POLÍTICAS DE INFORMAÇÃO EM REPOSITÓRIOS INSTITUCIONAIS: Bases para a gestão de acervos audiovisuais","CIÊNCIA DA INFORMAÇÃO EM REVISTA",2358-0763,B1,,,2017-2020
"Maria Giovanna Guedes Farias",http://lattes.cnpq.br/3383299470190507,2017,"Humanismo e tecnologia na perspectiva da competência informacional e midiática","RBBD. REVISTA BRASILEIRA DE BIBLIOTECONOMIA E DOCUMENTAÇÃO (ONLINE)",1980-6949,A3,,,2017-2020
"Maria Giovanna Guedes Farias",http://lattes.cnpq.br/3383299470190507,2017,"Mediação na Ciência da Informação: uma análise bibliométrica na coleção Benancib","REVISTA IBERO-AMERICANA DE CIÊNCIA DA INFORMAÇÃO",1983-5213,B3,,,2017-2020
"Maria Giovanna Guedes Farias",http://lattes.cnpq.br/3383299470190507,2017,"Empoderamento e protagonismo social no setor de referência de bibliotecas universitárias","ENCONTROS BIBLI (UFSC)",1518-2924,A2,,,2017-2020
"Maria Giovanna Guedes Farias",http://lattes.cnpq.br/3383299470190507,2017,"Abordagens conceituais e aplicativas da mediação nos serviços de informação","INCID: REVISTA DE DOCUMENTAÇÃO E CIÊNCIA DA INFORMAÇÃO",2178-2075,A3,,,2017-2020
"Maria Giovanna Guedes Farias",http://lattes.cnpq.br/3383299470190507,2017,"A mediação da informação e o protagonismo social: experimentando a construção de um modelo em uma comunidade brasileira","INVESTIGACION BIBLIOTECOLOGICA",0187-358X,A3,,,2017-2020
"Maria Giovanna Guedes Farias",http://lattes.cnpq.br/3383299470190507,2016,"Aplicação de mapas conceituais como ferramentas didático-pedagógicas na área de recursos e serviços de informação","BIBLIOS (LIMA)",1562-4730,A3,,,2017-2020
"Maria Giovanna Guedes Farias",http://lattes.cnpq.br/3383299470190507,2016,"A informação como potencializadora da autonomia e da integração social","TRANSINFORMACAO",2318-0889,A1,,,2017-2020
"Maria Giovanna Guedes Farias",http://lattes.cnpq.br/3383299470190507,2016,"Análise de mitos africanos em uma comunidade quilombola: comunicação, informação e religiosidade","COMUNICAÇÃO & INFORMAÇÃO (UFG)",1415-5842,B2,,,2017-2020
"Maria Giovanna Guedes Farias",http://lattes.cnpq.br/3383299470190507,2016,"Estudo bibliométrico das publicações do GT6 ? Enancib: análise do termo competência","TENDÊNCIAS DA PESQUISA BRASILEIRA EM CIÊNCIA DA INFORMAÇÃO",1983-5116,B1,,,2017-2020
"Maria Giovanna Guedes Farias",http://lattes.cnpq.br/3383299470190507,2016,"COMPETÊNCIAS DO BIBLIOTECÁRIO DE REFERÊNCIA EM BIBLIOTECAS UNIVERSITÁRIAS","BIBLIONLINE (JOÃO PESSOA)",1809-4775,B1,,,2017-2020
"Maria Giovanna Guedes Farias",http://lattes.cnpq.br/3383299470190507,2015,"Empoderamento para o desenvolvimento social comunitário mediante tecnologias intelectuais digitais","REVISTA INTERNACIONAL DE CIENCIAS SOCIALES INTERDISCIPLINARES",2254-7207,B3,,,2017-2020
"Maria Giovanna Guedes Farias",http://lattes.cnpq.br/3383299470190507,2015,"Mediação e competência em informação: proposições para a construção de um perfil de bibliotecário protagonista","INCID: REVISTA DE CIÊNCIA DA INFORMAÇÃO E DOCUMENTAÇÃO",2178-2075,A3,,,2017-2020
"Maria Giovanna Guedes Farias",http://lattes.cnpq.br/3383299470190507,2015,"MEDIAÇÃO DA INFORMAÇÃO COMO PRÁTICA SOCIAL: os alicerces teóricos de uma pesquisa","PESQUISA BRASILEIRA EM CIÊNCIA DA INFORMAÇÃO E BIBLIOTECONOMIA",1981-0695,B1,,,2017-2020
"Maria Giovanna Guedes Farias",http://lattes.cnpq.br/3383299470190507,2015,"Abordagem cognitiva para gestão do planejamento estratégico nas organizações","PERSPECTIVAS EM GESTÃO & CONHECIMENTO",2236-417X,A4,,,2017-2020
"Maria Giovanna Guedes Farias",http://lattes.cnpq.br/3383299470190507,2014,"Mediação em múltiplas abordagens","INFORMAÇÃO & INFORMAÇÃO (UEL. ONLINE)",1981-8920,A2,,,2017-2020
"Maria Giovanna Guedes Farias",http://lattes.cnpq.br/3383299470190507,2014,"OBJETOS DE APRENDIZAGEM COMO RECURSO PEDAGÓGICO NO ENSINO DA BIBLIOTECONOMIA NO BRASIL: um olhar sobre o LTi","BIBLIONLINE (JOÃO PESSOA)",1809-4775,B1,,,2017-2020
"Maria Giovanna Guedes Farias",http://lattes.cnpq.br/3383299470190507,2014,"A realidade dos quartieri sensibili na Itália: a informação como instrumento de transformação social","TENDÊNCIAS DA PESQUISA BRASILEIRA EM CIÊNCIA DA INFORMAÇÃO",1983-5116,B1,,,2017-2020
"Maria Giovanna Guedes Farias",http://lattes.cnpq.br/3383299470190507,2014,"Ferramentas cognitivas, ambientes modificadores, medição e construção do conhecimento: potencializando a cognição do sujeito social na perspectiva do aprender","CIÊNCIA DA INFORMAÇÃO (ONLINE)",1518-8353,A4,,,2017-2020
"Maria Giovanna Guedes Farias",http://lattes.cnpq.br/3383299470190507,2013,"Theoretical reflections on the paradigmatic construction of Information Science: considerations about the (s) paradigm (s) cognitive (s) and social","BIBLIOS (LIMA)",1562-4730,A3,,,2017-2020
"Maria Giovanna Guedes Farias",http://lattes.cnpq.br/3383299470190507,2013,"Information Mediation for Social Inclusion in a Poor Urban Community in Brazil","LIBRI",1865-8423,N,,,
"Maria Giovanna Guedes Farias",http://lattes.cnpq.br/3383299470190507,2013,"Modelo de mediação da informação para inclusão de comunidades na sociedade da informação","PESQUISA BRASILEIRA EM CIÊNCIA DA INFORMAÇÃO E BIBLIOTECONOMIA",1981-0695,B1,,,2017-2020
"Maria Giovanna Guedes Farias",http://lattes.cnpq.br/3383299470190507,2013,"Construção e acionamento de um modelo de mediação da informação","INFORMAÇÃO & SOCIEDADE (UFPB. ONLINE)",1809-4783,A2,,,2017-2020
"Maria Giovanna Guedes Farias",http://lattes.cnpq.br/3383299470190507,2013,"Apropriação e uso de tecnologias intelectuais: intervenção em uma comunidade popular urbana","REVISTA IBERO-AMERICANA DE CIÊNCIA DA INFORMAÇÃO",1983-5213,B3,,,2017-2020
"Maria Giovanna Guedes Farias",http://lattes.cnpq.br/3383299470190507,2012,"Nuevas Tecnologías de la Información: El blog como soporte de registro del conocimiento de una Comunidad","REVISTA DIGITAL SOCIEDAD DE LA INFORMACIÓN",1578-326X,N,,,
"Maria Giovanna Guedes Farias",http://lattes.cnpq.br/3383299470190507,2012,"Ação de Mediação para Inclusão Social de Comunidades; Acción de Mediación para la Inclusión Social de Comunidades","INFORMAÇÃO & INFORMAÇÃO (UEL. ONLINE)",1981-8920,A2,,,2017-2020
"Maria Giovanna Guedes Farias",http://lattes.cnpq.br/3383299470190507,2012,"A inclusão de comunidades em ambiente virtual de socialização","INFORME: ESTUDOS EM BIBLIOTECONOMIA E GESTÃO DA INFORMAÇÃO",5825-2584,N,,,
"Maria Giovanna Guedes Farias",http://lattes.cnpq.br/3383299470190507,2012,"LA SOCIALIZACIÓN DE INFORMACIÓN EN LA WEB: EL BLOG COMO UN DIVULGADOR DEL CONOCIMIENTO","ALEXANDRIA (PERU)",1991-1653,N,,,
"Maria Giovanna Guedes Farias",http://lattes.cnpq.br/3383299470190507,2011,"Responsabilidade social da CI na inclusão de comunidades na sociedade da informação","REVISTA EDICIC",2236-5753,B3,,,2017-2020
"Maria Giovanna Guedes Farias",http://lattes.cnpq.br/3383299470190507,2011,"Memória do cotidiano: registro da Comunidade Santa Clara na Web","EM QUESTÃO",1808-5245,A2,,,2017-2020
"Maria Giovanna Guedes Farias",http://lattes.cnpq.br/3383299470190507,2010,"A inclusão da comunidade Santa Clara na sociedade da informação: proposta de trabalho","REVISTA DIGITAL DE BIBLIOTECONOMIA E CIÊNCIA DA INFORMAÇÃO",1678-765X,A3,,,2017-2020
"Maria Giovanna Guedes Farias",http://lattes.cnpq.br/3383299470190507,2010,"Registro de conhecimentos da Comunidade Santa Clara no ciberespaço","EM QUESTÃO (UFRGS. IMPRESSO)",1807-8893,A2,,,2017-2020
"Maria Giovanna Guedes Farias",http://lattes.cnpq.br/3383299470190507,2009,"PROPOSTA DE INCLUSÃO DA COMUNIDADE SANTA CLARA NA SOCIEDADE DA INFORMAÇÃO","BRAZILIAN JOURNAL OF INFORMATION SCIENCE",1981-1640,A4,,,2017-2020