nome,lattes_url,ano_publicacao,titulo_publicacao,periodico,issn,qualis,pontos,area,ano_base
"Maria Aurea Montenegro Albuquerque Guerra",http://lattes.cnpq.br/6346079652322359,2025,"liderança como competência essencial para o bibliotecário gestor","BIBLIONLINE (JOÃO PESSOA)",1809-4775,B1,,,2017-2020
"Maria Aurea Montenegro Albuquerque Guerra",http://lattes.cnpq.br/6346079652322359,2025,"Trilhas investigativas em mediação e gestão da informação e do conhecimento","CIÊNCIA DA INFORMAÇÃO EM REVISTA",2358-0763,B1,,,2017-2020
"Maria Aurea Montenegro Albuquerque Guerra",http://lattes.cnpq.br/6346079652322359,2025,"Mapas conceituais na pesquisa em Ciência da Informação: perspectivas à luz da revisão integrativa da literatura","PÁGINAS A & B. ARQUIVOS & BIBLIOTECAS",0873-5670,A4,,,2017-2020
"Maria Aurea Montenegro Albuquerque Guerra",http://lattes.cnpq.br/6346079652322359,2025,"Perspectivas contemporâneas da atuação do bibliotecário na gestão de pessoas: uma análise na literatura com ênfase nas práticas profissionaisContemporary perspectives on the librarian's role in human resource management: a literature review with an emphasis on professional practices.Perspectivas contemporáneas sobre el papel del bibliotecario en la gestión de recursos humanos: una revisión de","REVISTA EDICIC",2236-5753,B3,,,2017-2020
"Maria Aurea Montenegro Albuquerque Guerra",http://lattes.cnpq.br/6346079652322359,2025,"Diretrizes para implantação de uma biblioteca comunitária e sua contribuição para a formação do cidadão","REVISTA BIBLIOMAR",2526-6160,B2,,,2017-2020
"Maria Aurea Montenegro Albuquerque Guerra",http://lattes.cnpq.br/6346079652322359,2024,"Interseções entre memória institucional,  representação da informação e gestão do  conhecimento","EM QUESTÃO",1808-5245,A2,,,2017-2020
"Maria Aurea Montenegro Albuquerque Guerra",http://lattes.cnpq.br/6346079652322359,2023,"Análise bibliométrica da produção científica sobre Gestão da Informação em Bibliotecas Universitárias indexadas na BRAPCI","INFORMAÇÃO & INFORMAÇÃO (ONLINE)",1981-8920,A2,,,2017-2020
"Maria Aurea Montenegro Albuquerque Guerra",http://lattes.cnpq.br/6346079652322359,2023,"Relações entre biblioteca universitária e as dimensões do Sistema Nacional de Avaliação da Educação Superior","BIBLIONLINE (JOÃO PESSOA)",1809-4775,B1,,,2017-2020
"Maria Aurea Montenegro Albuquerque Guerra",http://lattes.cnpq.br/6346079652322359,2023,"Teoria Geral da Administração e as contribuições para a gestão de Bibliotecas Universitárias","RISC: REVISTA INFORMAÇÃO NA SOCIEDADE CONTEMPORÂNEA",2447-0198,B3,,,2017-2020
"Maria Aurea Montenegro Albuquerque Guerra",http://lattes.cnpq.br/6346079652322359,2023,"Percursos Interdisciplinares na Formação Docente na Ciência da Informação no Ceará","TENDÊNCIAS DA PESQUISA BRASILEIRA EM CIÊNCIA DA INFORMAÇÃO",1983-5116,B1,,,2017-2020
"Maria Aurea Montenegro Albuquerque Guerra",http://lattes.cnpq.br/6346079652322359,2023,"Teoria Geral da Administração e as contribuições para a gestão de Bibliotecas Universitárias","REVISTA INFORMAÇÃO NA SOCIEDADE CONTEMPORÂNEA",2447-0198,B3,,,2017-2020
"Maria Aurea Montenegro Albuquerque Guerra",http://lattes.cnpq.br/6346079652322359,2022,"Mapeamento de processos em biblioteca jurídica: perspectiva de melhoria na Gestão da Informação organizacional.","ATOZ: NOVAS PRÁTICAS EM INFORMAÇÃO E CONHECIMENTO",2237-826X,A4,,,2017-2020
"Maria Aurea Montenegro Albuquerque Guerra",http://lattes.cnpq.br/6346079652322359,2022,"Análise da gestão da informação em organizações de educação profissional à luz do ambiente informacional de Thomas Davenport","BIBLIOCANTO",2447-7842,B3,,,2017-2020
"Maria Aurea Montenegro Albuquerque Guerra",http://lattes.cnpq.br/6346079652322359,2021,"Biblioteca universitária e a pandemia de Covid-19 relato de atuação na Universidade Federal do Ceará","REVISTA FONTES DOCUMENTAIS",2595-9778,B3,,,2017-2020
"Maria Aurea Montenegro Albuquerque Guerra",http://lattes.cnpq.br/6346079652322359,2021,"Ensino Remoto Emergencial na disciplina de Organização, Sistemas e Métodos em Unidades de Informação: relato das práticas pedagógicas para formação discente","REVISTA ACB (FLORIANÓPOLIS)",1414-0594,A4,,,2017-2020
"Maria Aurea Montenegro Albuquerque Guerra",http://lattes.cnpq.br/6346079652322359,2021,"Modalidades de avaliação educacional e aprendizagem: diálogos necessários","HUMANIDADES & INOVAÇÃO",2358-8322,B2,,,2017-2020
"Maria Aurea Montenegro Albuquerque Guerra",http://lattes.cnpq.br/6346079652322359,2018,"Gestão e marketing em unidade de informação: competências do profissional da informação","INFORMAÇÃO EM PAUTA",2525-3468,A4,,,2017-2020
"Maria Aurea Montenegro Albuquerque Guerra",http://lattes.cnpq.br/6346079652322359,2016,"Projeto de extensão Informação sem Fronteiras: relato de experiência","REVISTA FOLHA DE ROSTO",2447-0120,B3,,,2017-2020
"Maria Aurea Montenegro Albuquerque Guerra",http://lattes.cnpq.br/6346079652322359,2014,"Didática e trabalho pedagógico: uma análise crítica","REVISTA DIÁLOGOS ACADÊMICOS",2238-7374,B3,,,2017-2020
"Maria Aurea Montenegro Albuquerque Guerra",http://lattes.cnpq.br/6346079652322359,2012,"Informação e memoria: a biblioteca como fonte de conhecimento","REVISTA DIÁLOGOS ACADÊMICOS",2238-7374,B3,,,2017-2020