nome,lattes_url,ano_publicacao,titulo_publicacao,periodico,issn,qualis,pontos,area,ano_base
"Osvaldo de Souza",http://lattes.cnpq.br/2401685290370393,2024,"Heredograma Informacional","BRAZILIAN JOURNAL OF INFORMATION SCIENCE",1981-1640,A4,,,2017-2020
"Osvaldo de Souza",http://lattes.cnpq.br/2401685290370393,2021,"Desenvolvimento e avaliação do protótipo da aplicação GISSA ChatBot Mamãe-Bebê para promoção da saúde infantil","CIÊNCIA & SAÚDE COLETIVA",1678-4561,A1,,,2017-2020
"Osvaldo de Souza",http://lattes.cnpq.br/2401685290370393,2020,"Avaliação do desempenho de um software de sumarização automática de textos","INFORMAÇÃO & INFORMAÇÃO (ONLINE)",1981-8920,A2,,,2017-2020
"Osvaldo de Souza",http://lattes.cnpq.br/2401685290370393,2020,"O comportamento dos usuários docentes frente à Arquitetura da Informação (AI) do SIGAA","REVISTA FOLHA DE ROSTO",2447-0120,B3,,,2017-2020
"Osvaldo de Souza",http://lattes.cnpq.br/2401685290370393,2019,"ATRIBUTOS DA ENCONTRABILIDADE E PRINCÍPIOS DA USABILIDADE DA INFORMAÇÃO NA WEB: estudo sobre a percepção dos profissionais de Search Engine Optimization","REVISTA BRASILEIRA DE BIBLIOTECONOMIA E DOCUMENTAÇÃO (ONLINE)",1980-6949,A3,,,2017-2020
"Osvaldo de Souza",http://lattes.cnpq.br/2401685290370393,2018,"MUSEU DE ARTE E CULTURA DO CEARÁ: uma análise dos riscos baseados em um modelo integrado dos fluxos de informação dos métodos Fine e Mosler","INFORMAÇÃO EM PAUTA",2525-3468,A4,,,2017-2020
"Osvaldo de Souza",http://lattes.cnpq.br/2401685290370393,2018,"Estudo sobre contribuição da Ciência da Informação em pesquisas sobre Tecnologias Assistivas","COMUNICAÇÃO & INFORMAÇÃO",2317-675X,B2,,,2017-2020
"Osvaldo de Souza",http://lattes.cnpq.br/2401685290370393,2018,"CONSIDERATIONS ON INFORMATION ACCESSIBILITY IN BRAZILIAN LIBRARY SCIENCE","REVISTA CIENCIAS DE LA DOCUMENTACIÓN",0719-5753,B1,,,2017-2020
"Osvaldo de Souza",http://lattes.cnpq.br/2401685290370393,2017,"UM MÉTODO DE SUMARIZAÇÃO AUTOMÁTICA DE TEXTOS ATRAVÉS DE DADOS ESTATÍSTICOS E PROCESSAMENTO DE LINGUAGEM NATURAL","INFORMACAO & SOCIEDADE-ESTUDOS",0104-0146,A2,,,2017-2020
"Osvaldo de Souza",http://lattes.cnpq.br/2401685290370393,2017,"THE CONTRIBUTION OF LIBRARY?S TECHNICAL PROCESS FOR INFORMATION ACCESSIBILITY","REVISTA CIENCIAS DE LA DOCUMENTACIÓN",0719-5753,B1,,,2017-2020
"Osvaldo de Souza",http://lattes.cnpq.br/2401685290370393,2017,"ENTRE O OBJETO E O SUJEITO: COMPOSIÇÃO, DIÁLOGO E CONFLUÊNCIA NA RECUPERAÇÃO DA INFORMAÇÃO EM ARQUIVOS","INFORMAÇÃO EM PAUTA",2525-3468,A4,,,2017-2020
"Osvaldo de Souza",http://lattes.cnpq.br/2401685290370393,2016,"OPEN JOURNAL SYSTEMS VERSÕES 2 E 3: UMA COMPARAÇÃO ERGONÔMICA","EXTENSÃO EM AÇÃO",2316-400X,B4,,,2017-2020
"Osvaldo de Souza",http://lattes.cnpq.br/2401685290370393,2015,"A USABILIDADE NA PERSPECTIVA DO USO DA INFORMAÇÃO: estatísticas das pesquisas sobre o tema no Brasil","INFORMAÇÃO & SOCIEDADE (UFPB. ONLINE)",1809-4783,A2,,,2017-2020
"Osvaldo de Souza",http://lattes.cnpq.br/2401685290370393,2014,"VIRANDO A PÁGINA: UM NOVO CONCEITO DE ACESSIBILIDADE NA WEB PARA DEFICIENTES VISUAIS","INFORMAÇÃO & SOCIEDADE (UFPB. ONLINE)",1809-4783,A2,,,2017-2020
"Osvaldo de Souza",http://lattes.cnpq.br/2401685290370393,2008,"Interactive Applications For Digital TV Using Internet Legacy","IEEE COMMUNICATIONS LETTERS (PRINT)",1089-7798,A1,,,2017-2020