nome,lattes_url,ano_publicacao,titulo_publicacao,periodico,issn,qualis,pontos,area,ano_base
"Ana Karolinna Maia de Oliveira",http://lattes.cnpq.br/3309825374177429,2024,"FPT algorithms for packing -safe spanning rooted sub(di)graphs","DISCRETE APPLIED MATHEMATICS",0166-218X,A2,,,2017-2020
"Ana Karolinna Maia de Oliveira",http://lattes.cnpq.br/3309825374177429,2023,"From branchings to flows: a study of an Edmonds' like property to arc-disjoint branching flows","DISCRETE MATHEMATICS AND THEORETICAL COMPUTER SCIENCE (ONLINE)",1365-8050,B1,,,2017-2020
"Ana Karolinna Maia de Oliveira",http://lattes.cnpq.br/3309825374177429,2023,"On Finding the Best and Worst Orientations for the Metric Dimension","ALGORITHMICA (NEW YORK. INTERNET)",1432-0541,A3,,,2017-2020
"Ana Karolinna Maia de Oliveira",http://lattes.cnpq.br/3309825374177429,2023,"Target set selection with maximum activation time","DISCRETE APPLIED MATHEMATICS",0166-218X,A2,,,2017-2020
"Ana Karolinna Maia de Oliveira",http://lattes.cnpq.br/3309825374177429,2022,"Adapting the Directed Grid Theorem into an FPT Algorithm","SIAM JOURNAL ON DISCRETE MATHEMATICS",0895-4801,A3,,,2017-2020
"Ana Karolinna Maia de Oliveira",http://lattes.cnpq.br/3309825374177429,2020,"On the Complexity of Finding Internally Vertex-Disjoint Long Directed Paths","ALGORITHMICA",0178-4617,A3,,,2017-2020
"Ana Karolinna Maia de Oliveira",http://lattes.cnpq.br/3309825374177429,2019,"Um Estudo de Redes com Fluxos Ramificados Arco-disjuntos","MATEMATICA CONTEMPORANEA",0103-9059,C,,,2017-2020
"Ana Karolinna Maia de Oliveira",http://lattes.cnpq.br/3309825374177429,2017,"Finding a subdivision of a prescribed digraph of order 4","JOURNAL OF GRAPH THEORY",0364-9024,A3,,,2017-2020
"Ana Karolinna Maia de Oliveira",http://lattes.cnpq.br/3309825374177429,2015,"Finding a subdivision of a digraph","THEORETICAL COMPUTER SCIENCE",0304-3975,A2,,,2017-2020
"Ana Karolinna Maia de Oliveira",http://lattes.cnpq.br/3309825374177429,2015,"Complexity of greedy edge-colouring","JOURNAL OF THE BRAZILIAN COMPUTER SOCIETY (IMPRESSO)",0104-6500,A2,,,2017-2020
"Ana Karolinna Maia de Oliveira",http://lattes.cnpq.br/3309825374177429,2014,"Restricted coloring problems on Graphs with few P 4’s","ANNALS OF OPERATION RESEARCH",0254-5330,A2,,,2017-2020
"Ana Karolinna Maia de Oliveira",http://lattes.cnpq.br/3309825374177429,2013,"Maximization coloring problems on graphs with few","DISCRETE APPLIED MATHEMATICS",0166-218X,A2,,,2017-2020