nome,lattes_url,ano_publicacao,titulo_publicacao,periodico,issn,qualis,pontos,area,ano_base
"Angelo Roncalli Alencar Brayner",http://lattes.cnpq.br/3895469714548887,2024,"MM-DIRECT","VLDB JOURNAL",1066-8888,A2,,,2021
"Angelo Roncalli Alencar Brayner",http://lattes.cnpq.br/3895469714548887,2022,"Tu1134: ATYPICAL GERD SYMPTOMS MAY BE ASSOCIATED WITH DIAPHRAGM STRENGTH IN LEAN AND OLDER SUBJECTS","GASTROENTEROLOGY",0016-5085,A1,,,2017-2020
"Angelo Roncalli Alencar Brayner",http://lattes.cnpq.br/3895469714548887,2021,"Main Memory Database Recovery","ACM COMPUTING SURVEYS",0360-0300,A1,,,2017-2020
"Angelo Roncalli Alencar Brayner",http://lattes.cnpq.br/3895469714548887,2019,"DaC-Join: A join operator for improving database performance on modern hardware","CONCURRENCY AND COMPUTATION-PRACTICE & EXPERIENCE",1532-0626,A3,,,2017-2020
"Angelo Roncalli Alencar Brayner",http://lattes.cnpq.br/3895469714548887,2017,"On the effect of human mobility to the design of metropolitan mobile opportunistic networks of sensors","PERVASIVE AND MOBILE COMPUTING",1574-1192,A1,,,2017-2020
"Angelo Roncalli Alencar Brayner",http://lattes.cnpq.br/3895469714548887,2017,"Improving Multidimensional Wireless Sensor Network Lifetime Using Pearson Correlation and Fractal Clustering","SENSORS",1424-8220,A2,,,2017-2020
"Angelo Roncalli Alencar Brayner",http://lattes.cnpq.br/3895469714548887,2016,"DaC scan: a novel scan operator for exploiting SSD internal parallelism","CONCURRENCY AND COMPUTATION-PRACTICE & EXPERIENCE",1532-0626,A3,,,2017-2020
"Angelo Roncalli Alencar Brayner",http://lattes.cnpq.br/3895469714548887,2014,"On query processing in wireless sensor networks using classes of quality of queries","INFORMATION FUSION (PRINT)",1566-2535,A1,,,2017-2020
"Angelo Roncalli Alencar Brayner",http://lattes.cnpq.br/3895469714548887,2014,"ARe-SQL: An Online, Automatic and Non-Intrusive Approach for Rewriting SQL Queries:","JOURNAL OF INFORMATION AND DATA MANAGEMENT - JIDM",2178-7107,B1,,,2017-2020
"Angelo Roncalli Alencar Brayner",http://lattes.cnpq.br/3895469714548887,2014,"Improving Index Maintenance Using Decision Analysis","JOURNAL OF INFORMATION AND DATA MANAGEMENT - JIDM",2178-7107,B1,,,2017-2020
"Angelo Roncalli Alencar Brayner",http://lattes.cnpq.br/3895469714548887,2013,"A framework for processing complex queries in wireless sensor networks","APPLIED COMPUTING REVIEW",1559-6915,B2,,,2017-2020
"Angelo Roncalli Alencar Brayner",http://lattes.cnpq.br/3895469714548887,2013,"Approaches to Model Query Interactions","JOURNAL OF INFORMATION AND DATA MANAGEMENT - JIDM",2178-7107,B1,,,2017-2020
"Angelo Roncalli Alencar Brayner",http://lattes.cnpq.br/3895469714548887,2013,"Interaction-Aware Data Management in the Cloud","JOURNAL OF INFORMATION AND DATA MANAGEMENT - JIDM",2178-7107,B1,,,2017-2020
"Angelo Roncalli Alencar Brayner",http://lattes.cnpq.br/3895469714548887,2013,"SCM-BP: An Intelligent Buffer Management Mechanism for Database in Storage Class Memory","JOURNAL OF INFORMATION AND DATA MANAGEMENT - JIDM",2178-7107,B1,,,2017-2020
"Angelo Roncalli Alencar Brayner",http://lattes.cnpq.br/3895469714548887,2012,"A Flash File System for Resource Restricted Platforms","JOURNAL OF INFORMATION AND DATA MANAGEMENT - JIDM",2178-7107,B1,,,2017-2020
"Angelo Roncalli Alencar Brayner",http://lattes.cnpq.br/3895469714548887,2012,"Proactive Index Maintenance: Using Prediction Models for Improving Index Maintenance in Databases","JOURNAL OF INFORMATION AND DATA MANAGEMENT - JIDM",2178-7107,B1,,,2017-2020
"Angelo Roncalli Alencar Brayner",http://lattes.cnpq.br/3895469714548887,2008,"An Adaptive In-network Aggregation Operator for Query Processing in Wireless Sensor Networks","THE JOURNAL OF SYSTEMS AND SOFTWARE",0164-1212,A1,,,2017-2020
"Angelo Roncalli Alencar Brayner",http://lattes.cnpq.br/3895469714548887,2008,"A Self-adaptable Scheduler for Synchronizing Transactions in Dynamically Configurable Environments","DATA & KNOWLEDGE ENGINEERING",0169-023X,A3,,,2017-2020
"Angelo Roncalli Alencar Brayner",http://lattes.cnpq.br/3895469714548887,2007,"Towards Adaptive Query Processing in Wireless Sensor Networks","SIGNAL PROCESSING",0165-1684,A1,,,2017-2020
"Angelo Roncalli Alencar Brayner",http://lattes.cnpq.br/3895469714548887,2006,"On mobile transaction processing in dynamically configurable mobile database communities","INTERNATIONAL JOURNAL OF PARALLEL, EMERGENT AND DISTRIBUTED SYSTEMS (PRINT)",1744-5760,B1,,,2017-2020
"Angelo Roncalli Alencar Brayner",http://lattes.cnpq.br/3895469714548887,2005,"Operadores de junção baseados em mecanismos de hash para o processamento de consultas em bancos de dados","REVISTA TECNOLOGIA (UNIFOR)",0101-8191,N,,,
"Angelo Roncalli Alencar Brayner",http://lattes.cnpq.br/3895469714548887,1999,"Semantic serializability: A correctness criterion for processing transactions in advanced database applications","DATA & KNOWLEDGE ENGINEERING",0169-023X,A3,,,2017-2020
"Angelo Roncalli Alencar Brayner",http://lattes.cnpq.br/3895469714548887,1996,"Using FlowMark in Molecular Biology","EMISA FORUM",,N,,,