nome,lattes_url,ano_publicacao,titulo_publicacao,periodico,issn,qualis,pontos,area,ano_base
"César Lincoln Cavalcante Mattos",http://lattes.cnpq.br/2445571161029337,2025,"FRAPE: A Framework for Risk Assessment, Prioritization and Explainability of vulnerabilities in cybersecurity","JOURNAL OF INFORMATION SECURITY AND APPLICATIONS",2214-2126,A3,,,2017-2020
"César Lincoln Cavalcante Mattos",http://lattes.cnpq.br/2445571161029337,2025,"AbSet: A Standardized Data Set of Antibody Structures for Machine Learning Applications","JOURNAL OF CHEMICAL INFORMATION AND MODELING",1549-9596,A1,,,2017-2020
"César Lincoln Cavalcante Mattos",http://lattes.cnpq.br/2445571161029337,2025,"Minimal Learning Machine for Multi-Label Learning","MACHINE LEARNING (DORDRECHT. ONLINE)",1573-0565,A2,,,2017-2020
"César Lincoln Cavalcante Mattos",http://lattes.cnpq.br/2445571161029337,2025,"Deep learning-based classification of runway pavement friction from satellite imagery","CADERNO PEDAGÓGICO (LAJEADO. ONLINE)",1983-0882,A2,,,2017-2020
"César Lincoln Cavalcante Mattos",http://lattes.cnpq.br/2445571161029337,2024,"Edge AI for Internet of Medical Things: A literature review","COMPUTERS & ELECTRICAL ENGINEERING",0045-7906,A2,,,2017-2020
"César Lincoln Cavalcante Mattos",http://lattes.cnpq.br/2445571161029337,2024,"Bayesian ART for incomplete datasets","APPLIED SOFT COMPUTING",1568-4946,A1,,,2017-2020
"César Lincoln Cavalcante Mattos",http://lattes.cnpq.br/2445571161029337,2024,"Spatio-temporal wind speed forecasting with approximate Bayesian uncertainty quantification","NEURAL COMPUTING & APPLICATIONS",0941-0643,A2,,,2017-2020
"César Lincoln Cavalcante Mattos",http://lattes.cnpq.br/2445571161029337,2022,"Bayesian Multilateration","IEEE SIGNAL PROCESSING LETTERS",1070-9908,A1,,,2017-2020
"César Lincoln Cavalcante Mattos",http://lattes.cnpq.br/2445571161029337,2022,"Evaluating Link Lifetime Prediction to Support Computational","SENSORS",1424-8220,A2,,,2017-2020
"César Lincoln Cavalcante Mattos",http://lattes.cnpq.br/2445571161029337,2022,"The role of bug report evolution in reliable fixing estimation","EMPIRICAL SOFTWARE ENGINEERING",1382-3256,A1,,,2017-2020
"César Lincoln Cavalcante Mattos",http://lattes.cnpq.br/2445571161029337,2022,"A text classification methodology to assist a large technical support system","IEEE ACCESS",2169-3536,A3,,,2017-2020
"César Lincoln Cavalcante Mattos",http://lattes.cnpq.br/2445571161029337,2022,"Self-tuning portfolio-based Bayesian optimization","EXPERT SYSTEMS WITH APPLICATIONS",0957-4174,A1,,,2017-2020
"César Lincoln Cavalcante Mattos",http://lattes.cnpq.br/2445571161029337,2020,"Gaussian Process with Logistic Mean Function for Modeling Wind Turbine Power Curves","RENEWABLE ENERGY",0960-1481,A1,,,2017-2020
"César Lincoln Cavalcante Mattos",http://lattes.cnpq.br/2445571161029337,2020,"A Novel Fuzzy ARTMAP with Area of Influence","NEUROCOMPUTING",0925-2312,A1,,,2017-2020
"César Lincoln Cavalcante Mattos",http://lattes.cnpq.br/2445571161029337,2020,"Minimal Learning Machine: Theoretical Results and Clustering-Based Reference Point Selection","JOURNAL OF MACHINE LEARNING RESEARCH",1532-4435,A1,,,2017-2020
"César Lincoln Cavalcante Mattos",http://lattes.cnpq.br/2445571161029337,2019,"A stochastic variational framework for Recurrent Gaussian Processes models","NEURAL NETWORKS",0893-6080,A1,,,2017-2020
"César Lincoln Cavalcante Mattos",http://lattes.cnpq.br/2445571161029337,2019,"LS-SVR as a Bayesian RBF Network","IEEE TRANSACTIONS ON NEURAL NETWORKS AND LEARNING SYSTEMS",2162-237X,A1,,,2017-2020
"César Lincoln Cavalcante Mattos",http://lattes.cnpq.br/2445571161029337,2019,"A sparse linear regression model for incomplete datasets","PATTERN ANALYSIS AND APPLICATIONS",1433-755X,A4,,,2017-2020
"César Lincoln Cavalcante Mattos",http://lattes.cnpq.br/2445571161029337,2017,"Deep recurrent Gaussian processes for outlier-robust system identification","JOURNAL OF PROCESS CONTROL",0959-1524,A1,,,2017-2020
"César Lincoln Cavalcante Mattos",http://lattes.cnpq.br/2445571161029337,2014,"An improved hybrid particle swarm optimization algorithm applied to economic modeling of radio resource allocation","ELECTRONIC COMMERCE RESEARCH",1572-9362,N,,,
"César Lincoln Cavalcante Mattos",http://lattes.cnpq.br/2445571161029337,2013,"ARTIE and MUSCLE models: building ensemble classifiers from fuzzy ART and SOM networks","NEURAL COMPUTING & APPLICATIONS",0941-0643,A2,,,2017-2020