nome,lattes_url,ano_publicacao,titulo_publicacao,periodico,issn,qualis,pontos,area,ano_base
"Claudia Linhares Sales",http://lattes.cnpq.br/6115379961132154,2026,"The Harmonious Coloring Game","INFORMATION PROCESSING LETTERS",0020-0190,A4,,,2017-2020
"Claudia Linhares Sales",http://lattes.cnpq.br/6115379961132154,2025,"Semi-proper orientations of dense graphs","DISCRETE APPLIED MATHEMATICS",0166-218X,A2,,,2017-2020
"Claudia Linhares Sales",http://lattes.cnpq.br/6115379961132154,2023,"From branching to flows: a study of an Edmonds?like property to arc-disjoint  branching flows","DISCRETE MATHEMATICS AND THEORETICAL COMPUTER SCIENCE (ONLINE)",1365-8050,B1,,,2017-2020
"Claudia Linhares Sales",http://lattes.cnpq.br/6115379961132154,2020,"On clique-inverse graphs of graphs with bounded clique number","JOURNAL OF GRAPH THEORY",0364-9024,A3,,,2017-2020
"Claudia Linhares Sales",http://lattes.cnpq.br/6115379961132154,2019,"Minimal obstructions to 2-polar cographs","DISCRETE APPLIED MATHEMATICS",0166-218X,A2,,,2017-2020
"Claudia Linhares Sales",http://lattes.cnpq.br/6115379961132154,2019,"Um Estudo de Redes com Fluxos Ramificados Arco-disjuntos","MATEMATICA CONTEMPORANEA",0103-9059,C,,,2017-2020
"Claudia Linhares Sales",http://lattes.cnpq.br/6115379961132154,2019,"Weighted proper orientations of trees and graphs of bounded treewidth","THEORETICAL COMPUTER SCIENCE",0304-3975,A2,,,2017-2020
"Claudia Linhares Sales",http://lattes.cnpq.br/6115379961132154,2017,"Proper Orientations of Planar Bipartite Graphs","GRAPHS AND COMBINATORICS",0911-0119,B1,,,2017-2020
"Claudia Linhares Sales",http://lattes.cnpq.br/6115379961132154,2017,"On the b-Continuity of the Lexicographic Product of Graphs","GRAPHS AND COMBINATORICS",0911-0119,B1,,,2017-2020
"Claudia Linhares Sales",http://lattes.cnpq.br/6115379961132154,2017,"The b-Continuity of Graphs with Large Girth","GRAPHS AND COMBINATORICS",0911-0119,B1,,,2017-2020
"Claudia Linhares Sales",http://lattes.cnpq.br/6115379961132154,2016,"Proper orientation of cacti","THEORETICAL COMPUTER SCIENCE",0304-3975,A2,,,2017-2020
"Claudia Linhares Sales",http://lattes.cnpq.br/6115379961132154,2014,"Maximization coloring problems on graphs with few","DISCRETE APPLIED MATHEMATICS",0166-218X,A2,,,2017-2020
"Claudia Linhares Sales",http://lattes.cnpq.br/6115379961132154,2014,"Restricted coloring problems on Graphs with few P 4’s","ANNALS OF OPERATION RESEARCH",0254-5330,A2,,,2017-2020
"Claudia Linhares Sales",http://lattes.cnpq.br/6115379961132154,2013,"A Hajós-like theorem for weighted coloring","JOURNAL OF THE BRAZILIAN COMPUTER SOCIETY (ONLINE)",1678-4804,A2,,,2017-2020
"Claudia Linhares Sales",http://lattes.cnpq.br/6115379961132154,2013,"Oriented trees in digraphs","DISCRETE MATHEMATICS",0012-365X,A3,,,2017-2020
"Claudia Linhares Sales",http://lattes.cnpq.br/6115379961132154,2012,"New bounds on the  Grundy number of products of graphs","JOURNAL OF GRAPH THEORY (PRINT)",0364-9024,A3,,,2017-2020
"Claudia Linhares Sales",http://lattes.cnpq.br/6115379961132154,2012,"b-coloring of tight graphs","DISCRETE APPLIED MATHEMATICS",0166-218X,A2,,,2017-2020
"Claudia Linhares Sales",http://lattes.cnpq.br/6115379961132154,2012,"The Proportional Coloring Problem: Optimizing Buffers in Radio Mesh Networks","DISCRETE MATHEMATICS, ALGORITHMS AND APPLICATIONS",1793-8309,B3,,,2017-2020
"Claudia Linhares Sales",http://lattes.cnpq.br/6115379961132154,2012,"On the Grundy number of graphs with few ¿s","DISCRETE APPLIED MATHEMATICS",0166-218X,A2,,,2017-2020
"Claudia Linhares Sales",http://lattes.cnpq.br/6115379961132154,2011,"Even Pairs in Planar Berge Graphs","MATEMÁTICA CONTEMPORÂNEA",0103-9059,C,,,2017-2020
"Claudia Linhares Sales",http://lattes.cnpq.br/6115379961132154,2010,"Grundy number and products of graphs","DISCRETE MATHEMATICS",0012-365X,A3,,,2017-2020
"Claudia Linhares Sales",http://lattes.cnpq.br/6115379961132154,2010,"A bound on the treewidth of planar even-hole-free graphs","DISCRETE APPLIED MATHEMATICS",0166-218X,A2,,,2017-2020
"Claudia Linhares Sales",http://lattes.cnpq.br/6115379961132154,2010,"IMPROPER COLORING OF WEIGHTED GRID AND HEXAGONAL GRAPHS","DISCRETE MATHEMATICS, ALGORITHMS AND APPLICATIONS",1793-8309,B3,,,2017-2020
"Claudia Linhares Sales",http://lattes.cnpq.br/6115379961132154,2009,"Dirac¿s Theorem on Simplicial Matroids","ANNALS OF COMBINATORICS (PRINT)",0218-0006,B1,,,2017-2020
"Claudia Linhares Sales",http://lattes.cnpq.br/6115379961132154,2009,"On minimally b-imperfect graphs","DISCRETE APPLIED MATHEMATICS",0166-218X,A2,,,2017-2020
"Claudia Linhares Sales",http://lattes.cnpq.br/6115379961132154,2008,"On Planar Strict Quasi Parity Graphs","SIAM JOURNAL ON DISCRETE MATHEMATICS",0895-4801,A3,,,2017-2020
"Claudia Linhares Sales",http://lattes.cnpq.br/6115379961132154,2004,"On Dart-free Perfectly Contractile Graphs","THEORETICAL COMPUTER SCIENCE",0304-3975,A2,,,2017-2020
"Claudia Linhares Sales",http://lattes.cnpq.br/6115379961132154,2003,"Even Pairs  in Square-free Berge Graphs","MATEMÁTICA CONTEMPORÂNEA",0103-9059,C,,,2017-2020
"Claudia Linhares Sales",http://lattes.cnpq.br/6115379961132154,2001,"On Tucker's proof of the strong perfect graph conjecture for (K4-e)-free graphs","DISCRETE MATHEMATICS",0012-365X,A3,,,2017-2020
"Claudia Linhares Sales",http://lattes.cnpq.br/6115379961132154,2001,"Recognizing Planar Strict Quasi-Parity Graphs","GRAPHS AND COMBINATORICS",0911-0119,B1,,,2017-2020
"Claudia Linhares Sales",http://lattes.cnpq.br/6115379961132154,1998,"Even Pairs In Claw-Free Perfect Graphs","JOURNAL OF COMBINATORIAL THEORY. SERIES B",0095-8956,A2,,,2017-2020
"Claudia Linhares Sales",http://lattes.cnpq.br/6115379961132154,1997,"Path Parity And Perfection","DISCRETE MATHEMATICS",0012-365X,A3,,,2017-2020
"Claudia Linhares Sales",http://lattes.cnpq.br/6115379961132154,1997,"On Planar Perfectly Contractile Graphs","GRAPHS AND COMBINATORICS",0911-0119,B1,,,2017-2020