nome,lattes_url,ano_publicacao,titulo_publicacao,periodico,issn,qualis,pontos,area,ano_base
"Creto Augusto Vidal",http://lattes.cnpq.br/9499398320838094,2025,"Multi-material topology optimization with a direct meshless local Petrov-Galerkin method applied to a two-dimensional boundary value problem","ENGINEERING OPTIMIZATION",0305-215X,A2,,,2017-2020
"Creto Augusto Vidal",http://lattes.cnpq.br/9499398320838094,2024,"Automated Generation of Geometric Models of Box Girder Bridges","STRUCTURAL ENGINEERING INTERNATIONAL",1016-8664,B1,,,2017-2020
"Creto Augusto Vidal",http://lattes.cnpq.br/9499398320838094,2024,"A Truly Meshless Approach to Structural Topological Optimization Based on the Direct Meshless Local Petrov-Galerkin (DMLPG) Method","STRUCTURAL AND MULTIDISCIPLINARY OPTIMIZATION",1615-147X,A1,,,2017-2020
"Creto Augusto Vidal",http://lattes.cnpq.br/9499398320838094,2023,"Building Oriented Bounding Boxes by the intermediate use of ODOPs","COMPUTERS & GRAPHICS-UK",0097-8493,A2,,,2017-2020
"Creto Augusto Vidal",http://lattes.cnpq.br/9499398320838094,2022,"An efficient automatic mesh generation algorithm for planar  isogeometric analysis using high-order rational Bézier triangles","ENGINEERING WITH COMPUTERS",0177-0667,A1,,,2017-2020
"Creto Augusto Vidal",http://lattes.cnpq.br/9499398320838094,2022,"A modeling environment for reinforcement learning in games","ENTERTAINMENT COMPUTING",1875-9521,A3,,,2017-2020
"Creto Augusto Vidal",http://lattes.cnpq.br/9499398320838094,2022,"Proposta de Arquitetura para Simuladores de Realidade Virtual Voltados à Capacitação de Forças Policiais.","COMUNICAÇÕES EM INFORMÁTICA",2595-0622,C,,,2017-2020
"Creto Augusto Vidal",http://lattes.cnpq.br/9499398320838094,2021,"Non-overlapping geometric shadow map","COMPUTERS & GRAPHICS-UK",0097-8493,A2,,,2017-2020
"Creto Augusto Vidal",http://lattes.cnpq.br/9499398320838094,2021,"A model for flexible representation of social groups in crowd simulation","COMPUTERS & GRAPHICS-UK",0097-8493,A2,,,2017-2020
"Creto Augusto Vidal",http://lattes.cnpq.br/9499398320838094,2020,"Towards Intrinsic Autonomy through Evolutionary Computation","ARTIFICIAL INTELLIGENCE REVIEW",0269-2821,A1,,,2017-2020
"Creto Augusto Vidal",http://lattes.cnpq.br/9499398320838094,2020,"A Visual Analytics Approach to Facilitate Crime Hotspot Analysis","COMPUTER GRAPHICS FORUM",0167-7055,A2,,,2017-2020
"Creto Augusto Vidal",http://lattes.cnpq.br/9499398320838094,2020,"An Autonomous Emotional Virtual Character: An Approach with Deep and Goal-Parameterized Reinforcement Learning","SBC JOURNAL ON 3D INTERACTIVE SYSTEMS",2236-3297,B1,,,2017-2020
"Creto Augusto Vidal",http://lattes.cnpq.br/9499398320838094,2020,"Improved Silhouette Rendering and Detection of Splat-Based Models","COMPUTERS & GRAPHICS-UK",0097-8493,A2,,,2017-2020
"Creto Augusto Vidal",http://lattes.cnpq.br/9499398320838094,2020,"A Locally-Continuous Meshless Local Petrov-Galerkin Method Applied to a Two-point Boundary Value Problem","LATIN AMERICAN JOURNAL OF SOLIDS AND STRUCTURES",1679-7825,A3,,,2017-2020
"Creto Augusto Vidal",http://lattes.cnpq.br/9499398320838094,2018,"Real-time discovery of hot routes on trajectory data streams using interactive visualization based on GPU","COMPUTERS & GRAPHICS-UK",0097-8493,A2,,,2017-2020
"Creto Augusto Vidal",http://lattes.cnpq.br/9499398320838094,2017,"Gradient-based steering for vision-based crowd simulation algorithms","COMPUTER GRAPHICS FORUM",0167-7055,A2,,,2017-2020
"Creto Augusto Vidal",http://lattes.cnpq.br/9499398320838094,2017,"Tunable Robustness: An Artificial Contact Strategy with Virtual Actuator Control for Balance","COMPUTER GRAPHICS FORUM",0167-7055,A2,,,2017-2020
"Creto Augusto Vidal",http://lattes.cnpq.br/9499398320838094,2016,"Emergent vision system of autonomous virtual characters","NEUROCOMPUTING (AMSTERDAM)",0925-2312,A1,,,2017-2020
"Creto Augusto Vidal",http://lattes.cnpq.br/9499398320838094,2016,"Parallel generation of meshes with cracks using binary spatial decomposition","ENGINEERING WITH COMPUTERS",0177-0667,A1,,,2017-2020
"Creto Augusto Vidal",http://lattes.cnpq.br/9499398320838094,2016,"Temporally coherent sculpture of composite objects","COMPUTERS & GRAPHICS",0097-8493,A2,,,2017-2020
"Creto Augusto Vidal",http://lattes.cnpq.br/9499398320838094,2016,"Análise isogeométrica utilizando triângulos de Bézier","REVISTA INTERDISCIPLINAR DE PESQUISA EM ENGENHARIA",2447-6102,C,,,2017-2020
"Creto Augusto Vidal",http://lattes.cnpq.br/9499398320838094,2015,"Adapting Splat-based Models to Curved Sharp Features","JOURNAL OF GRAPHICS TOOLS",2165-347X,N,,,
"Creto Augusto Vidal",http://lattes.cnpq.br/9499398320838094,2015,"A panoramic synthetic vision model for improving collision avoidance in crowd simulation","SBC JOURNAL ON 3D INTERACTIVE SYSTEMS",2236-3297,B1,,,2017-2020
"Creto Augusto Vidal",http://lattes.cnpq.br/9499398320838094,2014,"Emergent Navigation Behavior of Autonomous Virtual Agents Endowed with an Evolved Visual Cortex","SBC JOURNAL ON 3D INTERACTIVE SYSTEMS",2236-3297,B1,,,2017-2020
"Creto Augusto Vidal",http://lattes.cnpq.br/9499398320838094,2013,"A distributed-memory parallel technique for two-dimensional mesh generation for arbitrary domains","ADVANCES IN ENGINEERING SOFTWARE (1992)",0965-9978,A1,,,2017-2020
"Creto Augusto Vidal",http://lattes.cnpq.br/9499398320838094,2013,"Latent motion spaces for full-body motion editing","THE VISUAL COMPUTER (INTERNET)",1432-2315,A4,,,2017-2020
"Creto Augusto Vidal",http://lattes.cnpq.br/9499398320838094,2012,"Reproducing Virtual Characters","COMPUTERS & GRAPHICS",0097-8493,A2,,,2017-2020
"Creto Augusto Vidal",http://lattes.cnpq.br/9499398320838094,2012,"A method for clipping splats on sharp edges and corners","THE VISUAL COMPUTER",0178-2789,A4,,,2017-2020
"Creto Augusto Vidal",http://lattes.cnpq.br/9499398320838094,2011,"Expression Cloning Based on Anthropometric Proportions and Deformations by Motion of Spherical Influence Zones","SBC JOURNAL ON 3D INTERACTIVE SYSTEMS",2236-3297,B1,,,2017-2020
"Creto Augusto Vidal",http://lattes.cnpq.br/9499398320838094,2011,"An Environment for Computational Modeling and Simulation of Pavements","INTERNATIONAL JOURNAL OF MODELING AND SIMULATION FOR THE PETROLEUM INDUSTRY (IMPRESSO)",1982-6036,C,,,2017-2020
"Creto Augusto Vidal",http://lattes.cnpq.br/9499398320838094,2011,"UFC-CRAb: A group on Computer graphics, virtual Reality and Animation","SBC JOURNAL ON 3D INTERACTIVE SYSTEMS",2236-3297,B1,,,2017-2020
"Creto Augusto Vidal",http://lattes.cnpq.br/9499398320838094,2007,"Sensory state machines for physically-based animation","THE VISUAL COMPUTER",0178-2789,A4,,,2017-2020
"Creto Augusto Vidal",http://lattes.cnpq.br/9499398320838094,2002,"Ensino de Matemática em Ambientes de Realidade Virtual","FLF.EDU",1677-0323,N,,,
"Creto Augusto Vidal",http://lattes.cnpq.br/9499398320838094,2000,"Application of Sensitivity Analysis for Optimization of a Satellite Structure","JOURNAL OF SPACECRAFT AND ROCKETS",0022-4650,A3,,,2017-2020
"Creto Augusto Vidal",http://lattes.cnpq.br/9499398320838094,1995,"Analysis And Optimization Of Weakly Coupled Thermoelastoplastic Systems With Applications To Weldment Design","INTERNATIONAL JOURNAL FOR NUMERICAL METHODS IN ENGINEERING",0029-5981,A1,,,2017-2020
"Creto Augusto Vidal",http://lattes.cnpq.br/9499398320838094,1994,"Tangent Operators And Design Sensitivity Formulations For Transient Nonlinear Coupled Problems With Applications To Elasto-Plasticity","INTERNATIONAL JOURNAL FOR NUMERICAL METHODS IN ENGINEERING",0029-5981,A1,,,2017-2020
"Creto Augusto Vidal",http://lattes.cnpq.br/9499398320838094,1993,"Design sensitivity analysis for rate-independent elastoplasticity","COMPUTER METHODS IN APPLIED MECHANICS AND ENGINEERING",0045-7825,A1,,,2017-2020
"Creto Augusto Vidal",http://lattes.cnpq.br/9499398320838094,1991,"An adjoint variable method for sensitivity analysis of non-linear elastic systems","INTERNATIONAL JOURNAL FOR NUMERICAL METHODS IN ENGINEERING",0029-5981,A1,,,2017-2020
"Creto Augusto Vidal",http://lattes.cnpq.br/9499398320838094,1991,"The consistent tangent operator for design sensitivity analysis of history-dependent response","COMPUTING SYSTEMS IN ENGINEERING",0956-0521,N,,,