nome,lattes_url,ano_publicacao,titulo_publicacao,periodico,issn,qualis,pontos,area,ano_base
"Dário Vieira Conceição",http://lattes.cnpq.br/1142876099153789,2025,"A hierarchical control for application placement and load distribution in Edge Computing","FUTURE GENERATION COMPUTER SYSTEMS",0167-739X,A1,,,2017-2020
"Dário Vieira Conceição",http://lattes.cnpq.br/1142876099153789,2024,"Artificial algae optimization for Virtual Network Embedding problems in 5G network slicing scenarios","EXPERT SYSTEMS WITH APPLICATIONS",0957-4174,A1,,,2017-2020
"Dário Vieira Conceição",http://lattes.cnpq.br/1142876099153789,2023,"LM2K Model for Hosting an Application Based on Microservices in Multi-Cloud","SENSORS",1424-8220,A2,,,2017-2020
"Dário Vieira Conceição",http://lattes.cnpq.br/1142876099153789,2023,"A random access channel resources allocation approach to control machine-to-machine communication congestion over LTE-advanced networks","INTERNATIONAL JOURNAL OF COMMUNICATION SYSTEMS",1074-5351,A4,,,2017-2020
"Dário Vieira Conceição",http://lattes.cnpq.br/1142876099153789,2023,"A Multiarmed Bandit Approach for LTE-U/Wi-Fi Coexistence in a Multicell Scenario","SENSORS",1424-8220,A2,,,2017-2020
"Dário Vieira Conceição",http://lattes.cnpq.br/1142876099153789,2023,"Edge Computing and Network Softwarization for the In- ternet of Healthcare Things","SPRINGER",1377-3488,N,,,
"Dário Vieira Conceição",http://lattes.cnpq.br/1142876099153789,2023,"Block-chain Technology: A Game Changer for Smart Healthcare Systems","SPRINGER",1377-3488,N,,,
"Dário Vieira Conceição",http://lattes.cnpq.br/1142876099153789,2022,"Application of Meta-Heuristics in 5G Network Slicing: A Systematic Review of the Literature","SENSORS",1424-8220,A2,,,2017-2020
"Dário Vieira Conceição",http://lattes.cnpq.br/1142876099153789,2021,"An improved multi-objective genetic algorithm with heuristic initialization for service placement and load distribution in edge computing","COMPUTER NETWORKS",1389-1286,A1,,,2017-2020
"Dário Vieira Conceição",http://lattes.cnpq.br/1142876099153789,2021,"A Multi-cloud Parallel Selection Approach for Unlinked Microservice Mapped to Budget?s Quota: The PUM2Q","COMMUNICATIONS IN COMPUTER AND INFORMATION SCIENCE",1865-0937,N,,,
"Dário Vieira Conceição",http://lattes.cnpq.br/1142876099153789,2021,"An improved multi-objective genetic algorithm with heuristic initialization for service placement and load distribution in edge computing","COMPUTER NETWORKS",1389-1286,A1,,,2017-2020
"Dário Vieira Conceição",http://lattes.cnpq.br/1142876099153789,2018,"Evolutionary solutions for resources management in multiple clouds: State-of-the-art and future directions","FUTURE GENERATION COMPUTER SYSTEMS",0167-739X,A1,,,2017-2020
"Dário Vieira Conceição",http://lattes.cnpq.br/1142876099153789,2016,"A fair QoS-aware dynamic LTE scheduler for machine-to-machine communication","COMPUTER COMMUNICATIONS",0140-3664,A2,,,2017-2020
"Dário Vieira Conceição",http://lattes.cnpq.br/1142876099153789,2013,"A survey on Internet of Things - DOI 10.5752/P.2316-9451.2013v1n2p78","ABAKÓS",2316-9451,A4,,,2017-2020
"Dário Vieira Conceição",http://lattes.cnpq.br/1142876099153789,2012,"Challenges of a Validation Process Based on Models: An Industrial Case Study","BELL LABS TECHNICAL JOURNAL",1089-7089,N,,,
"Dário Vieira Conceição",http://lattes.cnpq.br/1142876099153789,2012,"Impact of Churn on Object Management Policies Deployed in CDN-P2P Systems","REVISTA IEEE AMÉRICA LATINA",1548-0992,B2,,,2017-2020
"Dário Vieira Conceição",http://lattes.cnpq.br/1142876099153789,2012,"Performance Evaluation of an Object Management Policy Approach for P2P Networks","INTERNATIONAL JOURNAL OF DIGITAL MULTIMEDIA BROADCASTING",1687-7578,A3,,,2020
"Dário Vieira Conceição",http://lattes.cnpq.br/1142876099153789,2010,"LatinCon01 - A Content-Oriented Web Cache Policy under P2P Video Distribution Systems","REVISTA IEEE AMÉRICA LATINA",1548-0992,B2,,,2017-2020
"Dário Vieira Conceição",http://lattes.cnpq.br/1142876099153789,2010,"A Survey of BGP Session Maintenance Issues and Solutions","INTERNATIONAL JOURNAL NETWORK PROTOCOLS AND ALGORITHMS",1943-3581,C,,,2017-2020
"Dário Vieira Conceição",http://lattes.cnpq.br/1142876099153789,2009,"Network monitoring with real-time properties: A step forward","SPRINGER",1377-3488,N,,,