nome,lattes_url,ano_publicacao,titulo_publicacao,periodico,issn,qualis,pontos,area,ano_base
"Emanuel Bezerra Rodrigues",http://lattes.cnpq.br/0597956911969596,2025,"FRAPE: A Framework for Risk Assessment, Prioritization and Explainability of vulnerabilities in cybersecurity","JOURNAL OF INFORMATION SECURITY AND APPLICATIONS",2214-2126,A3,,,2017-2020
"Emanuel Bezerra Rodrigues",http://lattes.cnpq.br/0597956911969596,2020,"User-assisted bearer split control for dual connectivity in multi-RAT 5G networks","WIRELESS NETWORKS",1022-0038,A2,,,2017-2020
"Emanuel Bezerra Rodrigues",http://lattes.cnpq.br/0597956911969596,2020,"Unified Scheduling Framework for Dual Connectivity in Multi-RAT NSA 5G Networks","JOURNAL OF COMMUNICATION AND INFORMATION SYSTEMS (JCIS),",1980-6604,A4,,,2017-2020
"Emanuel Bezerra Rodrigues",http://lattes.cnpq.br/0597956911969596,2019,"Adaptive Bearer Split Control for 5G Multi-RAT Scenarios with Dual Connectivity","COMPUTER NETWORKS",1389-1286,A1,,,2017-2020
"Emanuel Bezerra Rodrigues",http://lattes.cnpq.br/0597956911969596,2018,"APPLICATION OF MULTIAGENT SYSTEMS TO THREE-DIMENSIONAL POSITIONING PROBLEM IN INDOOR ENVIRONMENTS BASED ON IEEE 802.11","PROGRESS IN ELECTROMAGNETICS RESEARCH LETTERS",1937-6480,B2,,,2017-2020
"Emanuel Bezerra Rodrigues",http://lattes.cnpq.br/0597956911969596,2018,"Distributed RRM for 5G Multi-RAT Multiconnectivity Networks","IEEE SYSTEMS JOURNAL",1937-9234,A1,,,2017-2020
"Emanuel Bezerra Rodrigues",http://lattes.cnpq.br/0597956911969596,2018,"Dual Connectivity for LTE-NR Cellular Networks: Challenges and Open Issues","JOURNAL OF COMMUNICATION AND INFORMATION SYSTEMS (JCIS),",1980-6604,A4,,,2017-2020
"Emanuel Bezerra Rodrigues",http://lattes.cnpq.br/0597956911969596,2017,"QoS-aware scheduling algorithms to enhance user satisfaction in OFDMA systems","TRANSACTIONS ON EMERGING TELECOMMUNICATIONS TECHNOLOGIES",2161-3915,A3,,,2017-2020
"Emanuel Bezerra Rodrigues",http://lattes.cnpq.br/0597956911969596,2017,"Adaptive resource allocation framework for user satisfaction maximization in multi-service wireless networks","TELECOMMUNICATION SYSTEMS",1572-9451,A3,,,2017-2020
"Emanuel Bezerra Rodrigues",http://lattes.cnpq.br/0597956911969596,2017,"An algorithm for three-dimensional indoor positioning based on Bayesian inference, Fingerprinting method and Wi-Fi technology","INTERNATIONAL JOURNAL OF ADVANCED ENGINEERING RESEARCH AND SCIENCE",2349-6495,C,,,2017-2020
"Emanuel Bezerra Rodrigues",http://lattes.cnpq.br/0597956911969596,2015,"Radio resource allocation framework for quality of experience optimization in wireless networks","IEEE NETWORK",0890-8044,A1,,,2017-2020
"Emanuel Bezerra Rodrigues",http://lattes.cnpq.br/0597956911969596,2014,"Maximization of user satisfaction in OFDMA systems using utility-based resource allocation","WIRELESS COMMUNICATIONS AND MOBILE COMPUTING (PRINT)",1530-8669,A3,,,2017-2020
"Emanuel Bezerra Rodrigues",http://lattes.cnpq.br/0597956911969596,2011,"Rate Adaptive Resource Allocation and Utility-Based Packet Scheduling in Multicarrier Systems","MAJLESI JOURNAL OF ELECTRICAL ENGINEERING",2345-377X,B3,,,2020
"Emanuel Bezerra Rodrigues",http://lattes.cnpq.br/0597956911969596,2011,"Control of the trade-off between resource efficiency and user fairness in wireless networks using utility-based adaptive resource allocation","IEEE COMMUNICATIONS MAGAZINE (PRINT)",0163-6804,A1,,,2017-2020
"Emanuel Bezerra Rodrigues",http://lattes.cnpq.br/0597956911969596,2008,"QoS-driven Adaptive Congestion Control for Voice over IP in Multiservice Wireless Cellular Networks","IEEE COMMUNICATIONS MAGAZINE (PRINT)",0163-6804,A1,,,2017-2020