nome,lattes_url,ano_publicacao,titulo_publicacao,periodico,issn,qualis,pontos,area,ano_base
"Emanuele Marques Rodrigues Santos",http://lattes.cnpq.br/3334643879272311,2023,"Visual analytics for diagnosing spatial interpolation models","TRANSACTIONS IN GIS",1467-9671,A2,,,2020
"Emanuele Marques Rodrigues Santos",http://lattes.cnpq.br/3334643879272311,2023,"Toward Real-World Computational Nephropathology","CLINICAL JOURNAL OF THE AMERICAN SOCIETY OF NEPHROLOGY",1555-9041,A1,,,2017-2020
"Emanuele Marques Rodrigues Santos",http://lattes.cnpq.br/3334643879272311,2020,"A Visual Analytics Approach to Facilitate Crime Hotspot Analysis","COMPUTER GRAPHICS FORUM (ONLINE)",1467-8659,A2,,,2017-2020
"Emanuele Marques Rodrigues Santos",http://lattes.cnpq.br/3334643879272311,2018,"Real-time discovery of hot routes on trajectory data streams using interactive visualization based on GPU","COMPUTERS & GRAPHICS-UK",0097-8493,A2,,,2017-2020
"Emanuele Marques Rodrigues Santos",http://lattes.cnpq.br/3334643879272311,2013,"UV-CDAT: Analyzing Climate Datasets from a User's Perspective","COMPUTING IN SCIENCE & ENGINEERING (PRINT)",1521-9615,A2,,,2017-2020
"Emanuele Marques Rodrigues Santos",http://lattes.cnpq.br/3334643879272311,2013,"The Ultra-scale Visualization Climate Data Analysis Tools (UV-CDAT): Data Analysis and Visualization for Geoscience Data","COMPUTER (LONG BEACH, CALIF. PRINT)",0018-9162,A1,,,2017-2020
"Emanuele Marques Rodrigues Santos",http://lattes.cnpq.br/3334643879272311,2011,"The ALPS project release 2.0: open source software for strongly correlated systems","JOURNAL OF STATISTICAL MECHANICS",1742-5468,A2,,,2017-2020
"Emanuele Marques Rodrigues Santos",http://lattes.cnpq.br/3334643879272311,2010,"<![CDATA[Visualizing a Journal that Serves the Computational Sciences Community]]>","COMPUTING IN SCIENCE & ENGINEERING",1521-9615,A2,,,2017-2020
"Emanuele Marques Rodrigues Santos",http://lattes.cnpq.br/3334643879272311,2010,"Using VisTrails and Provenance for Teaching Scientific Visualization","COMPUTER GRAPHICS FORUM (PRINT)",0167-7055,A2,,,2017-2020
"Emanuele Marques Rodrigues Santos",http://lattes.cnpq.br/3334643879272311,2009,"<![CDATA[VisMashup: Streamlining the Creation of Custom Visualization Applications]]>","IEEE TRANSACTIONS ON VISUALIZATION AND COMPUTER GRAPHICS",1077-2626,A1,,,2017-2020
"Emanuele Marques Rodrigues Santos",http://lattes.cnpq.br/3334643879272311,2008,"<![CDATA[Provenance for Computational Tasks: A Survey]]>","COMPUTING IN SCIENCE & ENGINEERING (PRINT)",1521-9615,A2,,,2017-2020
"Emanuele Marques Rodrigues Santos",http://lattes.cnpq.br/3334643879272311,2008,"Tackling the Provenance Challenge one layer at a time","CONCURRENCY AND COMPUTATION",1532-0626,A3,,,2017-2020
"Emanuele Marques Rodrigues Santos",http://lattes.cnpq.br/3334643879272311,2002,"Ensino de Matemática em Ambientes de Realidade Virtual.","FLF.EDU",1677-0323,N,,,