nome,lattes_url,ano_publicacao,titulo_publicacao,periodico,issn,qualis,pontos,area,ano_base
"Fernando Antonio Mota Trinta",http://lattes.cnpq.br/8908026219336623,2025,"A systematic mapping study on observability of microservices-based applications: fundamentals, classifications, and challenges","COMPUTING",0010-485X,A1,,,2017-2020
"Fernando Antonio Mota Trinta",http://lattes.cnpq.br/8908026219336623,2025,"A comparative study about the performance of multi-language tools in computation offloading scenarios","THE JOURNAL OF SUPERCOMPUTING (DORDRECHT. ONLINE)",1573-0484,A2,,,2017-2020
"Fernando Antonio Mota Trinta",http://lattes.cnpq.br/8908026219336623,2025,"Performance Evaluation of Cloud Native Applications: A Systematic Mapping Study","JOURNAL OF NETWORK AND SYSTEMS MANAGEMENT",1064-7570,A2,,,2017-2020
"Fernando Antonio Mota Trinta",http://lattes.cnpq.br/8908026219336623,2023,"LM2K Model for Hosting an Application Based on Microservices in Multi-Cloud","SENSORS",1424-8220,A2,,,2017-2020
"Fernando Antonio Mota Trinta",http://lattes.cnpq.br/8908026219336623,2021,"Transposition of Location-based Games: Using Procedural Content Generation to deploy balanced game maps to multiple locations","PERVASIVE AND MOBILE COMPUTING",1574-1192,A1,,,2017-2020
"Fernando Antonio Mota Trinta",http://lattes.cnpq.br/8908026219336623,2020,"Teaching Ubiquitous Computing Using Simulations Based on Smartphone Sensors","INFORMATICS IN EDUCATION",1648-5831,A1,,,2017-2020
"Fernando Antonio Mota Trinta",http://lattes.cnpq.br/8908026219336623,2019,"Enhancing Offloading Systems with Smart Decisions, Adaptive Monitoring, and Mobility Support","WIRELESS COMMUNICATIONS & MOBILE COMPUTING",1530-8669,A3,,,2017-2020
"Fernando Antonio Mota Trinta",http://lattes.cnpq.br/8908026219336623,2019,"Modelling and transposition of location-based games","ENTERTAINMENT COMPUTING",1875-9521,A3,,,2017-2020
"Fernando Antonio Mota Trinta",http://lattes.cnpq.br/8908026219336623,2018,"Evolutionary solutions for resources management in multiple clouds: State-of-the-art and future directions","FUTURE GENERATION COMPUTER SYSTEMS",0167-739X,A1,,,2017-2020
"Fernando Antonio Mota Trinta",http://lattes.cnpq.br/8908026219336623,2017,"LAGARTO: A LocAtion based Games AuthoRing TOol enhanced with augmented reality features","ENTERTAINMENT COMPUTING",1875-9521,A3,,,2017-2020
"Fernando Antonio Mota Trinta",http://lattes.cnpq.br/8908026219336623,2017,"On the Evaluation of a Contextual Sensitive Data Offloading Service: the COP case","JOURNAL OF INFORMATION AND DATA MANAGEMENT - JIDM",2178-7107,B1,,,2017-2020
"Fernando Antonio Mota Trinta",http://lattes.cnpq.br/8908026219336623,2016,"Performing Computation Offloading on Multiple Platforms","COMPUTER COMMUNICATIONS",0140-3664,A2,,,2017-2020
"Fernando Antonio Mota Trinta",http://lattes.cnpq.br/8908026219336623,2016,"Photo annotation: a survey","MULTIMEDIA TOOLS AND APPLICATIONS",1380-7501,A2,,,2017-2020
"Fernando Antonio Mota Trinta",http://lattes.cnpq.br/8908026219336623,2009,"An evaluation of the performance impact of generic group communication APIs","INTERNATIONAL JOURNAL OF HIGH PERFORMANCE SYSTEMS ARCHITECTURE (PRINT)",1751-6528,B4,,,2017-2020
"Fernando Antonio Mota Trinta",http://lattes.cnpq.br/8908026219336623,2008,"Evaluating a middleware for crossmedia games","COMPUTERS IN ENTERTAINMENT : CIE",1544-3574,B1,,,2017-2020
"Fernando Antonio Mota Trinta",http://lattes.cnpq.br/8908026219336623,2000,"Co- autoria Distribuída de Cursos na Internet","REVISTA BRASILEIRA DE INFORMÁTICA NA EDUCAÇÃO",1414-5685,A4,,,2017-2020