nome,lattes_url,ano_publicacao,titulo_publicacao,periodico,issn,qualis,pontos,area,ano_base
"Francisco Heron de Carvalho Junior",http://lattes.cnpq.br/4164818158160492,2025,"Clinical deterioration of hospitalized adults based on nursing records: a scoping review","ACTA PAUL DE ENFERM",1982-0194,A4,,,2017-2020
"Francisco Heron de Carvalho Junior",http://lattes.cnpq.br/4164818158160492,2021,"Contextual Contracts for Component-Oriented Resource Abstraction in a Cloud of HPC Services","CONCURRENCY AND COMPUTATION-PRACTICE & EXPERIENCE",1532-0626,A3,,,2017-2020
"Francisco Heron de Carvalho Junior",http://lattes.cnpq.br/4164818158160492,2020,"A component-based framework for certification of components in a cloud of HPC services","SCIENCE OF COMPUTER PROGRAMMING",0167-6423,A4,,,2017-2020
"Francisco Heron de Carvalho Junior",http://lattes.cnpq.br/4164818158160492,2019,"MAPSkew: Metaheuristic Approaches for Partitioning Skew in MapReduce","ALGORITHMS",1999-4893,C,,,2017-2020
"Francisco Heron de Carvalho Junior",http://lattes.cnpq.br/4164818158160492,2019,"A Scientific Workflow Management System for orchestration of parallel components in a cloud of large-scale parallel processing services","SCIENCE OF COMPUTER PROGRAMMING",0167-6423,A4,,,2017-2020
"Francisco Heron de Carvalho Junior",http://lattes.cnpq.br/4164818158160492,2018,"GPU-Accelerated Backtracking Using CUDA Dynamic Parallelism","CONCURRENCY AND COMPUTATION-PRACTICE & EXPERIENCE",1532-0626,A3,,,2017-2020
"Francisco Heron de Carvalho Junior",http://lattes.cnpq.br/4164818158160492,2016,"Performance evaluation of virtual execution environments for intensive computing on usual representations of multidimensional arrays","SCIENCE OF COMPUTER PROGRAMMING (PRINT)",0167-6423,A4,,,2017-2020
"Francisco Heron de Carvalho Junior",http://lattes.cnpq.br/4164818158160492,2016,"Contextual abstraction in a type system for component-based high performance computing platforms","SCIENCE OF COMPUTER PROGRAMMING (PRINT)",0167-6423,A4,,,2017-2020
"Francisco Heron de Carvalho Junior",http://lattes.cnpq.br/4164818158160492,2013,"A case study on expressiveness and performance of component-oriented parallel programming","JOURNAL OF PARALLEL AND DISTRIBUTED COMPUTING (PRINT)",0743-7315,A2,,,2017-2020
"Francisco Heron de Carvalho Junior",http://lattes.cnpq.br/4164818158160492,2013,"An object-oriented parallel programming language for distributed-memory parallel computing platforms","SCIENCE OF COMPUTER PROGRAMMING (PRINT)",0167-6423,A4,,,2017-2020
"Francisco Heron de Carvalho Junior",http://lattes.cnpq.br/4164818158160492,2010,"Compositional Specification of Parallel Components Using Circus","ELECTRONIC NOTES IN THEORETICAL COMPUTER SCIENCE",1571-0661,B2,,,2020
"Francisco Heron de Carvalho Junior",http://lattes.cnpq.br/4164818158160492,2008,"An Institutional Theory for #-Components","ELECTRONIC NOTES IN THEORETICAL COMPUTER SCIENCE",1571-0661,B2,,,2020
"Francisco Heron de Carvalho Junior",http://lattes.cnpq.br/4164818158160492,2008,"Comparative Aspects between the Cluster and Grid Implementations of BigBatch","JOURNAL OF UNIVERSAL COMPUTER SCIENCE",0948-695X,A3,,,2017-2020
"Francisco Heron de Carvalho Junior",http://lattes.cnpq.br/4164818158160492,2007,"Towards an Architecture for Component-Oriented Parallel Programming","CONCURRENCY AND COMPUTATION. PRACTICE & EXPERIENCE",1532-0626,A3,,,2017-2020
"Francisco Heron de Carvalho Junior",http://lattes.cnpq.br/4164818158160492,2007,"Cyclic Reference Counting with Permanent Objects","JOURNAL OF UNIVERSAL COMPUTER SCIENCE (PRINT)",0948-695X,A3,,,2017-2020
"Francisco Heron de Carvalho Junior",http://lattes.cnpq.br/4164818158160492,2006,"A Categorical Characterization for the Compositional Features of the # Component Model","SOFTWARE ENGINEERING NOTES",0163-5948,C,,,2017-2020
"Francisco Heron de Carvalho Junior",http://lattes.cnpq.br/4164818158160492,2005,"Separation of Concerns for Improving Practice of Parallel Programming","INFORMATION (YAMAGUCHI)",1343-4500,N,,,
"Francisco Heron de Carvalho Junior",http://lattes.cnpq.br/4164818158160492,2003,"Haskell#: Parallel Programming Made Simple and Efficient","JOURNAL OF UNIVERSAL COMPUTER SCIENCE",0948-695X,A3,,,2017-2020
"Francisco Heron de Carvalho Junior",http://lattes.cnpq.br/4164818158160492,2000,"An Action Semantics for STG","BRICS NOTES SERIES",0909-3206,N,,,