nome,lattes_url,ano_publicacao,titulo_publicacao,periodico,issn,qualis,pontos,area,ano_base
"Javam de Castro Machado",http://lattes.cnpq.br/9884980518986225,2024,"An Active Learning Approach for Detecting Customer Induced Damages in Motherboards with Deep Neural Networks","LEARNING AND NONLINEAR MODELS",1676-2789,B2,,,2017-2020
"Javam de Castro Machado",http://lattes.cnpq.br/9884980518986225,2024,"Real-time detection of customer-induced damage in printed circuit boards using mobile devices and YOLO detectors","LEARNING AND NONLINEAR MODELS",1676-2789,B2,,,2017-2020
"Javam de Castro Machado",http://lattes.cnpq.br/9884980518986225,2024,"LAGOON: Achieving bounded individual fairness through classification frequency equalization","JOURNAL OF THE BRAZILIAN COMPUTER SOCIETY (ONLINE)",1678-4804,A2,,,2017-2020
"Javam de Castro Machado",http://lattes.cnpq.br/9884980518986225,2024,"Inter-MOON: Enhanced Middleware for Interoperability between Relational and Blockchain-based Databases","JOURNAL OF INFORMATION AND DATA MANAGEMENT - JIDM",2178-7107,B1,,,2017-2020
"Javam de Castro Machado",http://lattes.cnpq.br/9884980518986225,2023,"Local dampening: differential privacy for non-numeric queries via local sensitivity","VLDB JOURNAL",0949-877X,A2,,,2021
"Javam de Castro Machado",http://lattes.cnpq.br/9884980518986225,2023,"Global and Local Differentially Private Release of Count-Weighted Graphs","PROCEEDINGS OF THE ACM ON MANAGEMENT OF DATA",2836-6573,N,,,
"Javam de Castro Machado",http://lattes.cnpq.br/9884980518986225,2021,"Robust Cardinality: a novel approach for cardinality prediction in SQL queries","JOURNAL OF THE BRAZILIAN COMPUTER SOCIETY (ONLINE)",1678-4804,A2,,,2017-2020
"Javam de Castro Machado",http://lattes.cnpq.br/9884980518986225,2021,"Private Reverse Top-k Algorithms Applied on Public Data of COVID-19 in the State of Ceará","JOURNAL OF INFORMATION AND DATA MANAGEMENT - JIDM",2178-7107,B1,,,2017-2020
"Javam de Castro Machado",http://lattes.cnpq.br/9884980518986225,2021,"Privacy-preserving of patients with Differential Privacy: an experimental evaluation in COVID-19 dataset","JOURNAL OF INFORMATION AND DATA MANAGEMENT - JIDM",2178-7107,B1,,,2017-2020
"Javam de Castro Machado",http://lattes.cnpq.br/9884980518986225,2021,"The Impact of Privacy Regulations on DB Systems","JOURNAL OF INFORMATION AND DATA MANAGEMENT - JIDM",2178-7107,B1,,,2017-2020
"Javam de Castro Machado",http://lattes.cnpq.br/9884980518986225,2020,"An adaptive replica placement approach for distributed key-value stores","CONCURRENY AND COMPUTATION (ONLINE)",1532-0634,A3,,,2017-2020
"Javam de Castro Machado",http://lattes.cnpq.br/9884980518986225,2020,"PrivLBS: Preserving Privacy in Location-Based Services","JOURNAL OF INFORMATION AND DATA MANAGEMENT - JIDM",2178-7107,B1,,,2017-2020
"Javam de Castro Machado",http://lattes.cnpq.br/9884980518986225,2020,"Predicting the Health Degree of Hard Disk Drives with Asymmetric and Ordinal Deep Neural Models","IEEE TRANSACTIONS ON COMPUTERS",0018-9340,A1,,,2017-2020
"Javam de Castro Machado",http://lattes.cnpq.br/9884980518986225,2020,"Rolling-circles: Detect and reduce noise via erosion of finite-difference moduli for preserving signals","DIGITAL SIGNAL PROCESSING",1051-2004,A1,,,2017-2020
"Javam de Castro Machado",http://lattes.cnpq.br/9884980518986225,2020,"An Experimental Analysis of the Use of Different Storage Technologies on a Relational DBMS","JOURNAL OF INFORMATION AND DATA MANAGEMENT - JIDM",2178-7107,B1,,,2017-2020
"Javam de Castro Machado",http://lattes.cnpq.br/9884980518986225,2020,"Local dampening","PROCEEDINGS OF THE VLDB ENDOWMENT",2150-8097,A1,,,2017-2020
"Javam de Castro Machado",http://lattes.cnpq.br/9884980518986225,2019,"MAPSkew: Metaheuristic Approaches for Partitioning Skew in MapReduce","ALGORITHMS",1999-4893,C,,,2017-2020
"Javam de Castro Machado",http://lattes.cnpq.br/9884980518986225,2019,"Oportunidades de Pesquisa para o Uso de Infraestruturas Blockchain na Gestão de Dados Distribuídos","REVISTA SISTEMAS E MÍDIAS DIGITAIS",2525-9555,C,,,2017-2020
"Javam de Castro Machado",http://lattes.cnpq.br/9884980518986225,2018,"Predictive elastic replication for multi-tenant databases in the cloud","CONCURRENCY AND COMPUTATION-PRACTICE & EXPERIENCE",1532-0626,A3,,,2017-2020
"Javam de Castro Machado",http://lattes.cnpq.br/9884980518986225,2018,"Transferência de Aprendizado para Redes Bayesianas com Aplicação em Predição de Falha de Discos Rígidos","REVISTA ELETRÔNICA DE INICIAÇÃO CIENTÍFICA",1519-8219,C,,,2017-2020
"Javam de Castro Machado",http://lattes.cnpq.br/9884980518986225,2018,"LABAREDA: A Predictive and Elastic Load Balancing Service for Cloud-Replicated Databases","JOURNAL OF INFORMATION AND DATA MANAGEMENT - JIDM",2178-7107,B1,,,2017-2020
"Javam de Castro Machado",http://lattes.cnpq.br/9884980518986225,2018,"An Analysis of Machine Learning Techniques to Prioritize Customer Service Through Social Networks","JOURNAL OF INFORMATION AND DATA MANAGEMENT - JIDM",2178-7107,B1,,,2017-2020
"Javam de Castro Machado",http://lattes.cnpq.br/9884980518986225,2017,"Fault Detection in Hard Disk Drives Based on a Semi Parametric Model and Statistical Estimators","NEW GENERATION COMPUTING",0288-3635,B1,,,2017-2020
"Javam de Castro Machado",http://lattes.cnpq.br/9884980518986225,2017,"Regression based performance modeling and provisioning for NoSQL cloud databases","FUTURE GENERATION COMPUTER SYSTEMS",0167-739X,A1,,,2017-2020
"Javam de Castro Machado",http://lattes.cnpq.br/9884980518986225,2017,"Editorial do JIDM - SBBD Guest Editor","JOURNAL OF INFORMATION AND DATA MANAGEMENT - JIDM",2178-7107,B1,,,2017-2020
"Javam de Castro Machado",http://lattes.cnpq.br/9884980518986225,2017,"The light pollution as a surrogate for urban population of the US cities","PHYSICA A-STATISTICAL MECHANICS AND ITS APPLICATIONS",0378-4371,A1,,,2017-2020
"Javam de Castro Machado",http://lattes.cnpq.br/9884980518986225,2016,"A Fault Detection Method for Hard Disk Drives Based on Mixture of Gaussians and Non-parametric Statistics","IEEE TRANSACTIONS ON INDUSTRIAL INFORMATICS",1551-3203,A1,,,2017-2020
"Javam de Castro Machado",http://lattes.cnpq.br/9884980518986225,2013,"Non-Intrusive Elastic Query Processing in the Cloud","JOURNAL OF COMPUTER SCIENCE AND TECHNOLOGY",1000-9000,A3,,,2017-2020
"Javam de Castro Machado",http://lattes.cnpq.br/9884980518986225,2013,"Approaches to Model Query Interactions","JOURNAL OF INFORMATION AND DATA MANAGEMENT - JIDM",2178-7107,B1,,,2017-2020
"Javam de Castro Machado",http://lattes.cnpq.br/9884980518986225,2013,"Interaction-Aware Data Management in the Cloud","JOURNAL OF INFORMATION AND DATA MANAGEMENT - JIDM",2178-7107,B1,,,2017-2020
"Javam de Castro Machado",http://lattes.cnpq.br/9884980518986225,2013,"Towards a Statistical Evaluation of PigLatin Joins","JOURNAL OF INFORMATION AND DATA MANAGEMENT - JIDM",2178-7107,B1,,,2017-2020
"Javam de Castro Machado",http://lattes.cnpq.br/9884980518986225,2011,"A distributed concurrency control mechanism for XML data","JOURNAL OF COMPUTER AND SYSTEM SCIENCES",0022-0000,A2,,,2017-2020
"Javam de Castro Machado",http://lattes.cnpq.br/9884980518986225,2004,"A Generic Event-Driven System for Managing SNMP Enabled Communication Networks","LECTURE NOTES IN COMPUTER SCIENCE",0302-9743,A4,,,2021
"Javam de Castro Machado",http://lattes.cnpq.br/9884980518986225,2004,"Design and Implementation of an ABTS-Based Test Bed for Collecting Data in Active Framework","LECTURE NOTES IN COMPUTER SCIENCE",0302-9743,A4,,,2021
"Javam de Castro Machado",http://lattes.cnpq.br/9884980518986225,2004,"MOBIS: A Solution for the Development of Secure Applications for Mobile Devices","LECTURE NOTES IN COMPUTER SCIENCE",0302-9743,A4,,,2021
"Javam de Castro Machado",http://lattes.cnpq.br/9884980518986225,2001,"The prediction of faulty classes using object-oriented design metrics","JOURNAL OF SYSTEMS AND SOFTWARE",0164-1212,A1,,,2017-2020