nome,lattes_url,ano_publicacao,titulo_publicacao,periodico,issn,qualis,pontos,area,ano_base
"Joao Fernando Lima Alcântara",http://lattes.cnpq.br/8143823413993024,2025,"On the Equivalence between Logic Programs and Bipolar Argumentation Frameworks","JOURNAL OF ARTIFICIAL INTELLIGENCE RESEARCH",1076-9757,A2,,,2017-2020
"Joao Fernando Lima Alcântara",http://lattes.cnpq.br/8143823413993024,2024,"Bipolar Argumentation Frameworks with a dual relation between defeat and defence","JOURNAL OF LOGIC AND COMPUTATION",1465-363X,A1,,,2017-2020
"Joao Fernando Lima Alcântara",http://lattes.cnpq.br/8143823413993024,2024,"On the Equivalence between Logic Programming and SETAF","THEORY AND PRACTICE OF LOGIC PROGRAMMING (ONLINE)",1475-3081,A1,,,2020
"Joao Fernando Lima Alcântara",http://lattes.cnpq.br/8143823413993024,2019,"On the Equivalence Between Abstract Dialectical Frameworks and Logic Programs","THEORY AND PRACTICE OF LOGIC PROGRAMMING",1471-0684,A1,,,2017-2020
"Joao Fernando Lima Alcântara",http://lattes.cnpq.br/8143823413993024,2017,"Embedding Remaining Useful Life Predictions into a Modified Receding Horizon Task Assignment Algorithm to Solve Task Allocation Problems","JOURNAL OF INTELLIGENT & ROBOTIC SYSTEMS",0921-0296,A2,,,2017-2020
"Joao Fernando Lima Alcântara",http://lattes.cnpq.br/8143823413993024,2015,"On the Difference between Assumption-Based Argumentation and Abstract Argumentation","JOURNAL OF APPLIED LOGICS-IFCOLOG JOURNAL OF LOGICS AND THEIR APPLICATIONS",2055-3706,N,,,
"Joao Fernando Lima Alcântara",http://lattes.cnpq.br/8143823413993024,2015,"Searching contexts in paraconsistent rough description logic","JOURNAL OF THE BRAZILIAN COMPUTER SOCIETY (IMPRESSO)",0104-6500,A2,,,2017-2020
"Joao Fernando Lima Alcântara",http://lattes.cnpq.br/8143823413993024,2014,"On the equivalence between logic programming semantics and argumentation semantics","INTERNATIONAL JOURNAL OF APPROXIMATE REASONING",0888-613X,A1,,,2017-2020
"Joao Fernando Lima Alcântara",http://lattes.cnpq.br/8143823413993024,2005,"An encompassing framework for Paraconsistent Logic Programs","JOURNAL OF APPLIED LOGIC",1570-8683,B1,,,2017-2020