nome,lattes_url,ano_publicacao,titulo_publicacao,periodico,issn,qualis,pontos,area,ano_base
"João Paulo do Vale Madeiro",http://lattes.cnpq.br/4328159466506074,2025,"IL-1β enhances susceptibility to atrial fibrillation in mice by acting through resident macrophages and promoting caspase-1 expression","NATURE CARDIOVASCULAR RESEARCH",2731-0590,N,,,
"João Paulo do Vale Madeiro",http://lattes.cnpq.br/4328159466506074,2024,"Machine learning-based cardiac activity non-linear analysis for discriminating COVID-19 patients with different degrees of severity","BIOMEDICAL SIGNAL PROCESSING AND CONTROL",1746-8094,A1,,,2017-2020
"João Paulo do Vale Madeiro",http://lattes.cnpq.br/4328159466506074,2024,"An Active Learning Approach for Detecting Customer Induced Damages in Motherboards with Deep Neural Networks","LEARNING AND NONLINEAR MODELS",1676-2789,B2,,,2017-2020
"João Paulo do Vale Madeiro",http://lattes.cnpq.br/4328159466506074,2023,"Sudden cardiac death multiparametric classification system for Chagas heart disease's patients based on clinical data and 24-hours ECG monitoring","MATHEMATICAL BIOSCIENCES AND ENGINEERING",1551-0018,A4,,,2017-2020
"João Paulo do Vale Madeiro",http://lattes.cnpq.br/4328159466506074,2023,"Enhancing Health and Public Health through Machine Learning: Decision Support for Smarter Choices","BIOENGINEERING-BASEL",2306-5354,A3,,,2017-2020
"João Paulo do Vale Madeiro",http://lattes.cnpq.br/4328159466506074,2023,"Risk stratifier for sudden cardiac death beyond the left ventricular ejection fraction in Chagas cardiomyopathy","PACE-PACING AND CLINICAL ELECTROPHYSIOLOGY",0147-8389,B1,,,2017-2020
"João Paulo do Vale Madeiro",http://lattes.cnpq.br/4328159466506074,2023,"Desenvolvimento de uma Plataforma IoT Móvel para Aquisição, Processamento e Compartilhamento de Sinais Cardiológicos para Fins de Pesquisa em Ambiente Colaborativo","REVISTA DE ENGENHARIA DA UNIVERSIDADE CATÓLICA DE PETRÓPOLIS",2318-0692,B2,,,2017-2020
"João Paulo do Vale Madeiro",http://lattes.cnpq.br/4328159466506074,2022,"Analysis of the influence of pre-processing techniques with convolutional neural networks for automatic detection of cysts in wisdom teeth","COMPUTER METHODS IN BIOMECHANICS AND BIOMEDICAL ENGINEERING-IMAGING AND VISUALIZATION",2168-1171,A3,,,2017-2020
"João Paulo do Vale Madeiro",http://lattes.cnpq.br/4328159466506074,2022,"On designing a biosignal-based fetal state assessment system: A systematic mapping study","COMPUTER METHODS AND PROGRAMS IN BIOMEDICINE",0169-2607,A1,,,2017-2020
"João Paulo do Vale Madeiro",http://lattes.cnpq.br/4328159466506074,2022,"Prediction of sudden cardiac death for chagasic patients","JOURNAL OF HEALTH INFORMATICS",2175-4411,A4,,,2017-2020
"João Paulo do Vale Madeiro",http://lattes.cnpq.br/4328159466506074,2022,"IL-1β sensitizes mice to atrial fibrillation","JOURNAL OF MOLECULAR AND CELLULAR CARDIOLOGY",0022-2828,A1,,,2017-2020
"João Paulo do Vale Madeiro",http://lattes.cnpq.br/4328159466506074,2022,"Monitorización de señales cardiorrespiratorias: hallazgos, métodos y herramientas","ANALES DE LA ACADEMIA DE CIENCIAS DE CUBA",2304-0106,B4,,,2017-2020
"João Paulo do Vale Madeiro",http://lattes.cnpq.br/4328159466506074,2021,"Uso do sensoriamento remoto como estratégia para a análise e gestão do uso dos solos","REVISTA GEAMA (ONLINE)",2447-0740,B1,,,2017-2020
"João Paulo do Vale Madeiro",http://lattes.cnpq.br/4328159466506074,2021,"Towards an efficient prognostic model for fetal state assessment","MEASUREMENT",0263-2241,A1,,,2017-2020
"João Paulo do Vale Madeiro",http://lattes.cnpq.br/4328159466506074,2021,"IoT-Based Smart Health System for Ambulatory Maternal and Fetal Monitoring","IEEE INTERNET OF THINGS JOURNAL",2327-4662,A1,,,2017-2020
"João Paulo do Vale Madeiro",http://lattes.cnpq.br/4328159466506074,2020,"Evaluation of Mathematical Models for QRS Feature Extraction and QRS Morphology Classification in ECG Signals","MEASUREMENT",0263-2241,A1,,,2017-2020
"João Paulo do Vale Madeiro",http://lattes.cnpq.br/4328159466506074,2019,"Automatic Cardiotocography Diagnostic System Based on Hilbert Transform and Adaptive Threshold Technique","IEEE ACCESS",2169-3536,A3,,,2017-2020
"João Paulo do Vale Madeiro",http://lattes.cnpq.br/4328159466506074,2019,"Heart Arrhythmia Classification Based on Statistical Moments and Structural Co-occurrence","CIRCUITS SYSTEMS AND SIGNAL PROCESSING",0278-081X,A2,,,2017-2020
"João Paulo do Vale Madeiro",http://lattes.cnpq.br/4328159466506074,2018,"Nonlinear characterization and complexity analysis of cardiotocographic examinations using entropy measures","THE JOURNAL OF SUPERCOMPUTING (DORDRECHT. ONLINE)",1573-0484,A2,,,2017-2020
"João Paulo do Vale Madeiro",http://lattes.cnpq.br/4328159466506074,2017,"Evaluating Gaussian and Rayleigh-Based Mathematical Models for T and P-waves in ECG","IEEE LATIN AMERICA TRANSACTIONS",1548-0992,B2,,,2017-2020
"João Paulo do Vale Madeiro",http://lattes.cnpq.br/4328159466506074,2015,"A Heart Rate Variability-based Smart Approach to Analyze Frailty in Older Adults","THE SMART COMPUTING REVIEW",2234-4624,N,,,
"João Paulo do Vale Madeiro",http://lattes.cnpq.br/4328159466506074,2014,"Pathophysiological, cardiovascular and neuroendocrine changes in hypertensive patients during the hemodialysis session","JOURNAL OF HUMAN HYPERTENSION",0950-9240,A4,,,2017-2020
"João Paulo do Vale Madeiro",http://lattes.cnpq.br/4328159466506074,2013,"New approach for T-wave peak detection and T-wave end location in 12-lead paced ECG signals based on a mathematical model","MEDICAL ENGINEERING & PHYSICS",1350-4533,A3,,,2017-2020
"João Paulo do Vale Madeiro",http://lattes.cnpq.br/4328159466506074,2013,"Analysis of QRS-T subtraction in unipolar atrial fibrillation electrograms","MEDICAL & BIOLOGICAL ENGINEERING & COMPUTING",0140-0118,A3,,,2017-2020
"João Paulo do Vale Madeiro",http://lattes.cnpq.br/4328159466506074,2013,"Classification System for Fetal Heart Rate Variability Measures Based on Cardiotocographies","JOURNAL OF LIFE SCIENCES AND TECHNOLOGIES",2301-3672,N,,,
"João Paulo do Vale Madeiro",http://lattes.cnpq.br/4328159466506074,2012,"An innovative approach of QRS segmentation based on first-derivative, Hilbert and Wavelet Transforms","MEDICAL ENGINEERING & PHYSICS",1350-4533,A3,,,2017-2020
"João Paulo do Vale Madeiro",http://lattes.cnpq.br/4328159466506074,2009,"Análise comparativa de desempenho das transformadas Wavelet e Hilbert na detecção do QRS em ECG","REVISTA BRASILEIRA DE ENGENHARIA BIOMÉDICA",1517-3151,A4,,,2017-2020
"João Paulo do Vale Madeiro",http://lattes.cnpq.br/4328159466506074,2007,"A New Approach to QRS Segmentation Based on Wavelet Bases and Adaptative Threshold Technique","MEDICAL ENGINEERING & PHYSICS",1350-4533,A3,,,2017-2020