nome,lattes_url,ano_publicacao,titulo_publicacao,periodico,issn,qualis,pontos,area,ano_base
"João Bosco Ferreira Filho",http://lattes.cnpq.br/3052261210454531,2020,"Automated Verification of Care Pathways Using Constraint Programming","IEEE JOURNAL OF BIOMEDICAL AND HEALTH INFORMATICS",2168-2208,A1,,,2017-2020
"João Bosco Ferreira Filho",http://lattes.cnpq.br/3052261210454531,2020,"Development of an educational tool aimed at designing ideal chemical reactors","COMPUTER APPLICATIONS IN ENGINEERING EDUCATION",1061-3773,A3,,,2017-2020
"João Bosco Ferreira Filho",http://lattes.cnpq.br/3052261210454531,2018,"Automated conflict detection between medical care pathways","JOURNAL OF SOFTWARE-EVOLUTION AND PROCESS",2047-7473,A4,,,2017-2020
"João Bosco Ferreira Filho",http://lattes.cnpq.br/3052261210454531,2018,"Automated conflict resolution between multiple clinical pathways: a technology report","JOURNAL OF INNOVATION IN HEALTH INFORMATICS",2058-4563,N,,,
"João Bosco Ferreira Filho",http://lattes.cnpq.br/3052261210454531,2016,"Automated Extraction of Product Comparison Matrices From Informal Product Descriptions","THE JOURNAL OF SYSTEMS AND SOFTWARE",0164-1212,A1,,,2017-2020
"João Bosco Ferreira Filho",http://lattes.cnpq.br/3052261210454531,2014,"Generating counterexamples of model-based software product lines","INTERNATIONAL JOURNAL ON SOFTWARE TOOLS FOR TECHNOLOGY TRANSFER (PRINT)",1433-2779,A4,,,2017-2020
"João Bosco Ferreira Filho",http://lattes.cnpq.br/3052261210454531,2012,"MobiLine: A Nested Software Product Line for the Domain of Mobile and Context-Aware Applications","SCIENCE OF COMPUTER PROGRAMMING (PRINT)",0167-6423,A4,,,2017-2020