nome,lattes_url,ano_publicacao,titulo_publicacao,periodico,issn,qualis,pontos,area,ano_base
"Joaquim Bento Cavalcante Neto",http://lattes.cnpq.br/0866205347972203,2025,"Multi-material topology optimization with a direct meshless local Petrov-Galerkin method applied to a two-dimensional boundary value problem","ENGINEERING OPTIMIZATION",0305-215X,A2,,,2017-2020
"Joaquim Bento Cavalcante Neto",http://lattes.cnpq.br/0866205347972203,2024,"A truly meshless approach to structural topology optimization based on the Direct Meshless Local Petrov-Galerkin (DMLPG) method","STRUCTURAL AND MULTIDISCIPLINARY OPTIMIZATION",1615-147X,A1,,,2017-2020
"Joaquim Bento Cavalcante Neto",http://lattes.cnpq.br/0866205347972203,2024,"Automated Generation of Geometric Models of Box Girder Bridges","STRUCTURAL ENGINEERING INTERNATIONAL",1016-8664,B1,,,2017-2020
"Joaquim Bento Cavalcante Neto",http://lattes.cnpq.br/0866205347972203,2024,"A high-performance computing applied to composition reservoir simulation using distributed memory and 3D hybrid unstructured grids","JOURNAL OF THE BRAZILIAN SOCIETY OF MECHANICAL SCIENCES AND ENGINEERING",1678-5878,A4,,,2017-2020
"Joaquim Bento Cavalcante Neto",http://lattes.cnpq.br/0866205347972203,2023,"Building Oriented Bounding Boxes by the intermediate use of ODOPs","COMPUTERS & GRAPHICS-UK",0097-8493,A2,,,2017-2020
"Joaquim Bento Cavalcante Neto",http://lattes.cnpq.br/0866205347972203,2022,"An efficient automatic mesh generation algorithm for planar isogeometric analysis using high-order rational Bézier triangles","ENGINEERING WITH COMPUTERS",0177-0667,A1,,,2017-2020
"Joaquim Bento Cavalcante Neto",http://lattes.cnpq.br/0866205347972203,2022,"A modeling environment for reinforcement learning in games","ENTERTAINMENT COMPUTING",1875-9521,A3,,,2017-2020
"Joaquim Bento Cavalcante Neto",http://lattes.cnpq.br/0866205347972203,2022,"Proposta de Arquitetura para Simuladores de Realidade Virtual Voltados à Capacitação de Forças Policiais","COMUNICAÇÕES EM INFORMÁTICA",2595-0622,C,,,2017-2020
"Joaquim Bento Cavalcante Neto",http://lattes.cnpq.br/0866205347972203,2021,"A model for flexible representation of social groups in crowd simulation","COMPUTERS & GRAPHICS-UK",0097-8493,A2,,,2017-2020
"Joaquim Bento Cavalcante Neto",http://lattes.cnpq.br/0866205347972203,2021,"Non-overlapping geometric shadow map","COMPUTERS & GRAPHICS-UK",0097-8493,A2,,,2017-2020
"Joaquim Bento Cavalcante Neto",http://lattes.cnpq.br/0866205347972203,2021,"Forrageamento Autonômo de Personagens Virtuais com uma Arquitetura Cognitiva Construtivista","REVISTA ENCONTROS UNIVERSITÁRIOS DA UFC",2526-6578,C,,,2017-2020
"Joaquim Bento Cavalcante Neto",http://lattes.cnpq.br/0866205347972203,2021,"Visão Computacional, um Método Alternativo para Segmentação de Imagens","REVISTA ENCONTROS UNIVERSITÁRIOS DA UFC",2526-6578,C,,,2017-2020
"Joaquim Bento Cavalcante Neto",http://lattes.cnpq.br/0866205347972203,2020,"Towards intrinsic autonomy through evolutionary computation","ARTIFICIAL INTELLIGENCE REVIEW",0269-2821,A1,,,2017-2020
"Joaquim Bento Cavalcante Neto",http://lattes.cnpq.br/0866205347972203,2020,"A Locally-Continuous Meshless Local Petrov-Galerkin Method Applied to a Two-point Boundary Value Problem","LATIN AMERICAN JOURNAL OF SOLIDS AND STRUCTURES (IMPRESSO)",1679-7817,A3,,,2017-2020
"Joaquim Bento Cavalcante Neto",http://lattes.cnpq.br/0866205347972203,2020,"Improved silhouette rendering and detection of splat-based models","COMPUTERS & GRAPHICS-UK",0097-8493,A2,,,2017-2020
"Joaquim Bento Cavalcante Neto",http://lattes.cnpq.br/0866205347972203,2020,"An Autonomous Emotional Virtual Character: An Approach with Deep and Goal-Parameterized Reinforcement Learning","SBC JOURNAL ON 3D INTERACTIVE SYSTEMS",2236-3297,B1,,,2017-2020
"Joaquim Bento Cavalcante Neto",http://lattes.cnpq.br/0866205347972203,2020,"Rolling-circles: Detect and reduce noise via erosion of finite-difference moduli for preserving signals","DIGITAL SIGNAL PROCESSING",1051-2004,A1,,,2017-2020
"Joaquim Bento Cavalcante Neto",http://lattes.cnpq.br/0866205347972203,2020,"Aprendizagem Autônoma de Movimentos de Agentes Virtuais","REVISTA ENCONTROS UNIVERSITÁRIOS DA UFC",2526-6578,C,,,2017-2020
"Joaquim Bento Cavalcante Neto",http://lattes.cnpq.br/0866205347972203,2019,"Aprendizagem Autônoma de Movimentos de Agentes Virtuais","REVISTA ENCONTROS UNIVERSITÁRIOS DA UFC",2526-6578,C,,,2017-2020
"Joaquim Bento Cavalcante Neto",http://lattes.cnpq.br/0866205347972203,2019,"Uma Estratégia Mínima de Treinamento para Jogar Flappy Indefinidamente Com NEAT","REVISTA ENCONTROS UNIVERSITÁRIOS DA UFC",2526-6578,C,,,2017-2020
"Joaquim Bento Cavalcante Neto",http://lattes.cnpq.br/0866205347972203,2018,"Análise Experimental de Aprendizagem por Reforço Utilizando Redes Neurais Convolucionais","REVISTA ENCONTROS UNIVERSITÁRIOS DA UFC",2526-6578,C,,,2017-2020
"Joaquim Bento Cavalcante Neto",http://lattes.cnpq.br/0866205347972203,2018,"Estudos de Neuroevolução em Agentes de Vídeo Games","REVISTA ENCONTROS UNIVERSITÁRIOS DA UFC",2526-6578,C,,,2017-2020
"Joaquim Bento Cavalcante Neto",http://lattes.cnpq.br/0866205347972203,2017,"Tunable Robustness: An Artificial Contact Strategy with Virtual Actuator Control for Balance","COMPUTER GRAPHICS FORUM",0167-7055,A2,,,2017-2020
"Joaquim Bento Cavalcante Neto",http://lattes.cnpq.br/0866205347972203,2017,"Gradient-based steering for vision-based crowd simulation algorithms","COMPUTER GRAPHICS FORUM",0167-7055,A2,,,2017-2020
"Joaquim Bento Cavalcante Neto",http://lattes.cnpq.br/0866205347972203,2017,"Sistema Sensorial Emergente Para Personagens Virtuais Autônomos","REVISTA ENCONTROS UNIVERSITÁRIOS DA UFC",2526-6578,C,,,2017-2020
"Joaquim Bento Cavalcante Neto",http://lattes.cnpq.br/0866205347972203,2017,"Computação Evolucionária no Controle de Agentes Virtuais em Problemas de Aprendizagem por Reforço","REVISTA ENCONTROS UNIVERSITÁRIOS DA UFC",2526-6578,C,,,2017-2020
"Joaquim Bento Cavalcante Neto",http://lattes.cnpq.br/0866205347972203,2016,"Emergent vision system of autonomous virtual characters","NEUROCOMPUTING (AMSTERDAM)",0925-2312,A1,,,2017-2020
"Joaquim Bento Cavalcante Neto",http://lattes.cnpq.br/0866205347972203,2016,"Temporally coherent sculpture of composite objects","COMPUTERS & GRAPHICS",0097-8493,A2,,,2017-2020
"Joaquim Bento Cavalcante Neto",http://lattes.cnpq.br/0866205347972203,2016,"Análise isogeométrica utilizando triângulos de Bézier","REVISTA INTERDISCIPLINAR DE PESQUISA EM ENGENHARIA",2447-6102,C,,,2017-2020
"Joaquim Bento Cavalcante Neto",http://lattes.cnpq.br/0866205347972203,2016,"Como Agentes Autônomos Jogam uma Partida do Jogo 2048","REVISTA ENCONTROS UNIVERSITÁRIOS DA UFC",2526-6578,C,,,2017-2020
"Joaquim Bento Cavalcante Neto",http://lattes.cnpq.br/0866205347972203,2016,"Labirinto Iluminado (Maze Lit)","REVISTA ENCONTROS UNIVERSITÁRIOS DA UFC",2526-6578,C,,,2017-2020
"Joaquim Bento Cavalcante Neto",http://lattes.cnpq.br/0866205347972203,2016,"Parallel generation of meshes with cracks using binary spatial decomposition","ENGINEERING WITH COMPUTERS",0177-0667,A1,,,2017-2020
"Joaquim Bento Cavalcante Neto",http://lattes.cnpq.br/0866205347972203,2015,"Adapting Splat-based Models to Curved Sharp Features","JOURNAL OF GRAPHICS TOOLS",2165-347X,N,,,
"Joaquim Bento Cavalcante Neto",http://lattes.cnpq.br/0866205347972203,2015,"Finite element mesh generation for subsurface simulation models","ENGINEERING WITH COMPUTERS",0177-0667,A1,,,2017-2020
"Joaquim Bento Cavalcante Neto",http://lattes.cnpq.br/0866205347972203,2015,"A panoramic synthetic vision model for improving collision avoidance in crowd simulation","SBC JOURNAL ON 3D INTERACTIVE SYSTEMS",2236-3297,B1,,,2017-2020
"Joaquim Bento Cavalcante Neto",http://lattes.cnpq.br/0866205347972203,2014,"Emergent Navigation Behavior of Autonomous Virtual Agents Endowed with an Evolved Visual Cortex","SBC JOURNAL ON 3D INTERACTIVE SYSTEMS",2236-3297,B1,,,2017-2020
"Joaquim Bento Cavalcante Neto",http://lattes.cnpq.br/0866205347972203,2013,"A distributed-memory parallel technique for two-dimensional mesh generation for arbitrary domains","ADVANCES IN ENGINEERING SOFTWARE (1992)",0965-9978,A1,,,2017-2020
"Joaquim Bento Cavalcante Neto",http://lattes.cnpq.br/0866205347972203,2013,"A Three-Dimensional Adaptive Mesh Generation Approach Using Geometric Modeling With Multi-Regions and Parametric Surfaces","JOURNAL OF COMPUTING AND INFORMATION SCIENCE IN ENGINEERING",1530-9827,A3,,,2021
"Joaquim Bento Cavalcante Neto",http://lattes.cnpq.br/0866205347972203,2012,"Reproducing virtual characters","COMPUTERS & GRAPHICS",0097-8493,A2,,,2017-2020
"Joaquim Bento Cavalcante Neto",http://lattes.cnpq.br/0866205347972203,2012,"A method for clipping splats on sharp edges and corners","THE VISUAL COMPUTER",0178-2789,A4,,,2017-2020
"Joaquim Bento Cavalcante Neto",http://lattes.cnpq.br/0866205347972203,2011,"UFC-CRAb: A group on Computer graphics, virtual Reality and Animation","SBC JOURNAL ON 3D INTERACTIVE SYSTEMS",2236-3297,B1,,,2017-2020
"Joaquim Bento Cavalcante Neto",http://lattes.cnpq.br/0866205347972203,2011,"An Environment for Computational Modeling and Simulation of Pavements","INTERNATIONAL JOURNAL OF MODELING AND SIMULATION FOR THE PETROLEUM INDUSTRY (ONLINE)",1982-6028,C,,,2017-2020
"Joaquim Bento Cavalcante Neto",http://lattes.cnpq.br/0866205347972203,2011,"Expression Cloning Based on Anthropometric Proportions and Deformations by Motion of Spherical Influence Zones","SBC JOURNAL ON 3D INTERACTIVE SYSTEMS",2236-3297,B1,,,2017-2020
"Joaquim Bento Cavalcante Neto",http://lattes.cnpq.br/0866205347972203,2007,"Sensory State Machines for Physically-based Animation","THE VISUAL COMPUTER",0178-2789,A4,,,2017-2020
"Joaquim Bento Cavalcante Neto",http://lattes.cnpq.br/0866205347972203,2005,"A Back-tracking Procedure for Optimization of Simplex Meshes","COMMUNICATIONS IN NUMERICAL METHODS IN ENGINEERING",1069-8299,N,,,
"Joaquim Bento Cavalcante Neto",http://lattes.cnpq.br/0866205347972203,2005,"Three-dimensional, Parallel, Finite Element Simulation of Fatigue Crack Growth in a Spiral Bevel Pinion Gear","ENGINEERING FRACTURE MECHANICS",0013-7944,A2,,,2017-2020
"Joaquim Bento Cavalcante Neto",http://lattes.cnpq.br/0866205347972203,2001,"An Algorithm for Three-Dimensional Mesh Generation for Arbitrary Regions with Cracks","ENGINEERING WITH COMPUTERS",0177-0667,A1,,,2017-2020
"Joaquim Bento Cavalcante Neto",http://lattes.cnpq.br/0866205347972203,1999,"A Methodology for Adaptive Finite Element Analysis: Towards an Integrated Computacional Environment","COMPUTATIONAL MECHANICS",0178-7675,A1,,,2017-2020
"Joaquim Bento Cavalcante Neto",http://lattes.cnpq.br/0866205347972203,1997,"Adaptive Simulation of Fracture Processes Based on Spatial Enumeration Techniques","INTERNATIONAL JOURNAL OF ROCK MECHANICS AND MINING SCIENCES (1997)",1365-1609,A1,,,2017-2020