nome,lattes_url,ano_publicacao,titulo_publicacao,periodico,issn,qualis,pontos,area,ano_base
"José Antonio Fernandes de Macêdo",http://lattes.cnpq.br/5801731850423324,2024,"Edge AI for Internet of Medical Things: A literature review","COMPUTERS & ELECTRICAL ENGINEERING",0045-7906,A2,,,2017-2020
"José Antonio Fernandes de Macêdo",http://lattes.cnpq.br/5801731850423324,2024,"Trajectory Modeling via Random Utility Inverse Reinforcement Learning","INFORMATION SCIENCES",0020-0255,A1,,,2017-2020
"José Antonio Fernandes de Macêdo",http://lattes.cnpq.br/5801731850423324,2023,"A framework for Digital Transformation towards Smart Governance: using big data tools to target SDGs in Ceará, Brazil","JOURNAL OF URBAN MANAGEMENT",2226-5856,A2,,,2020
"José Antonio Fernandes de Macêdo",http://lattes.cnpq.br/5801731850423324,2022,"Modeling Trajectories Obtained from External Sensors for Location Prediction via NLP Approaches","SENSORS",1424-8220,A2,,,2017-2020
"José Antonio Fernandes de Macêdo",http://lattes.cnpq.br/5801731850423324,2022,"On the design of a similarity function for sparse binary data with application on protein function annotation","KNOWLEDGE-BASED SYSTEMS",0950-7051,A1,,,2017-2020
"José Antonio Fernandes de Macêdo",http://lattes.cnpq.br/5801731850423324,2022,"Evaluation of Automatic Speech Recognition Approaches","JOURNAL OF INFORMATION AND DATA MANAGEMENT - JIDM",2178-7107,B1,,,2017-2020
"José Antonio Fernandes de Macêdo",http://lattes.cnpq.br/5801731850423324,2022,"HELD: Hierarchical entity-label disambiguation in named entity recognition task using deep learning","INTELLIGENT DATA ANALYSIS",1088-467X,B2,,,2017-2020
"José Antonio Fernandes de Macêdo",http://lattes.cnpq.br/5801731850423324,2022,"Usando um modelo de classificação para a adequada implantação do patrulhamento policial para o enfrentamento à assaltos a bancos no nordeste do Brasil","REVISTA BRASILEIRA DE CIENCIAS POLICIAIS",2178-0013,B3,,,2017-2020
"José Antonio Fernandes de Macêdo",http://lattes.cnpq.br/5801731850423324,2021,"Multiple-aspect analysis of semantic trajectories(MASTER)","INTERNATIONAL JOURNAL OF GEOGRAPHICAL INFORMATION SCIENCE",1365-8816,A1,,,2017-2020
"José Antonio Fernandes de Macêdo",http://lattes.cnpq.br/5801731850423324,2021,"Energy disruptive centrality with an application to criminal network","COMMUNICATIONS IN NONLINEAR SCIENCE AND NUMERICAL SIMULATION",1007-5704,A1,,,2017-2020
"José Antonio Fernandes de Macêdo",http://lattes.cnpq.br/5801731850423324,2021,"Improving the Creation of Hot Spot Policing Patrol Routes: Comparing Cognitive Heuristic Performance to an Automated Spatial Computation Approach","ISPRS INTERNATIONAL JOURNAL OF GEO-INFORMATION",2220-9964,A2,,,2017-2020
"José Antonio Fernandes de Macêdo",http://lattes.cnpq.br/5801731850423324,2021,"Evaluating the effect of compressing algorithms for trajectory similarity and classification problems","GEOINFORMATICA",1384-6175,A2,,,2017-2020
"José Antonio Fernandes de Macêdo",http://lattes.cnpq.br/5801731850423324,2021,"Evaluating the effect of compressing algorithms for trajectory similarity and classification problems","GEOINFORMATICA",1384-6175,A2,,,2017-2020
"José Antonio Fernandes de Macêdo",http://lattes.cnpq.br/5801731850423324,2020,"A novel approach to define the local region of dynamic selection techniques in imbalanced credit scoring problems","EXPERT SYSTEMS WITH APPLICATIONS",0957-4174,A1,,,2017-2020
"José Antonio Fernandes de Macêdo",http://lattes.cnpq.br/5801731850423324,2020,"Leveraging feature selection to detect potential tax fraudsters","EXPERT SYSTEMS WITH APPLICATIONS",0957-4174,A1,,,2017-2020
"José Antonio Fernandes de Macêdo",http://lattes.cnpq.br/5801731850423324,2020,"Special issue on -Advances on Large Evolving Graphs-","FUTURE GENERATION COMPUTER SYSTEMS",0167-739X,A1,,,2017-2020
"José Antonio Fernandes de Macêdo",http://lattes.cnpq.br/5801731850423324,2020,"Location prediction: a deep spatiotemporal learning from external sensors data","DISTRIBUTED AND PARALLEL DATABASES",0926-8782,A4,,,2017-2020
"José Antonio Fernandes de Macêdo",http://lattes.cnpq.br/5801731850423324,2019,"A Method based on Convolutional Neural Networks for Fingerprint Segmentation","IEEE XPLORE",2161-4407,N,,,
"José Antonio Fernandes de Macêdo",http://lattes.cnpq.br/5801731850423324,2019,"Speed prediction in large and dynamic traffic sensor networks","INFORMATION SYSTEMS",0306-4379,A2,,,2017-2020
"José Antonio Fernandes de Macêdo",http://lattes.cnpq.br/5801731850423324,2019,"Time Series Forecasting to Support Irrigation Management","JOURNAL OF INFORMATION AND DATA MANAGEMENT - JIDM",2178-7107,B1,,,2017-2020
"José Antonio Fernandes de Macêdo",http://lattes.cnpq.br/5801731850423324,2018,"Real-time discovery of hot routes on trajectory data streams using interactive visualization based on GPU","COMPUTERS & GRAPHICS-UK",0097-8493,A2,,,2017-2020
"José Antonio Fernandes de Macêdo",http://lattes.cnpq.br/5801731850423324,2018,"Item-driven group formation","ONLINE SOCIAL NETWORKS AND MEDIA",2468-6964,A1,,,2021
"José Antonio Fernandes de Macêdo",http://lattes.cnpq.br/5801731850423324,2018,"Big Data Analytics Technologies and Platforms: A Brief Review","CENTRAL EUROPE CEUR WORKSHOP PROCEEDINGS",1613-0073,B3,,,2021
"José Antonio Fernandes de Macêdo",http://lattes.cnpq.br/5801731850423324,2018,"Item-driven group formation","ONLINE SOCIAL NETWORKS AND MEDIA",2468-6964,A1,,,2021
"José Antonio Fernandes de Macêdo",http://lattes.cnpq.br/5801731850423324,2016,"A methodology for traffic-related Twitter messages interpretation","COMPUTERS IN INDUSTRY",0166-3615,A1,,,2017-2020
"José Antonio Fernandes de Macêdo",http://lattes.cnpq.br/5801731850423324,2015,"Planning sightseeing tours using crowdsensed trajectories","SIGSPATIAL SPECIAL",1946-7729,N,,,
"José Antonio Fernandes de Macêdo",http://lattes.cnpq.br/5801731850423324,2015,"On planning sightseeing tours with TripBuilder","INFORMATION PROCESSING & MANAGEMENT",0306-4573,A1,,,2017-2020
"José Antonio Fernandes de Macêdo",http://lattes.cnpq.br/5801731850423324,2014,"On Using an Online, Automatic and Non-Intrusive Approach for Rewriting SQL Queries","JOURNAL OF INFORMATION AND DATA MANAGEMENT - JIDM",2178-7107,B1,,,2017-2020
"José Antonio Fernandes de Macêdo",http://lattes.cnpq.br/5801731850423324,2014,"ARe-SQL: An Online, Automatic and Non-Intrusive Approach for Rewriting SQL Queries","JOURNAL OF INFORMATION AND DATA MANAGEMENT - JIDM",2178-7107,B1,,,2017-2020
"José Antonio Fernandes de Macêdo",http://lattes.cnpq.br/5801731850423324,2013,"How you move reveals who you are: understanding human behavior by analyzing trajectory data","KNOWLEDGE AND INFORMATION SYSTEMS (ELECTRONIC RESOURCE)",0219-3116,A2,,,2017-2020
"José Antonio Fernandes de Macêdo",http://lattes.cnpq.br/5801731850423324,2013,"Approaches to Model Query Interactions","JOURNAL OF INFORMATION AND DATA MANAGEMENT - JIDM",2178-7107,B1,,,2017-2020
"José Antonio Fernandes de Macêdo",http://lattes.cnpq.br/5801731850423324,2013,"Non-Intrusive Elastic Query Processing in the Cloud","JOURNAL OF COMPUTER SCIENCE AND TECHNOLOGY",1000-9000,A3,,,2017-2020
"José Antonio Fernandes de Macêdo",http://lattes.cnpq.br/5801731850423324,2013,"Semantic trajectories modeling and analysis","ACM COMPUTING SURVEYS",0360-0300,A1,,,2017-2020
"José Antonio Fernandes de Macêdo",http://lattes.cnpq.br/5801731850423324,2012,"K-NEAREST NEIGHBORS QUERIES IN TIME-DEPENDENT ROAD NETWORKS","JOURNAL OF INFORMATION AND DATA MANAGEMENT - JIDM",2178-7107,B1,,,2017-2020
"José Antonio Fernandes de Macêdo",http://lattes.cnpq.br/5801731850423324,2011,"Query Processing in a Mediator Based Framework for Linked Data Integration","INTERNATIONAL JOURNAL OF BUSINESS DATA COMMUNICATIONS AND NETWORKING",1548-0631,B1,,,2020
"José Antonio Fernandes de Macêdo",http://lattes.cnpq.br/5801731850423324,2011,"From Conceptual Modeling to Logical Representation of Trajectories in DBMS-OR and DW Systems","JOURNAL OF INFORMATION AND DATA MANAGEMENT - JIDM",2178-7107,B1,,,2017-2020
"José Antonio Fernandes de Macêdo",http://lattes.cnpq.br/5801731850423324,2010,"Towards Automatic Generation of Application Ontologies","JOURNAL OF INFORMATION AND DATA MANAGEMENT - JIDM",2178-7107,B1,,,2017-2020
"José Antonio Fernandes de Macêdo",http://lattes.cnpq.br/5801731850423324,2009,"Complete genome sequence of the sugarcane nitrogen-fixing endophyte Gluconacetobacter diazotrophicus PAL5","BMC GENOMICS",1471-2164,A2,,,2017-2020
"José Antonio Fernandes de Macêdo",http://lattes.cnpq.br/5801731850423324,2008,"A conceptual view on trajectories?","DATA & KNOWLEDGE ENGINEERING",0169-023X,A3,,,2017-2020
"José Antonio Fernandes de Macêdo",http://lattes.cnpq.br/5801731850423324,2008,"Trajectory Ontologies and Queries","TRANSACTIONS IN GIS",1361-1682,A2,,,2017-2020