nome,lattes_url,ano_publicacao,titulo_publicacao,periodico,issn,qualis,pontos,area,ano_base
"Jose Neuman de Souza",http://lattes.cnpq.br/3614256141054800,2024,"Harnessing idle edge resources for execution of cloud services: A comprehensive review","TRANSACTIONS ON EMERGING TELECOMMUNICATIONS TECHNOLOGIES",2161-3915,A3,,,2017-2020
"Jose Neuman de Souza",http://lattes.cnpq.br/3614256141054800,2024,"Decision-Making Support in IT Services Sourcing Management Through a System Dynamics Model","IEEE TRANSACTIONS ON NETWORK AND SERVICE MANAGEMENT",1932-4537,A1,,,2017-2020
"Jose Neuman de Souza",http://lattes.cnpq.br/3614256141054800,2023,"A Bee Colony-Based Algorithm for Task Offloading in Vehicular Edge Computing","IEEE SYSTEMS JOURNAL",1932-8184,A1,,,2017-2020
"Jose Neuman de Souza",http://lattes.cnpq.br/3614256141054800,2022,"Guest Editorial AI-Driven-Synthetic-Biology-for-Human-Wellbeing","IEEE JOURNAL OF BIOMEDICAL AND HEALTH INFORMATICS",2168-2194,A1,,,2017-2020
"Jose Neuman de Souza",http://lattes.cnpq.br/3614256141054800,2022,"From the Art of Software Testing to Test-as-a-Service in Cloud Computing","INTERNATIONAL JOURNAL OF SOFTWARE ENGINEERING & APPLICATIONS (IJSEA)",0975-9018,B3,,,2017-2020
"Jose Neuman de Souza",http://lattes.cnpq.br/3614256141054800,2021,"Guest Editorial: 5G for Internet of Things","IEEE NETWORK",0890-8044,A1,,,2017-2020
"Jose Neuman de Souza",http://lattes.cnpq.br/3614256141054800,2021,"Um modelo para suporte ao gerenciamento de qualidade de software com base na dinâmica de sistemas","REVISTA ELETRONICA SISTEMAS & GESTÃO",1980-5160,B1,,,2017-2020
"Jose Neuman de Souza",http://lattes.cnpq.br/3614256141054800,2021,"Blockchain-based whistleblowing service to solve the problem of journalistic conflict of interest","ANNALS OF TELECOMMUNICATIONS",0003-4347,A4,,,2017-2020
"Jose Neuman de Souza",http://lattes.cnpq.br/3614256141054800,2021,"LARIISA: soluções digitais inteligentes para apoio à tomada de decisão na gestão da Estratégia de Saúde da Família","CIÊNCIA & SAÚDE COLETIVA",1678-4561,A1,,,2017-2020
"Jose Neuman de Souza",http://lattes.cnpq.br/3614256141054800,2021,"A context-oriented framework for computation offloading in vehicular edge computing using WAVE and 5G networks","VEHICULAR COMMUNICATIONS",2214-2096,A1,,,2017-2020
"Jose Neuman de Souza",http://lattes.cnpq.br/3614256141054800,2021,"Performance Analysis of Clustering Car-Following V2X System with Wireless Power Transfer and Massive Connections","IEEE INTERNET OF THINGS JOURNAL",2327-4662,A1,,,2017-2020
"Jose Neuman de Souza",http://lattes.cnpq.br/3614256141054800,2020,"Multilevel data fusion for the internet of things in smart agriculture","COMPUTERS AND ELECTRONICS IN AGRICULTURE",0168-1699,A1,,,2017-2020
"Jose Neuman de Souza",http://lattes.cnpq.br/3614256141054800,2020,"Supporting Infrastructure as a Service Capacity Management through Business Scenarios SimulationSupporting Infrastructure as a Service Capacity Management through Business Scenarios Simulation","IEEE LATIN AMERICA TRANSACTIONS",1548-0992,B2,,,2017-2020
"Jose Neuman de Souza",http://lattes.cnpq.br/3614256141054800,2020,"Computation Offloading for Vehicular Environments: A Survey","IEEE ACCESS",2169-3536,A3,,,2017-2020
"Jose Neuman de Souza",http://lattes.cnpq.br/3614256141054800,2020,"Preserving Privacy in Mobile Health Systems using Non-Interactive Zero-Knowledge Proof and Blockchain","IEEE ACCESS",2169-3536,A3,,,2017-2020
"Jose Neuman de Souza",http://lattes.cnpq.br/3614256141054800,2020,"Business-driven Support for Infrastructure as a Service Capacity Management through System Dynamics Simulations","IEEE TRANSACTIONS ON NETWORK AND SERVICE MANAGEMENT",1932-4537,A1,,,2017-2020
"Jose Neuman de Souza",http://lattes.cnpq.br/3614256141054800,2019,"IEEE Access Special Section Editorial: Big Data Analytics in the Internet-Of-Things And Cyber-Physical Systems","IEEE ACCESS",2169-3536,A3,,,2017-2020
"Jose Neuman de Souza",http://lattes.cnpq.br/3614256141054800,2019,"Cloud, Fog, or Mist in IoT? That Is the Question","ACM TRANSACTIONS ON INTERNET TECHNOLOGY",1533-5399,A2,,,2017-2020
"Jose Neuman de Souza",http://lattes.cnpq.br/3614256141054800,2019,"Enhancing Offloading Systems with Smart Decisions, Adaptive Monitoring, and Mobility Support","WIRELESS COMMUNICATIONS & MOBILE COMPUTING",1530-8669,A3,,,2017-2020
"Jose Neuman de Souza",http://lattes.cnpq.br/3614256141054800,2019,"Support for incident management in optical networks through critical points identification","INGENIERIA E INVESTIGACION",2248-8723,B1,,,2017-2020
"Jose Neuman de Souza",http://lattes.cnpq.br/3614256141054800,2018,"A Consensus-Based Multicriteria Group Decision Model for Information Technology Management Committees","IEEE TRANSACTIONS ON ENGINEERING MANAGEMENT",0018-9391,A2,,,2017-2020
"Jose Neuman de Souza",http://lattes.cnpq.br/3614256141054800,2018,"Resilient virtual communication networks using multi-commodity flow based local optimal mapping","JOURNAL OF NETWORK AND COMPUTER APPLICATIONS",1084-8045,A1,,,2017-2020
"Jose Neuman de Souza",http://lattes.cnpq.br/3614256141054800,2018,"Business Risk-based Redundancy Points Identification in Synchronous Digital Hierarchy Optical Networks","IEEE LATIN AMERICA TRANSACTIONS",1548-0992,B2,,,2017-2020
"Jose Neuman de Souza",http://lattes.cnpq.br/3614256141054800,2017,"Supporting Mobility-Aware Computational Offloading in Mobile Cloud Environment","JOURNAL OF NETWORK AND COMPUTER APPLICATIONS",1084-8045,A1,,,2017-2020
"Jose Neuman de Souza",http://lattes.cnpq.br/3614256141054800,2016,"Physics and microeconomics-based metrics for evaluating cloud computing elasticity","JOURNAL OF NETWORK AND COMPUTER APPLICATIONS",1084-8045,A1,,,2017-2020
"Jose Neuman de Souza",http://lattes.cnpq.br/3614256141054800,2016,"A Platform as a Service Billing Model for Cloud Computing Management Approaches","REVISTA IEEE AMÉRICA LATINA",1548-0992,B2,,,2017-2020
"Jose Neuman de Souza",http://lattes.cnpq.br/3614256141054800,2016,"A Systematic Review of Shared Sensor Networks","ACM COMPUTING SURVEYS",0360-0300,A1,,,2017-2020
"Jose Neuman de Souza",http://lattes.cnpq.br/3614256141054800,2016,"Performing Computation Offloading on Multiple Platforms","COMPUTER COMMUNICATIONS",0140-3664,A2,,,2017-2020
"Jose Neuman de Souza",http://lattes.cnpq.br/3614256141054800,2016,"Management of Multiple Applications for Shared Sensor and Actuators Networks","REVISTA IEEE AMÉRICA LATINA",1548-0992,B2,,,2017-2020
"Jose Neuman de Souza",http://lattes.cnpq.br/3614256141054800,2015,"A Taxonomy for Resilience in Vehicular Ad hoc Networks","REVISTA IEEE AMÉRICA LATINA",1548-0992,B2,,,2017-2020
"Jose Neuman de Souza",http://lattes.cnpq.br/3614256141054800,2015,"Autonomic Context-Aware Wireless Sensor Networks","JOURNAL OF SENSORS",1687-725X,A3,,,2017-2020
"Jose Neuman de Souza",http://lattes.cnpq.br/3614256141054800,2015,"A Petri net-based decision-making framework for assessing cloud services adoption: The use of spot instances for cost reduction","JOURNAL OF NETWORK AND COMPUTER APPLICATIONS",1084-8045,A1,,,2017-2020
"Jose Neuman de Souza",http://lattes.cnpq.br/3614256141054800,2015,"Using Processing Features for Allocation of Virtual Machines in Cloud Computing","REVISTA IEEE AMÉRICA LATINA",1548-0992,B2,,,2017-2020
"Jose Neuman de Souza",http://lattes.cnpq.br/3614256141054800,2015,"A fully-decentralized semantic mechanism to improve sensor autonomy","JOURNAL OF NETWORK AND COMPUTER APPLICATIONS",1084-8045,A1,,,2017-2020
"Jose Neuman de Souza",http://lattes.cnpq.br/3614256141054800,2014,"A control and decision system for smart buildings using wireless sensor and actuator networks","TRANSACTIONS ON EMERGING TELECOMMUNICATIONS TECHNOLOGIES (ONLINE)",2161-3915,A3,,,2017-2020
"Jose Neuman de Souza",http://lattes.cnpq.br/3614256141054800,2014,"EPMOSt: An Energy-Efficient Passive Monitoring System for Wireless Sensor Networks","SENSORS (BASEL)",1424-8220,A2,,,2017-2020
"Jose Neuman de Souza",http://lattes.cnpq.br/3614256141054800,2014,"Tomada de decisão multicritério na migração de aplicativos para ambientes de nuvem do tipo software as a service","REVISTA BRASILEIRA DE ADMINISTRAÇÃO CIENTÍFICA",2179-684X,B3,,,2017-2020
"Jose Neuman de Souza",http://lattes.cnpq.br/3614256141054800,2014,"Elasticity in cloud computing: a survey","ANNALES DES TELECOMMUNICATIONS",0003-4347,A4,,,2017-2020
"Jose Neuman de Souza",http://lattes.cnpq.br/3614256141054800,2013,"Ultimate technologies and advances for future smart grid: utasg [Guest Editorial]","IEEE COMMUNICATIONS MAGAZINE (PRINT)",0163-6804,A1,,,2017-2020
"Jose Neuman de Souza",http://lattes.cnpq.br/3614256141054800,2013,"RETENTION: A reactive trust-based mechanism to detect and punish malicious nodes in ad hoc grid environments","JOURNAL OF NETWORK AND COMPUTER APPLICATIONS",1084-8045,A1,,,2017-2020
"Jose Neuman de Souza",http://lattes.cnpq.br/3614256141054800,2013,"A Routing Protocol Based on Energy and Link Quality for Internet of Things Applications","SENSORS (BASEL)",1424-8220,A2,,,2017-2020
"Jose Neuman de Souza",http://lattes.cnpq.br/3614256141054800,2013,"Automatic services instantiation based on a process specification","JOURNAL OF NETWORK AND COMPUTER APPLICATIONS",1084-8045,A1,,,2017-2020
"Jose Neuman de Souza",http://lattes.cnpq.br/3614256141054800,2012,"GigaManP2P: an overlay network for distributed QoS management and resilient routing","INTERNATIONAL JOURNAL OF NETWORK MANAGEMENT (PRINT)",1055-7148,A4,,,2017-2020
"Jose Neuman de Souza",http://lattes.cnpq.br/3614256141054800,2012,"Capturing the Quality and Business Value of IT Services Using a Business-Driven Model","IEEE ETRANSACTIONS ON NETWORK AND SERVICE MANAGEMENT",1932-4537,A1,,,2017-2020
"Jose Neuman de Souza",http://lattes.cnpq.br/3614256141054800,2012,"Enhancing Smart Grid with Session-Oriented Communication System to Truly Support Reliability and Robustness","SMART GRID AND RENEWABLE ENERGY",2151-4844,N,,,
"Jose Neuman de Souza",http://lattes.cnpq.br/3614256141054800,2012,"WSNs clustering based on semantic neighborhood relationships","COMPUTER NETWORKS (1999)",1389-1286,A1,,,2017-2020
"Jose Neuman de Souza",http://lattes.cnpq.br/3614256141054800,2012,"A localized algorithm for Structural Health Monitoring using wireless sensor networks","INFORMATION FUSION (PRINT)",1566-2535,A1,,,2017-2020
"Jose Neuman de Souza",http://lattes.cnpq.br/3614256141054800,2011,"LECSOM: a Low-Energy Routing Algorithm based on SOM Clustering for Static and Mobile Wireless Sensor Networks","NTERNATIONAL JOURNAL ON COMMUNICATIONS ANTENNA AND PROPAGATION",2039-5086,A3,,,2020
"Jose Neuman de Souza",http://lattes.cnpq.br/3614256141054800,2011,"Efficient Management of Loosely Collaborative Service Networks: A Report on DANMS 2011","JOURNAL OF NETWORK AND SYSTEMS MANAGEMENT",1064-7570,A2,,,2017-2020
"Jose Neuman de Souza",http://lattes.cnpq.br/3614256141054800,2011,"Improving Prediction Accuracy for WSN Data Reduction by Applying Multivariate Spatio-Temporal Correlation","SENSORS (BASEL)",1424-8220,A2,,,2017-2020
"Jose Neuman de Souza",http://lattes.cnpq.br/3614256141054800,2010,"Detecting misbehaving units on computational grids","CONCURRENCY AND COMPUTATION",1532-0626,A3,,,2017-2020
"Jose Neuman de Souza",http://lattes.cnpq.br/3614256141054800,2010,"FrameIDTV: A framework for developing interactive applications on digital television environments","JOURNAL OF NETWORK AND COMPUTER APPLICATIONS",1084-8045,A1,,,2017-2020
"Jose Neuman de Souza",http://lattes.cnpq.br/3614256141054800,2009,"The design of a novel context-aware policy model to support machine-based learning and reasoning","CLUSTER COMPUTING",1386-7857,A2,,,2017-2020
"Jose Neuman de Souza",http://lattes.cnpq.br/3614256141054800,2009,"An innovative approach to identify the IP address in denial-of-service (DoS) attacks based on Cauchy's integral theorem","INTERNATIONAL JOURNAL OF NETWORK MANAGEMENT (PRINT)",1055-7148,A4,,,2017-2020
"Jose Neuman de Souza",http://lattes.cnpq.br/3614256141054800,2009,"The Design of a New Policy Model to Support Ontology-Driven Reasoning for Autonomic Networking","JOURNAL OF NETWORK AND SYSTEMS MANAGEMENT",1064-7570,A2,,,2017-2020
"Jose Neuman de Souza",http://lattes.cnpq.br/3614256141054800,2009,"Special Issue: Advanced Strategies in Grid Environments-Models and Techniques for Scheduling and Programming","CONCURRENCY AND COMPUTATION",1532-0626,A3,,,2017-2020
"Jose Neuman de Souza",http://lattes.cnpq.br/3614256141054800,2008,"Bringing Autonomic Principles for Managing Next Generation Networks and Services: A Report on LANOMS","JOURNAL OF NETWORK AND SYSTEMS MANAGEMENT",1064-7570,A2,,,2017-2020
"Jose Neuman de Souza",http://lattes.cnpq.br/3614256141054800,2008,"Next-generation network and service management","ANNALES DES TÉLÉCOMMUNICATIONS",0003-4347,A4,,,2017-2020
"Jose Neuman de Souza",http://lattes.cnpq.br/3614256141054800,2008,"Self-Organization and Self-Management in Communications as Applied to Autonomic Networks","COMPUTER COMMUNICATIONS",0140-3664,A2,,,2017-2020
"Jose Neuman de Souza",http://lattes.cnpq.br/3614256141054800,2007,"A Framework for Network Quality Monitoring in VoIP Environment","INTERNATIONAL JOURNAL OF NETWORK MANAGEMENT (ONLINE)",1099-1190,A4,,,2017-2020
"Jose Neuman de Souza",http://lattes.cnpq.br/3614256141054800,2007,"Predictive Connectionist Approach for VoD Bandwidth Management","COMPUTER COMMUNICATIONS",0140-3664,A2,,,2017-2020
"Jose Neuman de Souza",http://lattes.cnpq.br/3614256141054800,2006,"Spotlights on Network Operations and Management Research in Latin America?A Report on LANOMS 2005","JOURNAL OF NETWORK AND SYSTEMS MANAGEMENT",1064-7570,A2,,,2017-2020
"Jose Neuman de Souza",http://lattes.cnpq.br/3614256141054800,2006,"A Grid Computing Diagnosis Model for Tolerating Manipulation Attacks","INTERNATIONAL TRANSACTIONS ON SYSTEMS SCIENCE AND APPLICATIONS (PRINT)",1751-1461,N,,,
"Jose Neuman de Souza",http://lattes.cnpq.br/3614256141054800,2005,"New Trends on Telecommunications and Networking: A Report on ICT 2004","IEEE COMMUNICATIONS MAGAZINE (PRINT)",0163-6804,A1,,,2017-2020
"Jose Neuman de Souza",http://lattes.cnpq.br/3614256141054800,2004,"Design and Implementation of an ANTS-based Test Bed for Collecting Data in Active Framework - LNCS-3124","LECTURE NOTES IN COMPUTER SCIENCE",0302-9743,A4,,,2021
"Jose Neuman de Souza",http://lattes.cnpq.br/3614256141054800,2004,"A Generic Event-Driven System for Managing SNMP Enabled Communication Networks - LNCS-3124","LECTURE NOTES IN COMPUTER SCIENCE",0302-9743,A4,,,2021
"Jose Neuman de Souza",http://lattes.cnpq.br/3614256141054800,2004,"Script MIB Extension for Resource Limitation in SNMP Distributed Management Environments - LNCS-3124","LECTURE NOTES IN COMPUTER SCIENCE",0302-9743,A4,,,2021
"Jose Neuman de Souza",http://lattes.cnpq.br/3614256141054800,2004,"Bandwidth Allocation Management Based on Neural Networks Prediction for VoD system Providers - LNCS-3126","LECTURE NOTES IN COMPUTER SCIENCE",0302-9743,A4,,,2021
"Jose Neuman de Souza",http://lattes.cnpq.br/3614256141054800,2003,"VoD Service Traffic Monitoring with Neural Agent - LNCS-2839","LECTURE NOTES IN COMPUTER SCIENCE",0302-9743,A4,,,2021
"Jose Neuman de Souza",http://lattes.cnpq.br/3614256141054800,2001,"An open approach for deploying programming nodes into communication networks","COMPUTER COMMUNICATION REVIEW",0146-4833,A3,,,2017-2020
"Jose Neuman de Souza",http://lattes.cnpq.br/3614256141054800,2000,"Editorial do NIS Journal - Special Issue on Multimedia Management","NETWORKING AND INFORMATION SYSTEMS JOURNAL",1290-2926,N,,,
"Jose Neuman de Souza",http://lattes.cnpq.br/3614256141054800,1999,"A Fuzzy Logic Application to LAN Management","NETWORKING AND INFORMATION SYSTEMS JOURNAL",1290-2926,N,,,
"Jose Neuman de Souza",http://lattes.cnpq.br/3614256141054800,1991,"Implementação Semi-Automática de Sistemas de Comunicação Especificados Formalmente","SBA. SOCIEDADE BRASILEIRA DE AUTOMÁTICA",0103-1759,N,,,