nome,lattes_url,ano_publicacao,titulo_publicacao,periodico,issn,qualis,pontos,area,ano_base
"José Maria da Silva Monteiro Filho",http://lattes.cnpq.br/9790693300026949,2024,"MM-DIRECT","VLDB JOURNAL",1066-8888,A2,,,2021
"José Maria da Silva Monteiro Filho",http://lattes.cnpq.br/9790693300026949,2021,"Main Memory Database Recovery","ACM COMPUTING SURVEYS",0360-0300,A1,,,2017-2020
"José Maria da Silva Monteiro Filho",http://lattes.cnpq.br/9790693300026949,2021,"Um modelo para suporte ao gerenciamento de qualidade de software com base na dinâmica de sistemas","REVISTA ELETRONICA SISTEMAS & GESTÃO",1980-5160,B1,,,2017-2020
"José Maria da Silva Monteiro Filho",http://lattes.cnpq.br/9790693300026949,2020,"Leveraging feature selection to detect potential tax fraudsters","EXPERT SYSTEMS WITH APPLICATIONS",0957-4174,A1,,,2017-2020
"José Maria da Silva Monteiro Filho",http://lattes.cnpq.br/9790693300026949,2019,"DaC-Join: A join operator for improving database performance on modern hardware","CONCURRENCY AND COMPUTATION-PRACTICE & EXPERIENCE",1532-0626,A3,,,2017-2020
"José Maria da Silva Monteiro Filho",http://lattes.cnpq.br/9790693300026949,2017,"Exploring quality measures for the evaluation of feature models: a case study","JOURNAL OF SYSTEMS AND SOFTWARE",0164-1212,A1,,,2017-2020
"José Maria da Silva Monteiro Filho",http://lattes.cnpq.br/9790693300026949,2014,"Improving Index Maintenance Using Decision Analysis","JOURNAL OF INFORMATION AND DATA MANAGEMENT - JIDM",2178-7107,B1,,,2017-2020
"José Maria da Silva Monteiro Filho",http://lattes.cnpq.br/9790693300026949,2014,"ARE-SQL: AN ONLINE, AUTOMATIC AND NON-INTRUSIVE APPROACH FOR REWRITING SQL QUERIES","JOURNAL OF INFORMATION AND DATA MANAGEMENT - JIDM",2178-7107,B1,,,2017-2020
"José Maria da Silva Monteiro Filho",http://lattes.cnpq.br/9790693300026949,2013,"Approaches to Model Query Interactions","JOURNAL OF INFORMATION AND DATA MANAGEMENT - JIDM",2178-7107,B1,,,2017-2020
"José Maria da Silva Monteiro Filho",http://lattes.cnpq.br/9790693300026949,2013,"Interaction-Aware Data Management in the Cloud","JOURNAL OF INFORMATION AND DATA MANAGEMENT - JIDM",2178-7107,B1,,,2017-2020
"José Maria da Silva Monteiro Filho",http://lattes.cnpq.br/9790693300026949,2013,"Towards a Statistical Evaluation of PigLatin Joins","JOURNAL OF INFORMATION AND DATA MANAGEMENT - JIDM",2178-7107,B1,,,2017-2020
"José Maria da Silva Monteiro Filho",http://lattes.cnpq.br/9790693300026949,2012,"Proactive Index Maintenance: Using Prediction Models for Improving Index Maintenance in Databases","JOURNAL OF INFORMATION AND DATA MANAGEMENT - JIDM",2178-7107,B1,,,2017-2020
"José Maria da Silva Monteiro Filho",http://lattes.cnpq.br/9790693300026949,2010,"A Query Language for Data Access in Ubiquitous Environments","CLEI ELECTRONIC JOURNAL",0717-5000,B2,,,2017-2020
"José Maria da Silva Monteiro Filho",http://lattes.cnpq.br/9790693300026949,2008,"NanoBase: A tiny relation database manager for the JME CLDC/MIDP Platform","REVISTA TECNOLOGIA (UNIFOR)",0101-8191,N,,,