nome,lattes_url,ano_publicacao,titulo_publicacao,periodico,issn,qualis,pontos,area,ano_base
"Júlio César Silva Araújo",http://lattes.cnpq.br/7659965567201224,2026,"On the parameterized complexity of computing good edge-labelings","JOURNAL OF COMPUTER AND SYSTEM SCIENCES",0022-0000,A2,,,2017-2020
"Júlio César Silva Araújo",http://lattes.cnpq.br/7659965567201224,2025,"The iteration time and the general position number in graph convexities","APPLIED MATHEMATICS AND COMPUTATION",0096-3003,A2,,,2017-2020
"Júlio César Silva Araújo",http://lattes.cnpq.br/7659965567201224,2025,"Semi-proper orientations of dense graphs","DISCRETE APPLIED MATHEMATICS",0166-218X,A2,,,2017-2020
"Júlio César Silva Araújo",http://lattes.cnpq.br/7659965567201224,2024,"On the hull number on cycle convexity of graphs","INFORMATION PROCESSING LETTERS",0020-0190,A4,,,2017-2020
"Júlio César Silva Araújo",http://lattes.cnpq.br/7659965567201224,2023,"On Finding the Best and Worst Orientations for the Metric Dimension","ALGORITHMICA",0178-4617,A3,,,2017-2020
"Júlio César Silva Araújo",http://lattes.cnpq.br/7659965567201224,2023,"Parameterized Complexity of Computing Maximum Minimal Blocking and Hitting Sets","ALGORITHMICA",0178-4617,A3,,,2017-2020
"Júlio César Silva Araújo",http://lattes.cnpq.br/7659965567201224,2022,"Backbone coloring of graphs with galaxy backbones","DISCRETE APPLIED MATHEMATICS",0166-218X,A2,,,2017-2020
"Júlio César Silva Araújo",http://lattes.cnpq.br/7659965567201224,2022,"Introducing lop-Kernels: A Framework for Kernelization Lower Bounds","ALGORITHMICA",0178-4617,A3,,,2017-2020
"Júlio César Silva Araújo",http://lattes.cnpq.br/7659965567201224,2022,"Hull and geodetic numbers for some classes of oriented graphs","DISCRETE APPLIED MATHEMATICS",0166-218X,A2,,,2017-2020
"Júlio César Silva Araújo",http://lattes.cnpq.br/7659965567201224,2021,"On the proper orientation number of chordal graphs","THEORETICAL COMPUTER SCIENCE",0304-3975,A2,,,2017-2020
"Júlio César Silva Araújo",http://lattes.cnpq.br/7659965567201224,2020,"Dual Parameterization of Weighted Coloring","ALGORITHMICA",0178-4617,A3,,,2017-2020
"Júlio César Silva Araújo",http://lattes.cnpq.br/7659965567201224,2020,"On the Complexity of Finding Internally Vertex-Disjoint Long Directed Paths","ALGORITHMICA",0178-4617,A3,,,2017-2020
"Júlio César Silva Araújo",http://lattes.cnpq.br/7659965567201224,2019,"Weighted proper orientations of trees and graphs of bounded treewidth","THEORETICAL COMPUTER SCIENCE",0304-3975,A2,,,2017-2020
"Júlio César Silva Araújo",http://lattes.cnpq.br/7659965567201224,2018,"Ruling out FPT algorithms for Weighted Coloring on forests","THEORETICAL COMPUTER SCIENCE",0304-3975,A2,,,2017-2020
"Júlio César Silva Araújo",http://lattes.cnpq.br/7659965567201224,2018,"On interval number in cycle convexity","DISCRETE MATHEMATICS AND THEORETICAL COMPUTER SCIENCE",1462-7264,N,,,
"Júlio César Silva Araújo",http://lattes.cnpq.br/7659965567201224,2018,"Circular backbone colorings: On matching and tree backbones of planar graphs","DISCRETE APPLIED MATHEMATICS",0166-218X,A2,,,2017-2020
"Júlio César Silva Araújo",http://lattes.cnpq.br/7659965567201224,2017,"Steinberg-like theorems for backbone colouring","DISCRETE APPLIED MATHEMATICS",0166-218X,A2,,,2017-2020
"Júlio César Silva Araújo",http://lattes.cnpq.br/7659965567201224,2016,"Energy Efficient Content Distribution","COMPUTER JOURNAL",0010-4620,A3,,,2017-2020
"Júlio César Silva Araújo",http://lattes.cnpq.br/7659965567201224,2016,"Proper orientation of cacti","THEORETICAL COMPUTER SCIENCE",0304-3975,A2,,,2017-2020
"Júlio César Silva Araújo",http://lattes.cnpq.br/7659965567201224,2016,"On the Existence of Tree Backbones that Realize the Chromatic Number on a Backbone Coloring","JOURNAL OF GRAPH THEORY",0364-9024,A3,,,2017-2020
"Júlio César Silva Araújo",http://lattes.cnpq.br/7659965567201224,2015,"Hull number:","DISCRETE APPLIED MATHEMATICS",0166-218X,A2,,,2017-2020
"Júlio César Silva Araújo",http://lattes.cnpq.br/7659965567201224,2014,"Weighted Coloring in Trees","SIAM JOURNAL ON DISCRETE MATHEMATICS (PRINT)",0895-4801,A3,,,2017-2020
"Júlio César Silva Araújo",http://lattes.cnpq.br/7659965567201224,2014,"On the proper orientation number of bipartite graphs","THEORETICAL COMPUTER SCIENCE",0304-3975,A2,,,2017-2020
"Júlio César Silva Araújo",http://lattes.cnpq.br/7659965567201224,2013,"A Hajós-like theorem for weighted coloring","JOURNAL OF THE BRAZILIAN COMPUTER SOCIETY (IMPRESSO)",0104-6500,A2,,,2017-2020
"Júlio César Silva Araújo",http://lattes.cnpq.br/7659965567201224,2013,"Eulerian and Hamiltonian Dicycles in Directed Hypergraphs","DISCRETE MATHEMATICS, ALGORITHMS AND APPLICATIONS",1793-8309,B3,,,2017-2020
"Júlio César Silva Araújo",http://lattes.cnpq.br/7659965567201224,2013,"On the hull number of some graph classes","THEORETICAL COMPUTER SCIENCE",0304-3975,A2,,,2017-2020
"Júlio César Silva Araújo",http://lattes.cnpq.br/7659965567201224,2012,"Weighted improper colouring","JOURNAL OF DISCRETE ALGORITHMS (PRINT)",1570-8667,A3,,,2017-2020
"Júlio César Silva Araújo",http://lattes.cnpq.br/7659965567201224,2012,"On the Grundy number of graphs with few ¿s","DISCRETE APPLIED MATHEMATICS",0166-218X,A2,,,2017-2020
"Júlio César Silva Araújo",http://lattes.cnpq.br/7659965567201224,2012,"Good edge-labelling of graphs","DISCRETE APPLIED MATHEMATICS",0166-218X,A2,,,2017-2020