nome,lattes_url,ano_publicacao,titulo_publicacao,periodico,issn,qualis,pontos,area,ano_base
"Lincoln Souza Rocha",http://lattes.cnpq.br/0656977742590515,2024,"Towards automatic labeling of exception handling bugs: A case study of 10 years bug-fixing in Apache Hadoop","EMPIRICAL SOFTWARE ENGINEERING",1382-3256,A1,,,2017-2020
"Lincoln Souza Rocha",http://lattes.cnpq.br/0656977742590515,2024,"Studying the Impact of CI/CD Adoption on Atoms of Confusion Distribution and Prevalence in Open-Source Projects","JOURNAL OF SOFTWARE ENGINEERING RESEARCH AND DEVELOPMENT",2195-1721,A4,,,2017-2020
"Lincoln Souza Rocha",http://lattes.cnpq.br/0656977742590515,2024,"Agape: A Syntactic-Based Analysis Method for Automatic API Connection Points Discovery in Systems-of-Information Systems","IEEE SYSTEMS JOURNAL",1932-8184,A1,,,2017-2020
"Lincoln Souza Rocha",http://lattes.cnpq.br/0656977742590515,2022,"From the Art of Software Testing to Test-as-a-Service in Cloud Computing","INTERNATIONAL JOURNAL OF SOFTWARE ENGINEERING & APPLICATIONS",0976-2221,N,,,
"Lincoln Souza Rocha",http://lattes.cnpq.br/0656977742590515,2022,"The role of bug report evolution in reliable fixing estimation","EMPIRICAL SOFTWARE ENGINEERING",1382-3256,A1,,,2017-2020
"Lincoln Souza Rocha",http://lattes.cnpq.br/0656977742590515,2021,"Assessing exception handling testing practices in open-source libraries","EMPIRICAL SOFTWARE ENGINEERING",1382-3256,A1,,,2017-2020
"Lincoln Souza Rocha",http://lattes.cnpq.br/0656977742590515,2021,"Um modelo para suporte ao gerenciamento de qualidade de software com base na dinâmica de sistemas","REVISTA ELETRONICA SISTEMAS & GESTÃO",1980-5160,B1,,,2017-2020
"Lincoln Souza Rocha",http://lattes.cnpq.br/0656977742590515,2020,"Building orchestrated microservice systems using declarative business processes","SERVICE ORIENTED COMPUTING AND APPLICATIONS",1863-2386,A2,,,2017-2020
"Lincoln Souza Rocha",http://lattes.cnpq.br/0656977742590515,2020,"Studying the evolution of exception handling anti-patterns in a long-lived large-scale project","JOURNAL OF THE BRAZILIAN COMPUTER SOCIETY (IMPRESSO)",0104-6500,A2,,,2017-2020
"Lincoln Souza Rocha",http://lattes.cnpq.br/0656977742590515,2018,"An Evaluation of Cross-Platform Frameworks for Multimedia Mobile Applications Development","IEEE LATIN AMERICA TRANSACTIONS",1548-0992,B2,,,2017-2020
"Lincoln Souza Rocha",http://lattes.cnpq.br/0656977742590515,2017,"Test case design for context-aware applications: Are we there yet?","INFORMATION AND SOFTWARE TECHNOLOGY",0950-5849,A1,,,2017-2020
"Lincoln Souza Rocha",http://lattes.cnpq.br/0656977742590515,2017,"On the Evaluation of a Contextual Sensitive Data Offloading Service: the COP case","JOURNAL OF INFORMATION AND DATA MANAGEMENT - JIDM",2178-7107,B1,,,2017-2020
"Lincoln Souza Rocha",http://lattes.cnpq.br/0656977742590515,2016,"Performing Computation Offloading on Multiple Platforms","COMPUTER COMMUNICATIONS",0140-3664,A2,,,2017-2020
"Lincoln Souza Rocha",http://lattes.cnpq.br/0656977742590515,2016,"Classification with reject option for software defect prediction","APPLIED SOFT COMPUTING",1568-4946,A1,,,2017-2020
"Lincoln Souza Rocha",http://lattes.cnpq.br/0656977742590515,2013,"MobiLine: A Nested Software Product Line for the Domain of Mobile and Context-Aware Applications","SCIENCE OF COMPUTER PROGRAMMING (PRINT)",0167-6423,A4,,,2017-2020