nome,lattes_url,ano_publicacao,titulo_publicacao,periodico,issn,qualis,pontos,area,ano_base
"Manoel Bezerra Campêlo Neto",http://lattes.cnpq.br/7207626266770213,2024,"Integer programming models and polyhedral study for the geodesic classification problem on graphs","EUROPEAN JOURNAL OF OPERATIONAL RESEARCH",0377-2217,A1,,,2017-2020
"Manoel Bezerra Campêlo Neto",http://lattes.cnpq.br/7207626266770213,2023,"A strongly polynomial algorithm for the minimum maximum flow degree problem","OPERATIONS RESEARCH LETTERS",0167-6377,A3,,,2017-2020
"Manoel Bezerra Campêlo Neto",http://lattes.cnpq.br/7207626266770213,2023,"A parallel lagrangian heuristic for the fractional chromatic number of a graph","RAIRO-OPERATIONS RESEARCH",0399-0559,B1,,,2017-2020
"Manoel Bezerra Campêlo Neto",http://lattes.cnpq.br/7207626266770213,2022,"Strong inequalities and a branch-and-price algorithm for the convex recoloring problem","EUROPEAN JOURNAL OF OPERATIONAL RESEARCH",0377-2217,A1,,,2017-2020
"Manoel Bezerra Campêlo Neto",http://lattes.cnpq.br/7207626266770213,2022,"Correction to: Using the minimum maximum flow degree to approximate the flow coloring problem","ANNALS OF OPERATIONS RESEARCH",0254-5330,A2,,,2017-2020
"Manoel Bezerra Campêlo Neto",http://lattes.cnpq.br/7207626266770213,2022,"A compact quadratic model and linearizations for the minimum linear arrangement problem","DISCRETE APPLIED MATHEMATICS",0166-218X,A2,,,2017-2020
"Manoel Bezerra Campêlo Neto",http://lattes.cnpq.br/7207626266770213,2021,"t-Linearization for the maximum diversity problem","OPTIMIZATION LETTERS",1862-4472,A3,,,2017-2020
"Manoel Bezerra Campêlo Neto",http://lattes.cnpq.br/7207626266770213,2021,"A unifying model for locally constrained spanning tree problems","JOURNAL OF COMBINATORIAL OPTIMIZATION",1382-6905,A2,,,2017-2020
"Manoel Bezerra Campêlo Neto",http://lattes.cnpq.br/7207626266770213,2021,"Integer programming approaches to the multiple team formation problem","COMPUTERS & OPERATIONS RESEARCH",0305-0548,A1,,,2017-2020
"Manoel Bezerra Campêlo Neto",http://lattes.cnpq.br/7207626266770213,2021,"An integer programming approach for solving a generalized version of the Grundy domination number","DISCRETE APPLIED MATHEMATICS",0166-218X,A2,,,2017-2020
"Manoel Bezerra Campêlo Neto",http://lattes.cnpq.br/7207626266770213,2021,"Using the minimum maximum flow degree to approximate the flow coloring problem","ANNALS OF OPERATIONS RESEARCH",0254-5330,A2,,,2017-2020
"Manoel Bezerra Campêlo Neto",http://lattes.cnpq.br/7207626266770213,2021,"Heuristics for the connected assignment problem in arrays","INTERNATIONAL TRANSACTIONS IN OPERATIONAL RESEARCH",0969-6016,A2,,,2017-2020
"Manoel Bezerra Campêlo Neto",http://lattes.cnpq.br/7207626266770213,2020,"Two dependency constrained spanning tree problems","INTERNATIONAL TRANSACTIONS IN OPERATIONAL RESEARCH",0969-6016,A2,,,2017-2020
"Manoel Bezerra Campêlo Neto",http://lattes.cnpq.br/7207626266770213,2020,"The sociotechnical teams formation problem: a mathematical optimization approach","ANNALS OF OPERATIONS RESEARCH",0254-5330,A2,,,2017-2020
"Manoel Bezerra Campêlo Neto",http://lattes.cnpq.br/7207626266770213,2018,"Preface: LAGOS?15 - Eighth Latin-American Algorithms, Graphs, and Optimization Symposium, Fortaleza, Brazil - 2015","DISCRETE APPLIED MATHEMATICS",0166-218X,A2,,,2017-2020
"Manoel Bezerra Campêlo Neto",http://lattes.cnpq.br/7207626266770213,2017,"Min-Degree Constrained Minimum Spanning Tree Problem with Fixed Centrals and Terminals: complexity, properties and formulations","COMPUTERS & OPERATIONS RESEARCH",0305-0548,A1,,,2017-2020
"Manoel Bezerra Campêlo Neto",http://lattes.cnpq.br/7207626266770213,2016,"The convex recoloring problem: polyhedra, facets and computational experiments","MATHEMATICAL PROGRAMMING",0025-5610,A1,,,2017-2020
"Manoel Bezerra Campêlo Neto",http://lattes.cnpq.br/7207626266770213,2016,"A polyhedral study of the maximum stable set problem with weights on vertex-subsets","DISCRETE APPLIED MATHEMATICS",0166-218X,A2,,,2017-2020
"Manoel Bezerra Campêlo Neto",http://lattes.cnpq.br/7207626266770213,2016,"Lifted, projected and subgraph-induced inequalities for the representatives","DISCRETE OPTIMIZATION",1572-5286,A4,,,2017-2020
"Manoel Bezerra Campêlo Neto",http://lattes.cnpq.br/7207626266770213,2015,"On the complexity of the flow coloring problem","DISCRETE APPLIED MATHEMATICS",0166-218X,A2,,,2017-2020
"Manoel Bezerra Campêlo Neto",http://lattes.cnpq.br/7207626266770213,2015,"Preface - VIII Latin-american Algorithms, Graphs and Optimization Symposium","ELECTRONIC NOTES IN DISCRETE MATHEMATICS",1571-0653,B1,,,2021
"Manoel Bezerra Campêlo Neto",http://lattes.cnpq.br/7207626266770213,2014,"Hardness and inapproximability of convex recoloring problems","THEORETICAL COMPUTER SCIENCE",0304-3975,A2,,,2017-2020
"Manoel Bezerra Campêlo Neto",http://lattes.cnpq.br/7207626266770213,2013,"On optimal -fold colorings of webs and antiwebs","DISCRETE APPLIED MATHEMATICS",0166-218X,A2,,,2017-2020
"Manoel Bezerra Campêlo Neto",http://lattes.cnpq.br/7207626266770213,2013,"Unique lifting of integer variables in minimal inequalities","MATHEMATICAL PROGRAMMING",0025-5610,A1,,,2017-2020
"Manoel Bezerra Campêlo Neto",http://lattes.cnpq.br/7207626266770213,2009,"Um Algoritmo de Planos-de-Corte para o Número Cromático Fracionário de um Grafo","PESQUISA OPERACIONAL (IMPRESSO)",0101-7438,B2,,,2017-2020
"Manoel Bezerra Campêlo Neto",http://lattes.cnpq.br/7207626266770213,2009,"Stable sets, corner polyhedra and the Chvátal closure","OPERATIONS RESEARCH LETTERS",0167-6377,A3,,,2017-2020
"Manoel Bezerra Campêlo Neto",http://lattes.cnpq.br/7207626266770213,2008,"On the asymmetric representatives formulation for the vertex coloring problem","DISCRETE APPLIED MATHEMATICS",0166-218X,A2,,,2017-2020
"Manoel Bezerra Campêlo Neto",http://lattes.cnpq.br/7207626266770213,2005,"A simplex approach for finding local solutions of a linear bilevel program by equilibrium points","ANNALS OF OPERATION RESEARCH",0254-5330,A2,,,2017-2020
"Manoel Bezerra Campêlo Neto",http://lattes.cnpq.br/7207626266770213,2005,"A study of local solutions in linear bilevel programming","JOURNAL OF OPTIMIZATION THEORY AND APPLICATIONS",0022-3239,A2,,,2017-2020
"Manoel Bezerra Campêlo Neto",http://lattes.cnpq.br/7207626266770213,2004,"An ADD/DROP Procedure for the Capacitated Plant Location Problem","PESQUISA OPERACIONAL (IMPRESSO)",0101-7438,B2,,,2017-2020
"Manoel Bezerra Campêlo Neto",http://lattes.cnpq.br/7207626266770213,2004,"A computational study of global algorithms for linear bilevel programming","NUMERICAL ALGORITHMS",1017-1398,A2,,,2017-2020
"Manoel Bezerra Campêlo Neto",http://lattes.cnpq.br/7207626266770213,2004,"Cliques, Holes and the Vertex Coloring Polytope","INFORMATION PROCESSING LETTERS (PRINT)",0020-0190,A4,,,2017-2020
"Manoel Bezerra Campêlo Neto",http://lattes.cnpq.br/7207626266770213,2000,"A note on a modified simplex approach for solving bilevel linear programming problems","EUROPEAN JOURNAL OF OPERATIONAL RESEARCH",0377-2217,A1,,,2017-2020
"Manoel Bezerra Campêlo Neto",http://lattes.cnpq.br/7207626266770213,2000,"A note on a penalty function approach for solving bilevel linear programs","JOURNAL OF GLOBAL OPTIMIZATION",0925-5001,A2,,,2017-2020
"Manoel Bezerra Campêlo Neto",http://lattes.cnpq.br/7207626266770213,1998,"Maximum Vertex-Weighted Matching in Strongly Chordal Graphs","DISCRETE APPLIED MATHEMATICS",0166-218X,A2,,,2017-2020