nome,lattes_url,ano_publicacao,titulo_publicacao,periodico,issn,qualis,pontos,area,ano_base
"Miguel Franklin de Castro",http://lattes.cnpq.br/5641112041037627,2025,"A hierarchical control for application placement and load distribution in Edge Computing","FUTURE GENERATION COMPUTER SYSTEMS",0167-739X,A1,,,2017-2020
"Miguel Franklin de Castro",http://lattes.cnpq.br/5641112041037627,2024,"Artificial algae optimization for Virtual Network Embedding problems in 5G network slicing scenarios","EXPERT SYSTEMS WITH APPLICATIONS",0957-4174,A1,,,2017-2020
"Miguel Franklin de Castro",http://lattes.cnpq.br/5641112041037627,2024,"Managing and controlling digital role-playing game elements: A current state of affairs","ENTERTAINMENT COMPUTING",1875-9521,A3,,,2017-2020
"Miguel Franklin de Castro",http://lattes.cnpq.br/5641112041037627,2024,"Uso da inteligência artificial no ensino e avaliação do pensamento computacional: um mapeamento sistemático da literatura","RENOTE. REVISTA NOVAS TECNOLOGIAS NA EDUCAÇÃO",1679-1916,A4,,,2017-2020
"Miguel Franklin de Castro",http://lattes.cnpq.br/5641112041037627,2023,"A random access channel resources allocation approach to control machine-to-machine communication congestion over LTE-advanced networks","INTERNATIONAL JOURNAL OF COMMUNICATION SYSTEMS",1074-5351,A4,,,2017-2020
"Miguel Franklin de Castro",http://lattes.cnpq.br/5641112041037627,2023,"Harnessing generative grammars and genetic algorithms for immersive 2D maps","ENTERTAINMENT COMPUTING",1875-9521,A3,,,2017-2020
"Miguel Franklin de Castro",http://lattes.cnpq.br/5641112041037627,2022,"Application of Meta-heuristics in 5G Network Slicing: a Systematic Review of the Literature","SENSORS",1424-8220,A2,,,2017-2020
"Miguel Franklin de Castro",http://lattes.cnpq.br/5641112041037627,2021,"An improved multi-objective genetic algorithm with heuristic initialization for service placement and load distribution in edge computing","COMPUTER NETWORKS",1389-1286,A1,,,2017-2020
"Miguel Franklin de Castro",http://lattes.cnpq.br/5641112041037627,2017,"State of the art and challenges of security SLA for cloud computing","COMPUTERS & ELECTRICAL ENGINEERING",0045-7906,A2,,,2017-2020
"Miguel Franklin de Castro",http://lattes.cnpq.br/5641112041037627,2016,"A Fair QoS-Aware Dynamic LTE Scheduler for Machine-to-Machine Communication","COMPUTER COMMUNICATIONS",0140-3664,A2,,,2017-2020
"Miguel Franklin de Castro",http://lattes.cnpq.br/5641112041037627,2012,"An autonomic bio-inspired algorithm for wireless sensor network self-organization and efficient routing","JOURNAL OF NETWORK AND COMPUTER APPLICATIONS",1084-8045,A1,,,2017-2020
"Miguel Franklin de Castro",http://lattes.cnpq.br/5641112041037627,2010,"FrameIDTV: A framework for developing interactive applications on digital television environments","JOURNAL OF NETWORK AND COMPUTER APPLICATIONS",1084-8045,A1,,,2017-2020
"Miguel Franklin de Castro",http://lattes.cnpq.br/5641112041037627,2004,"The Basis for an Adaptive IP QoS Management","IEICE TRANSACTIONS ON COMMUNICATIONS",0916-8516,B2,,,2021
"Miguel Franklin de Castro",http://lattes.cnpq.br/5641112041037627,2003,"Utilizando redes neurais para predição de falhas em links de redes ópticas","NEWSGENERATION (RIO DE JANEIRO)",1518-5974,N,,,