nome,lattes_url,ano_publicacao,titulo_publicacao,periodico,issn,qualis,pontos,area,ano_base
"Paulo Antonio Leal Rego",http://lattes.cnpq.br/6631267110894080,2025,"Network service function chaining: a performance study varying topologies","CLUSTER COMPUTING-THE JOURNAL OF NETWORKS SOFTWARE TOOLS AND APPLICATIONS",1386-7857,A2,,,2017-2020
"Paulo Antonio Leal Rego",http://lattes.cnpq.br/6631267110894080,2025,"Energy-efficient performance optimization in Kubernetes microservices using Generalized Stochastic Petri Net","JOURNAL OF NETWORK AND COMPUTER APPLICATIONS",1084-8045,A1,,,2017-2020
"Paulo Antonio Leal Rego",http://lattes.cnpq.br/6631267110894080,2025,"A systematic mapping study on observability of microservices-based applications: fundamentals, classifications, and challenges","COMPUTING (WIEN. INTERNET)",1436-5057,A1,,,2017-2020
"Paulo Antonio Leal Rego",http://lattes.cnpq.br/6631267110894080,2025,"Dynamically Adaptive RSUs in VANETs: An Approach Focused on Sustainability","INTERNATIONAL JOURNAL OF COMMUNICATION SYSTEMS",1099-1131,A4,,,2017-2020
"Paulo Antonio Leal Rego",http://lattes.cnpq.br/6631267110894080,2025,"A comparative study about the performance of multi-language tools in computation offloading scenarios","THE JOURNAL OF SUPERCOMPUTING (DORDRECHT. ONLINE)",1573-0484,A2,,,2017-2020
"Paulo Antonio Leal Rego",http://lattes.cnpq.br/6631267110894080,2025,"Sensitivity-centered preventive maintenance strategies for enhanced urban surveillance: a stochastic petri net analysis","COMPUTING (WIEN. INTERNET)",1436-5057,A1,,,2017-2020
"Paulo Antonio Leal Rego",http://lattes.cnpq.br/6631267110894080,2025,"A comprehensive performance evaluation of container migration strategies","COMPUTING (WIEN. INTERNET)",1436-5057,A1,,,2017-2020
"Paulo Antonio Leal Rego",http://lattes.cnpq.br/6631267110894080,2024,"Efficient Strategies for Unmanned Aerial Vehicle Flights: Analyzing Battery Life and Operational Performance in Delivery Services using Stochastic Models","IEEE ACCESS",2169-3536,A3,,,2017-2020
"Paulo Antonio Leal Rego",http://lattes.cnpq.br/6631267110894080,2024,"Energy Consumption in Microservices Architectures: A Systematic Literature Review","IEEE ACCESS",2169-3536,A3,,,2017-2020
"Paulo Antonio Leal Rego",http://lattes.cnpq.br/6631267110894080,2024,"Performance evaluation of a video surveillance system using stochastic petri nets for license plate detection on highways","JOURNAL OF RELIABLE INTELLIGENT ENVIRONMENTS",2199-4676,A3,,,2017-2020
"Paulo Antonio Leal Rego",http://lattes.cnpq.br/6631267110894080,2023,"A Bee Colony-Based Algorithm for Task Offloading in Vehicular Edge Computing","IEEE SYSTEMS JOURNAL",1932-8184,A1,,,2017-2020
"Paulo Antonio Leal Rego",http://lattes.cnpq.br/6631267110894080,2022,"Evaluating Link Lifetime Prediction to Support Computational Offloading Decision in VANETs","SENSORS",1424-8220,A2,,,2017-2020
"Paulo Antonio Leal Rego",http://lattes.cnpq.br/6631267110894080,2022,"A text classification methodology to assist a large technical support system","IEEE ACCESS",2169-3536,A3,,,2017-2020
"Paulo Antonio Leal Rego",http://lattes.cnpq.br/6631267110894080,2021,"A novel feature extractor for human action recognition in visual question answering","PATTERN RECOGNITION LETTERS",0167-8655,A2,,,2017-2020
"Paulo Antonio Leal Rego",http://lattes.cnpq.br/6631267110894080,2021,"A context-oriented framework for computation offloading in vehicular edge computing using WAVE and 5G networks","VEHICULAR COMMUNICATIONS",2214-2096,A1,,,2017-2020
"Paulo Antonio Leal Rego",http://lattes.cnpq.br/6631267110894080,2021,"Using Inverted Index for Fingerprint Search","JOURNAL OF INFORMATION AND DATA MANAGEMENT - JIDM",2178-7107,B1,,,2017-2020
"Paulo Antonio Leal Rego",http://lattes.cnpq.br/6631267110894080,2021,"New Approach to the Detection and Recognition of Brazilian Mercosur Plates Using Haar Cascade and Tesseract OCR in Real Images","JOURNAL OF INFORMATION ASSURANCE AND SECURITY",1554-1010,B4,,,2017-2020
"Paulo Antonio Leal Rego",http://lattes.cnpq.br/6631267110894080,2020,"A high-efficiency energy and storage approach for IoT applications of facial recognition","IMAGE AND VISION COMPUTING",0262-8856,A2,,,2017-2020
"Paulo Antonio Leal Rego",http://lattes.cnpq.br/6631267110894080,2020,"Computation Offloading for Vehicular Environments: A Survey","IEEE ACCESS",2169-3536,A3,,,2017-2020
"Paulo Antonio Leal Rego",http://lattes.cnpq.br/6631267110894080,2019,"Enhancing Offloading Systems with Smart Decisions, Adaptive Monitoring, and Mobility Support","WIRELESS COMMUNICATIONS & MOBILE COMPUTING",1530-8669,A3,,,2017-2020
"Paulo Antonio Leal Rego",http://lattes.cnpq.br/6631267110894080,2016,"Physics and microeconomics-based metrics for evaluating cloud computing elasticity","JOURNAL OF NETWORK AND COMPUTER APPLICATIONS",1084-8045,A1,,,2017-2020
"Paulo Antonio Leal Rego",http://lattes.cnpq.br/6631267110894080,2016,"Performing Computation Offloading on Multiple Platforms","COMPUTER COMMUNICATIONS",0140-3664,A2,,,2017-2020
"Paulo Antonio Leal Rego",http://lattes.cnpq.br/6631267110894080,2015,"Using Processing Features for Allocation of Virtual Machines in Cloud Computing","REVISTA IEEE AMÉRICA LATINA",1548-0992,B2,,,2017-2020
"Paulo Antonio Leal Rego",http://lattes.cnpq.br/6631267110894080,2014,"Elasticity in cloud computing: a survey","ANNALS OF TELECOMMUNICATIONS",1958-9395,A4,,,2017-2020