nome,lattes_url,ano_publicacao,titulo_publicacao,periodico,issn,qualis,pontos,area,ano_base
"Rafael Castro de Andrade",http://lattes.cnpq.br/7026313596468626,2024,"Valid inequalities for the k-Color Shortest Path Problem","EUROPEAN JOURNAL OF OPERATIONAL RESEARCH",0377-2217,A1,,,2017-2020
"Rafael Castro de Andrade",http://lattes.cnpq.br/7026313596468626,2023,"Minimum weight clustered dominating tree problem","EUROPEAN JOURNAL OF OPERATIONAL RESEARCH",0377-2217,A1,,,2017-2020
"Rafael Castro de Andrade",http://lattes.cnpq.br/7026313596468626,2022,"A compact quadratic model and linearizations for the minimum linear arrangement problem","DISCRETE APPLIED MATHEMATICS",0166-218X,A2,,,2017-2020
"Rafael Castro de Andrade",http://lattes.cnpq.br/7026313596468626,2021,"Constrained shortest path tour problem: models, valid inequalities, and Lagrangian heuristics","INTERNATIONAL TRANSACTIONS IN OPERATIONAL RESEARCH",0969-6016,A2,,,2017-2020
"Rafael Castro de Andrade",http://lattes.cnpq.br/7026313596468626,2021,"Improving logic-based Benders’ algorithms for solving min-max regret problems","OPERATIONS RESEARCH AND DECISIONS",2081-8858,N,,,2020
"Rafael Castro de Andrade",http://lattes.cnpq.br/7026313596468626,2020,"MTZ-primal-dual model, cutting-plane, and combinatorial branch-and-bound for shortest paths avoiding negative cycles","ANNALS OF OPERATIONS RESEARCH",1572-9338,A2,,,2017-2020
"Rafael Castro de Andrade",http://lattes.cnpq.br/7026313596468626,2018,"Improved solution strategies for dominating trees","EXPERT SYSTEMS WITH APPLICATIONS",0957-4174,A1,,,2017-2020
"Rafael Castro de Andrade",http://lattes.cnpq.br/7026313596468626,2018,"Models and cutting-plane strategies for the tree-star problem","ELECTRONIC NOTES IN DISCRETE MATHEMATICS",1571-0653,B1,,,2021
"Rafael Castro de Andrade",http://lattes.cnpq.br/7026313596468626,2018,"An integer linear programming model for the constrained shortest path tour problem","ELECTRONIC NOTES IN DISCRETE MATHEMATICS",1571-0653,B1,,,2021
"Rafael Castro de Andrade",http://lattes.cnpq.br/7026313596468626,2017,"Minimum cost dominating tree sensor networks under probabilistic constraints","COMPUTER NETWORKS",1389-1286,A1,,,2017-2020
"Rafael Castro de Andrade",http://lattes.cnpq.br/7026313596468626,2017,"Min-Degree Constrained Minimum Spanning Tree Problem with Fixed Centrals and Terminals: complexity, properties and formulations","COMPUTERS & OPERATIONS RESEARCH",0305-0548,A1,,,2017-2020
"Rafael Castro de Andrade",http://lattes.cnpq.br/7026313596468626,2017,"A linear programming based heuristic framework for min-max regret combinatorial optimization problems with interval costs","COMPUTERS & OPERATIONS RESEARCH",0305-0548,A1,,,2017-2020
"Rafael Castro de Andrade",http://lattes.cnpq.br/7026313596468626,2017,"Minimum Linear Arrangements","ELECTRONIC NOTES IN DISCRETE MATHEMATICS",1571-0653,B1,,,2021
"Rafael Castro de Andrade",http://lattes.cnpq.br/7026313596468626,2016,"Models for minimum cost dominating trees","ELECTRONIC NOTES IN DISCRETE MATHEMATICS",1571-0653,B1,,,2021
"Rafael Castro de Andrade",http://lattes.cnpq.br/7026313596468626,2016,"New formulations for the elementary shortest-path problem visiting a given set of nodes","EUROPEAN JOURNAL OF OPERATIONAL RESEARCH",0377-2217,A1,,,2017-2020
"Rafael Castro de Andrade",http://lattes.cnpq.br/7026313596468626,2015,"Stochastic maximum weight forest problem","NETWORKS (NEW YORK, N.Y. PRINT)",0028-3045,A3,,,2017-2020
"Rafael Castro de Andrade",http://lattes.cnpq.br/7026313596468626,2013,"A polynomial formulation for the stochastic maximum weight forest problem","ELECTRONIC NOTES IN DISCRETE MATHEMATICS",1571-0653,B1,,,2021
"Rafael Castro de Andrade",http://lattes.cnpq.br/7026313596468626,2013,"Disjunctive combinatorial branch in a subgradient tree algorithm for the DCMST problem with VNS-Lagrangian bounds","ELECTRONIC NOTES IN DISCRETE MATHEMATICS",1571-0653,B1,,,2021
"Rafael Castro de Andrade",http://lattes.cnpq.br/7026313596468626,2012,"Multi-service multi-facility network design under uncertainty","ANNALS OF OPERATIONS RESEARCH (DORDRECHT. ONLINE)",1572-9338,A2,,,2017-2020
"Rafael Castro de Andrade",http://lattes.cnpq.br/7026313596468626,2006,"Using lagrangean dual information to generate degree constrained minimum spanning trees","DISCRETE APPLIED MATHEMATICS",0166-218X,A2,,,2017-2020
"Rafael Castro de Andrade",http://lattes.cnpq.br/7026313596468626,2006,"Enhancing a branch and bound algorithm for two-stage stochastic integer network design based models","MANAGEMENT SCIENCE",0025-1909,A1,,,2017-2020
"Rafael Castro de Andrade",http://lattes.cnpq.br/7026313596468626,2005,"B","ANNALS OF OPERATIONS RESEARCH",0254-5330,A2,,,2017-2020
"Rafael Castro de Andrade",http://lattes.cnpq.br/7026313596468626,2004,"Telecommunications Network Capacity Design for Uncertain Demand","COMPUTATIONAL OPTIMIZATION AND APPLICATIONS",0926-6003,A2,,,2017-2020