nome,lattes_url,ano_publicacao,titulo_publicacao,periodico,issn,qualis,pontos,area,ano_base
"Rossana Maria de Castro Andrade",http://lattes.cnpq.br/9576713124661835,2024,"Mobile Health from Developers? Perspective","SN COMPUTER SCIENCE",2661-8907,B2,,,2017-2020
"Rossana Maria de Castro Andrade",http://lattes.cnpq.br/9576713124661835,2024,"Events Correlations for Fault Identification in GPON Networks","SN COMPUTER SCIENCE",2661-8907,B2,,,2017-2020
"Rossana Maria de Castro Andrade",http://lattes.cnpq.br/9576713124661835,2023,"Exploring User Experience and Usability of mHealth applications for people with diabetes: An Evaluation Study Using UEQ and HE4EH Checklist","JOURNAL ON INTERACTIVE SYSTEMS",2763-7719,B1,,,2020
"Rossana Maria de Castro Andrade",http://lattes.cnpq.br/9576713124661835,2022,"Detecting Attacks and Locating Malicious Devices Using Unmanned Air Vehicles and Machine Learning","JOURNAL OF INTERNET SERVICES AND APPLICATIONS",1869-0238,A2,,,2017-2020
"Rossana Maria de Castro Andrade",http://lattes.cnpq.br/9576713124661835,2022,"Catalog of invisibility correlations for UbiComp and IoT applications","REQUIREMENTS ENGINEERING",0947-3602,A2,,,2017-2020
"Rossana Maria de Castro Andrade",http://lattes.cnpq.br/9576713124661835,2022,"Usability evaluation of multimodal interactive virtual environments for learners who are blind: An empirical investigation","INTERNATIONAL JOURNAL OF HUMAN-COMPUTER STUDIES",1071-5819,A1,,,2017-2020
"Rossana Maria de Castro Andrade",http://lattes.cnpq.br/9576713124661835,2022,"TestDCat 3.0: catalog of test debt subtypes and management activities","SOFTWARE QUALITY JOURNAL",0963-9314,A2,,,2017-2020
"Rossana Maria de Castro Andrade",http://lattes.cnpq.br/9576713124661835,2022,"Gerontecnologias e internet das coisas para prevenção de quedas em idosos: revisão integrativa","ACTA PAULISTA DE ENFERMAGEM",0103-2100,A4,,,2017-2020
"Rossana Maria de Castro Andrade",http://lattes.cnpq.br/9576713124661835,2021,"Multifaceted infrastructure for self-adaptive IoT systems","INFORMATION AND SOFTWARE TECHNOLOGY",0950-5849,A1,,,2017-2020
"Rossana Maria de Castro Andrade",http://lattes.cnpq.br/9576713124661835,2021,"Not the Same Everywhere: Comparing the Scope and Definition of User Experience between the Brazilian and International Communities","INTERNATIONAL JOURNAL OF HUMAN-COMPUTER INTERACTION",1044-7318,A3,,,2017-2020
"Rossana Maria de Castro Andrade",http://lattes.cnpq.br/9576713124661835,2021,"Computational Solutions for Human Falls Classification","IEEE ACCESS",2169-3536,A3,,,2017-2020
"Rossana Maria de Castro Andrade",http://lattes.cnpq.br/9576713124661835,2020,"Mobile applications for elderly healthcare: A systematic mapping","PLOS ONE",1932-6203,A1,,,2017-2020
"Rossana Maria de Castro Andrade",http://lattes.cnpq.br/9576713124661835,2020,"Design and Evaluation of a Mobile Application for an Educational Card Game","SBC JOURNAL ON 3D INTERACTIVE SYSTEMS",2236-3297,B1,,,2017-2020
"Rossana Maria de Castro Andrade",http://lattes.cnpq.br/9576713124661835,2020,"Extraction of test cases procedures from textual use cases: it is worth it?","JOURNAL OF SOFTWARE ENGINEERING RESEARCH AND DEVELOPMENT",2195-1721,A4,,,2017-2020
"Rossana Maria de Castro Andrade",http://lattes.cnpq.br/9576713124661835,2020,"Runtime Testing of Context-Aware Variability in Adaptive Systems","INFORMATION AND SOFTWARE TECHNOLOGY",0950-5849,A1,,,2017-2020
"Rossana Maria de Castro Andrade",http://lattes.cnpq.br/9576713124661835,2019,"Cloud, Fog, or Mist in IoT? That Is the Question","ACM TRANSACTIONS ON INTERNET TECHNOLOGY",1533-5399,A2,,,2017-2020
"Rossana Maria de Castro Andrade",http://lattes.cnpq.br/9576713124661835,2019,"UFC-Inventor: Uma Ferramenta de Autoria Dirigida por Modelos para Geração de Aplicações Ubíquas para Aulas de Campo","REVISTA BRASILEIRA DE INFORMÁTICA NA EDUCAÇÃO (RBIE)",2317-6121,A4,,,2017-2020
"Rossana Maria de Castro Andrade",http://lattes.cnpq.br/9576713124661835,2018,"A Statistical Method for Detecting Move, Stop, and Noise: A Case Study with Bus Trajectories","JOURNAL OF INFORMATION AND DATA MANAGEMENT - JIDM",2178-7107,B1,,,2017-2020
"Rossana Maria de Castro Andrade",http://lattes.cnpq.br/9576713124661835,2017,"State of the art and challenges of security SLA for cloud computing","COMPUTERS & ELECTRICAL ENGINEERING",0045-7906,A2,,,2017-2020
"Rossana Maria de Castro Andrade",http://lattes.cnpq.br/9576713124661835,2017,"Test case design for context-aware applications: Are we there yet?","INFORMATION AND SOFTWARE TECHNOLOGY",0950-5849,A1,,,2017-2020
"Rossana Maria de Castro Andrade",http://lattes.cnpq.br/9576713124661835,2017,"AQUArIUM - A Suite of Software Measures for HCI Quality Evaluation of Ubiquitous Mobile Applications","JOURNAL OF SYSTEMS AND SOFTWARE",0164-1212,A1,,,2017-2020
"Rossana Maria de Castro Andrade",http://lattes.cnpq.br/9576713124661835,2017,"Dynamically Adaptable Software Is All about Modeling Contextual Variability and Avoiding Failures","IEEE SOFTWARE",0740-7459,A2,,,2017-2020
"Rossana Maria de Castro Andrade",http://lattes.cnpq.br/9576713124661835,2017,"Mobile Learning em aulas de campo: um estudo de caso em Geologia","REVISTA IBEROAMERICANA DE EDUCACIÓN A DISTANCIA",1138-2783,A2,,,2017-2020
"Rossana Maria de Castro Andrade",http://lattes.cnpq.br/9576713124661835,2017,"Exploring quality measures for the evaluation of feature models: a case study","JOURNAL OF SYSTEMS AND SOFTWARE",0164-1212,A1,,,2017-2020
"Rossana Maria de Castro Andrade",http://lattes.cnpq.br/9576713124661835,2017,"Improving VANET Simulation with Calibrated Vehicular Mobility Traces","IEEE TRANSACTIONS ON MOBILE COMPUTING",1536-1233,A1,,,2017-2020
"Rossana Maria de Castro Andrade",http://lattes.cnpq.br/9576713124661835,2017,"Análise do uso de mensagens de celular na melhoria da participação de estudantes em cursos a distância: um estudo de caso","RENOTE. REVISTA NOVAS TECNOLOGIAS NA EDUCAÇÃO",1679-1916,A4,,,2017-2020
"Rossana Maria de Castro Andrade",http://lattes.cnpq.br/9576713124661835,2017,"Development and Evaluation of a Model-Driven System to Support Mobile Learning in Field Trips","JOURNAL OF UNIVERSAL COMPUTER SCIENCE",0948-6968,A3,,,2017-2020
"Rossana Maria de Castro Andrade",http://lattes.cnpq.br/9576713124661835,2017,"Challenges for the Future Mobile Communication Systems","MOBILE INFORMATION SYSTEMS",1574-017X,A3,,,2020
"Rossana Maria de Castro Andrade",http://lattes.cnpq.br/9576713124661835,2016,"Neutralizing Vulnerabilities in Android: A Process and an Experience Report","INTERNATIONAL JOURNAL OF COMPUTER SCIENCE AND INFORMATION SECURITY",1947-5500,C,,,2017-2020
"Rossana Maria de Castro Andrade",http://lattes.cnpq.br/9576713124661835,2016,"Using Mobile Messages to Improve Student Participation in Blended Courses: A Brazilian Case Study","APPLIED COMPUTING REVIEW",1559-6915,B2,,,2017-2020
"Rossana Maria de Castro Andrade",http://lattes.cnpq.br/9576713124661835,2016,"Quality characteristics and measures for human-computer interaction evaluation in ubiquitous systems","SOFTWARE QUALITY JOURNAL",0963-9314,A2,,,2017-2020
"Rossana Maria de Castro Andrade",http://lattes.cnpq.br/9576713124661835,2016,"Análise do uso de mensagens de celular na melhoria da participação de estudantes em cursos a distância: um estudo de caso","RENOTE. REVISTA NOVAS TECNOLOGIAS NA EDUCAÇÃO",1679-1916,A4,,,2017-2020
"Rossana Maria de Castro Andrade",http://lattes.cnpq.br/9576713124661835,2015,"Templates for textual use cases of software product lines: results from a systematic mapping study and a controlled experiment","JOURNAL OF SOFTWARE ENGINEERING RESEARCH AND DEVELOPMENT",2195-1721,A4,,,2017-2020
"Rossana Maria de Castro Andrade",http://lattes.cnpq.br/9576713124661835,2014,"Mobile Photo Recommendation and Logbook Generation Using Context-Tagged Images","IEEE MULTIMEDIA",1070-986X,A1,,,2017-2020
"Rossana Maria de Castro Andrade",http://lattes.cnpq.br/9576713124661835,2014,"EPMOSt: An Energy-Efficient Passive Monitoring System for Wireless Sensor Networks","SENSORS (BASEL)",1424-8220,A2,,,2017-2020
"Rossana Maria de Castro Andrade",http://lattes.cnpq.br/9576713124661835,2013,"RETENTION: A reactive trust-based mechanism to detect and punish malicious nodes in ad hoc grid environments","JOURNAL OF NETWORK AND COMPUTER APPLICATIONS",1084-8045,A1,,,2017-2020
"Rossana Maria de Castro Andrade",http://lattes.cnpq.br/9576713124661835,2012,"MobiLine: A Nested Software Product Line for the domain of mobile and context-aware applications","SCIENCE OF COMPUTER PROGRAMMING (PRINT)",0167-6423,A4,,,2017-2020
"Rossana Maria de Castro Andrade",http://lattes.cnpq.br/9576713124661835,2012,"GigaManP2P: an overlay network for distributed QoS management and resilient routing","INTERNATIONAL JOURNAL OF NETWORK MANAGEMENT (PRINT)",1055-7148,A4,,,2017-2020
"Rossana Maria de Castro Andrade",http://lattes.cnpq.br/9576713124661835,2012,"P2PScheMe: a P2P scheduling mechanism for workflows in grid computing","CONCURRENCY AND COMPUTATION",1532-0626,A3,,,2017-2020
"Rossana Maria de Castro Andrade",http://lattes.cnpq.br/9576713124661835,2011,"Applying Model-Driven Development for Building Customizable Learning Objects","IEEE MULTIDISCIPLINARY ENGINEERING EDUCATION MAGAZINE",1558-7908,N,,,
"Rossana Maria de Castro Andrade",http://lattes.cnpq.br/9576713124661835,2011,"A Guide for the Development and Use of M-Learning Applications in Mathematics","IEEE MULTIDISCIPLINARY ENGINEERING EDUCATION MAGAZINE",1558-7908,N,,,
"Rossana Maria de Castro Andrade",http://lattes.cnpq.br/9576713124661835,2010,"Detecting misbehaving units on computational grids","CONCURRENCY AND COMPUTATION. PRACTICE & EXPERIENCE",1532-0626,A3,,,2017-2020
"Rossana Maria de Castro Andrade",http://lattes.cnpq.br/9576713124661835,2010,"FrameIDTV: A framework for developing interactive applications on digital television environments?","JOURNAL OF NETWORK AND COMPUTER APPLICATIONS",1084-8045,A1,,,2017-2020
"Rossana Maria de Castro Andrade",http://lattes.cnpq.br/9576713124661835,2009,"An innovative approach to identify the IP address in denial-of-service (DoS) attacks based on Cauchy's integral theorem","INTERNATIONAL JOURNAL OF NETWORK MANAGEMENT (PRINT)",1055-7148,A4,,,2017-2020
"Rossana Maria de Castro Andrade",http://lattes.cnpq.br/9576713124661835,2008,"Xmobile: a MB-UID environment for semi-automatic generation of adaptive applications for mobile services","THE JOURNAL OF SYSTEMS AND SOFTWARE",0164-1212,A1,,,2017-2020
"Rossana Maria de Castro Andrade",http://lattes.cnpq.br/9576713124661835,2007,"LOCPN: Redes de Petri Coloridas na Produção de Objetos de Aprendizagem","REVISTA BRASILEIRA DE INFORMÁTICA NA EDUCAÇÃO",1414-5685,A4,,,2017-2020
"Rossana Maria de Castro Andrade",http://lattes.cnpq.br/9576713124661835,2006,"A Grid Computing Diagnosis Model for Tolerating Manipulation Attacks","INTERNATIONAL TRANSACTIONS ON SYSTEMS SCIENCE AND APPLICATIONS (PRINT)",1751-1461,N,,,
"Rossana Maria de Castro Andrade",http://lattes.cnpq.br/9576713124661835,2005,"Aprendizagem utilizando Dispositivos Móveis com Sistemas de Realidade Virtual","RENOTE REVISTA NOVAS TECNOLOGIAS NA EDUCAÇÃO",,N,,,
"Rossana Maria de Castro Andrade",http://lattes.cnpq.br/9576713124661835,2004,"MOBIS: A SOLUTION FOR THE DEVELOPMENT OF SECURE APPLICATIONS FOR MOBILE DEVICES","LECTURE NOTES IN COMPUTER SCIENCE",0302-9743,A4,,,2021
"Rossana Maria de Castro Andrade",http://lattes.cnpq.br/9576713124661835,2004,"APPLYING ARTIFICIAL NEURAL NETWORKS FOR FAULT PREDICTION IN OPTICAL NETWORK LINKS","LECTURE NOTES IN COMPUTER SCIENCE",0302-9743,A4,,,2021
"Rossana Maria de Castro Andrade",http://lattes.cnpq.br/9576713124661835,2004,"A Generic Event-Driven System for Managing SNMP-enabled Communication Networks","LECTURE NOTES IN COMPUTER SCIENCE",0302-9743,A4,,,2021
"Rossana Maria de Castro Andrade",http://lattes.cnpq.br/9576713124661835,2004,"Design and Implementation of an ANTS-based test bed for Collecting Data in Active Framework","LECTURE NOTES IN COMPUTER SCIENCE",0302-9743,A4,,,2021