nome,lattes_url,ano_publicacao,titulo_publicacao,periodico,issn,qualis,pontos,area,ano_base
"Rudini Menezes Sampaio",http://lattes.cnpq.br/2845950448235863,2026,"The harmonious coloring game","INFORMATION PROCESSING LETTERS",0020-0190,A4,,,2017-2020
"Rudini Menezes Sampaio",http://lattes.cnpq.br/2845950448235863,2025,"The iteration time and the general position number in graph convexities","APPLIED MATHEMATICS AND COMPUTATION",0096-3003,A2,,,2017-2020
"Rudini Menezes Sampaio",http://lattes.cnpq.br/2845950448235863,2025,"Characterizations of graph classes via convex geometries: A survey","DISCRETE APPLIED MATHEMATICS",0166-218X,A2,,,2017-2020
"Rudini Menezes Sampaio",http://lattes.cnpq.br/2845950448235863,2025,"Algorithms and complexity of graph convexity partizan games","THEORETICAL COMPUTER SCIENCE",0304-3975,A2,,,2017-2020
"Rudini Menezes Sampaio",http://lattes.cnpq.br/2845950448235863,2025,"The Convex Set Forming Game","THEORETICAL COMPUTER SCIENCE",0304-3975,A2,,,2017-2020
"Rudini Menezes Sampaio",http://lattes.cnpq.br/2845950448235863,2025,"The Normal Domination Game in graphs","JOURNAL OF COMPUTER AND SYSTEM SCIENCES",0022-0000,A2,,,2017-2020
"Rudini Menezes Sampaio",http://lattes.cnpq.br/2845950448235863,2024,"Revisitando dois problemas clássicos do Irodov sobre curvas de perseguição","REVISTA BRASILEIRA DE ENSINO DE FÍSICA (ONLINE)",1806-9126,A1,,,2017-2020
"Rudini Menezes Sampaio",http://lattes.cnpq.br/2845950448235863,2024,"Graph convexity impartial games: complexity and winning strategies","THEORETICAL COMPUTER SCIENCE",0304-3975,A2,,,2017-2020
"Rudini Menezes Sampaio",http://lattes.cnpq.br/2845950448235863,2024,"Density of identifying codes of hexagonal grids with finite number of rows","RAIRO-OPERATIONS RESEARCH",0399-0559,B1,,,2017-2020
"Rudini Menezes Sampaio",http://lattes.cnpq.br/2845950448235863,2024,"The general position avoidance game and hardness of general position games","THEORETICAL COMPUTER SCIENCE",0304-3975,A2,,,2017-2020
"Rudini Menezes Sampaio",http://lattes.cnpq.br/2845950448235863,2024,"Revisitando modos normais de oscilações acopladas com a Teoria Espectral de Grafos","REVISTA BRASILEIRA DE ENSINO DE FÍSICA (ONLINE)",1806-9126,A1,,,2017-2020
"Rudini Menezes Sampaio",http://lattes.cnpq.br/2845950448235863,2023,"Target set selection with maximum activation time","DISCRETE APPLIED MATHEMATICS",0166-218X,A2,,,2017-2020
"Rudini Menezes Sampaio",http://lattes.cnpq.br/2845950448235863,2023,"Domination and convexity problems in the target set selection model","DISCRETE APPLIED MATHEMATICS",0166-218X,A2,,,2017-2020
"Rudini Menezes Sampaio",http://lattes.cnpq.br/2845950448235863,2023,"The connected greedy coloring game","THEORETICAL COMPUTER SCIENCE",0304-3975,A2,,,2017-2020
"Rudini Menezes Sampaio",http://lattes.cnpq.br/2845950448235863,2022,"PSPACE-hardness of variants of the graph coloring game","THEORETICAL COMPUTER SCIENCE",0304-3975,A2,,,2017-2020
"Rudini Menezes Sampaio",http://lattes.cnpq.br/2845950448235863,2022,"Spy game: FPT-algorithm, hardness and graph products","THEORETICAL COMPUTER SCIENCE",0304-3975,A2,,,2017-2020
"Rudini Menezes Sampaio",http://lattes.cnpq.br/2845950448235863,2020,"PSPACE-completeness of two graph coloring games","THEORETICAL COMPUTER SCIENCE",0304-3975,A2,,,2017-2020
"Rudini Menezes Sampaio",http://lattes.cnpq.br/2845950448235863,2019,"FPT algorithms to recognize well covered graphs","DISCRETE MATHEMATICS AND THEORETICAL COMPUTER SCIENCE",1462-7264,N,,,
"Rudini Menezes Sampaio",http://lattes.cnpq.br/2845950448235863,2019,"On the parameterized complexity of the geodesic hull number","THEORETICAL COMPUTER SCIENCE",0304-3975,A2,,,2017-2020
"Rudini Menezes Sampaio",http://lattes.cnpq.br/2845950448235863,2019,"PSPACE-hardness of Two Graph Coloring Games","ELECTRONIC NOTES IN THEORETICAL COMPUTER SCIENCE",1571-0661,B2,,,2020
"Rudini Menezes Sampaio",http://lattes.cnpq.br/2845950448235863,2019,"Meyniel's Conjecture on graphs with few P4's","MATEMATICA CONTEMPORANEA",0103-9059,C,,,2017-2020
"Rudini Menezes Sampaio",http://lattes.cnpq.br/2845950448235863,2018,"The convexity of induced paths of order three and applications: Complexity aspects","DISCRETE APPLIED MATHEMATICS",0166-218X,A2,,,2017-2020
"Rudini Menezes Sampaio",http://lattes.cnpq.br/2845950448235863,2018,"Preface: LAGOS?15 - Eighth Latin-American Algorithms, Graphs, and Optimization Symposium, Fortaleza, Brazil - 2015","DISCRETE APPLIED MATHEMATICS",0166-218X,A2,,,2017-2020
"Rudini Menezes Sampaio",http://lattes.cnpq.br/2845950448235863,2018,"Minimum density of identifying codes of king grids","DISCRETE MATHEMATICS",0012-365X,A3,,,2017-2020
"Rudini Menezes Sampaio",http://lattes.cnpq.br/2845950448235863,2018,"Limits of <math id='"mml1"' display='"inline"' overflow='"scroll"' altimg='"si1.gif"'> <mi>k</mi> </math> -dimensional poset sequences","DISCRETE APPLIED MATHEMATICS",0166-218X,A2,,,2017-2020
"Rudini Menezes Sampaio",http://lattes.cnpq.br/2845950448235863,2018,"The maximum infection time of the <math id='"mml28"' display='"inline"' overflow='"scroll"' altimg='"si28.gif"'> <msub> <mrow> <mi>P</mi> </mrow> <mrow> <mn>3</mn> </mrow> </msub> </math> convexity in graphs with bounded maximum degree","DISCRETE APPLIED MATHEMATICS",0166-218X,A2,,,2017-2020
"Rudini Menezes Sampaio",http://lattes.cnpq.br/2845950448235863,2017,"On the geodetic rank of a graph","JOURNAL OF COMBINATORICS",2156-3527,B2,,,2017-2020
"Rudini Menezes Sampaio",http://lattes.cnpq.br/2845950448235863,2017,"Identifying codes for infinite triangular grids with a finite number of rows","DISCRETE MATHEMATICS",0012-365X,A3,,,2017-2020
"Rudini Menezes Sampaio",http://lattes.cnpq.br/2845950448235863,2017,"Edge-colorings of graphs avoiding complete graphs with a prescribed coloring","DISCRETE MATHEMATICS",0012-365X,A3,,,2017-2020
"Rudini Menezes Sampaio",http://lattes.cnpq.br/2845950448235863,2017,"The maximum time of 2-neighbor bootstrap percolation: Complexity results","THEORETICAL COMPUTER SCIENCE",0304-3975,A2,,,2017-2020
"Rudini Menezes Sampaio",http://lattes.cnpq.br/2845950448235863,2017,"Locally identifying coloring of graphs with few P4s","THEORETICAL COMPUTER SCIENCE",0304-3975,A2,,,2017-2020
"Rudini Menezes Sampaio",http://lattes.cnpq.br/2845950448235863,2017,"The P3 infection time is W[1]-hard parameterized by the treewidth","INFORMATION PROCESSING LETTERS",0020-0190,A4,,,2017-2020
"Rudini Menezes Sampaio",http://lattes.cnpq.br/2845950448235863,2017,"Spy-Game on graphs: Complexity and simple topologies","THEORETICAL COMPUTER SCIENCE",0304-3975,A2,,,2017-2020
"Rudini Menezes Sampaio",http://lattes.cnpq.br/2845950448235863,2016,"Complexity aspects of the triangle path convexity","DISCRETE APPLIED MATHEMATICS",0166-218X,A2,,,2017-2020
"Rudini Menezes Sampaio",http://lattes.cnpq.br/2845950448235863,2016,"The maximum infection time in the geodesic and monophonic convexities","THEORETICAL COMPUTER SCIENCE",0304-3975,A2,,,2017-2020
"Rudini Menezes Sampaio",http://lattes.cnpq.br/2845950448235863,2016,"<math altimg=''si1.gif'' display=''inline'' overflow=''scroll''> <mi>L</mi> <mrow> <mo>(</mo> <mn>2</mn> <mo>,</mo> <mn>1</mn> <mo>)</mo> </mrow> </math> -labelling of graphs with few <math altimg=''si2.gif'' display=''inline'' overflow=''scroll''> &</math>","DISCRETE OPTIMIZATION",1572-5286,A4,,,2017-2020
"Rudini Menezes Sampaio",http://lattes.cnpq.br/2845950448235863,2015,"The maximum time of 2-neighbour bootstrap percolation: Algorithmic aspects","EUROPEAN JOURNAL OF COMBINATORICS (PRINT)",0195-6698,A3,,,2017-2020
"Rudini Menezes Sampaio",http://lattes.cnpq.br/2845950448235863,2015,"Inapproximability results for graph convexity parameters","THEORETICAL COMPUTER SCIENCE",0304-3975,A2,,,2017-2020
"Rudini Menezes Sampaio",http://lattes.cnpq.br/2845950448235863,2015,"On the complexity of the flow coloring problem","DISCRETE APPLIED MATHEMATICS",0166-218X,A2,,,2017-2020
"Rudini Menezes Sampaio",http://lattes.cnpq.br/2845950448235863,2015,"Graphs with few","DISCRETE APPLIED MATHEMATICS",0166-218X,A2,,,2017-2020
"Rudini Menezes Sampaio",http://lattes.cnpq.br/2845950448235863,2015,"Inapproximability results related to monophonic convexity","DISCRETE APPLIED MATHEMATICS",0166-218X,A2,,,2017-2020
"Rudini Menezes Sampaio",http://lattes.cnpq.br/2845950448235863,2014,"Fixed-parameter algorithms for the cocoloring problem","DISCRETE APPLIED MATHEMATICS",0166-218X,A2,,,2017-2020
"Rudini Menezes Sampaio",http://lattes.cnpq.br/2845950448235863,2014,"Maximization coloring problems on graphs with few P4's","DISCRETE APPLIED MATHEMATICS",0166-218X,A2,,,2017-2020
"Rudini Menezes Sampaio",http://lattes.cnpq.br/2845950448235863,2014,"Hardness and inapproximability of convex recoloring problems","THEORETICAL COMPUTER SCIENCE",0304-3975,A2,,,2017-2020
"Rudini Menezes Sampaio",http://lattes.cnpq.br/2845950448235863,2014,"Restricted coloring problems on Graphs with few P 4-s","ANNALS OF OPERATION RESEARCH",0254-5330,A2,,,2017-2020
"Rudini Menezes Sampaio",http://lattes.cnpq.br/2845950448235863,2013,"Limits of permutation sequences","JOURNAL OF COMBINATORIAL THEORY. SERIES B (PRINT)",0095-8956,A2,,,2017-2020
"Rudini Menezes Sampaio",http://lattes.cnpq.br/2845950448235863,2013,"Backbone colouring: Tree backbones with small diameter in planar graphs","THEORETICAL COMPUTER SCIENCE",0304-3975,A2,,,2017-2020
"Rudini Menezes Sampaio",http://lattes.cnpq.br/2845950448235863,2012,"Partitioning extended -laden graphs into cliques and stable sets","INFORMATION PROCESSING LETTERS (PRINT)",0020-0190,A4,,,2017-2020
"Rudini Menezes Sampaio",http://lattes.cnpq.br/2845950448235863,2012,"A note on permutation regularity","DISCRETE APPLIED MATHEMATICS",0166-218X,A2,,,2017-2020
"Rudini Menezes Sampaio",http://lattes.cnpq.br/2845950448235863,2011,"Testing permutation properties through subpermutations","THEORETICAL COMPUTER SCIENCE",0304-3975,A2,,,2017-2020
"Rudini Menezes Sampaio",http://lattes.cnpq.br/2845950448235863,2010,"Even pairs in planar Berge graphs","MATEMÁTICA CONTEMPORÂNEA",2317-6636,N,,,