nome,lattes_url,ano_publicacao,titulo_publicacao,periodico,issn,qualis,pontos,area,ano_base
"Ticianne de Gois Ribeiro Darin",http://lattes.cnpq.br/7388836998087457,2024,"Echoes of Player Experience: A Literature Review on Audio Assessment and Player Experience in Games","PROCEEDINGS OF THE ACM ON HUMAN-COMPUTER INTERACTION",2573-0142,A1,,,2021
"Ticianne de Gois Ribeiro Darin",http://lattes.cnpq.br/7388836998087457,2024,"Brazilian Portuguese Version of Intrinsic Motivation Inventory (IMI-Teq Br): Towards a Digital Well-Being Culture in Brazil","JOURNAL OF THE BRAZILIAN COMPUTER SOCIETY (ONLINE)",1678-4804,A2,,,2017-2020
"Ticianne de Gois Ribeiro Darin",http://lattes.cnpq.br/7388836998087457,2023,"Why Should Red and Green Never Be Seen? Exploring Color Blindness Simulations as Tools to Create Chromatically Accessible Games. (Apresentado na Annual Symposium on Computer-Human Interaction in Play (CHI PLAY`23))","PROCEEDINGS OF THE ACM ON HUMAN-COMPUTER INTERACTION",2573-0142,A1,,,2021
"Ticianne de Gois Ribeiro Darin",http://lattes.cnpq.br/7388836998087457,2022,"Usability evaluation of multimodal interactive virtual environments for learners who are blind: An empirical investigation","INTERNATIONAL JOURNAL OF HUMAN-COMPUTER STUDIES",1071-5819,A1,,,2017-2020
"Ticianne de Gois Ribeiro Darin",http://lattes.cnpq.br/7388836998087457,2022,"Not the Same Everywhere: Comparing the Scope and Definition of User Experience between the Brazilian and International Communities","INTERNATIONAL JOURNAL OF HUMAN-COMPUTER INTERACTION",1044-7318,A3,,,2017-2020
"Ticianne de Gois Ribeiro Darin",http://lattes.cnpq.br/7388836998087457,2022,"A Systematic Mapping on Player?s Profiles: Motivations, Behavior, and Personality Characteristics","JOURNAL ON INTERACTIVE SYSTEMS",2763-7719,B1,,,2020
"Ticianne de Gois Ribeiro Darin",http://lattes.cnpq.br/7388836998087457,2021,"UES-Br: Translation and Cross-Cultural Adaptation of the User Engagement Scale for Brazilian Portuguese  (Apresentado na Annual Symposium on Computer-Human Interaction in Play (CHI PLAY'21))","PROCEEDINGS OF THE ACM ON HUMAN-COMPUTER INTERACTION",2573-0142,A1,,,2021
"Ticianne de Gois Ribeiro Darin",http://lattes.cnpq.br/7388836998087457,2021,"TestDCat 3.0: catalog of test debt subtypes and management activities","SOFTWARE QUALITY JOURNAL",0963-9314,A2,,,2017-2020
"Ticianne de Gois Ribeiro Darin",http://lattes.cnpq.br/7388836998087457,2020,"O","ACM TRANSACTIONS ON ACCESSIBLE COMPUTING (TACCESS)",1936-7228,A2,,,2017-2020
"Ticianne de Gois Ribeiro Darin",http://lattes.cnpq.br/7388836998087457,2020,"Using Interviews to Evaluate Location-Based Games: Lessons and Challenges","SBC JOURNAL ON 3D INTERACTIVE SYSTEMS",2236-3297,B1,,,2017-2020
"Ticianne de Gois Ribeiro Darin",http://lattes.cnpq.br/7388836998087457,2020,"Player Experience Evaluation: Which instrument should I use?","SBC JOURNAL ON 3D INTERACTIVE SYSTEMS",2236-3297,B1,,,2017-2020