nome,lattes_url,ano_publicacao,titulo_publicacao,periodico,issn,qualis,pontos,area,ano_base
"Vania Maria Ponte Vidal",http://lattes.cnpq.br/9431229866203038,2025,"An Autonomous Domain-Independent Framework Based on LLMs for Text-to-SPARQL","INTERNATIONAL JOURNAL OF SEMANTIC COMPUTING",1793-351X,A2,,,2017-2020
"Vania Maria Ponte Vidal",http://lattes.cnpq.br/9431229866203038,2022,"Publication and maintenance of RDB2RDF views externally materialized in enterprise knowledge graphs","INTERNATIONAL JOURNAL OF WEB INFORMATION SYSTEMS (PRINT)",1744-0084,B1,,,2017-2020
"Vania Maria Ponte Vidal",http://lattes.cnpq.br/9431229866203038,2020,"A short survey on end-to-end simple question answering systems","ARTIFICIAL INTELLIGENCE REVIEW",0269-2821,A1,,,2017-2020
"Vania Maria Ponte Vidal",http://lattes.cnpq.br/9431229866203038,2015,"A semantic integration approach to publish and retrieve ecological data","INTERNATIONAL JOURNAL OF WEB INFORMATION SYSTEMS (PRINT)",1744-0084,B1,,,2017-2020
"Vania Maria Ponte Vidal",http://lattes.cnpq.br/9431229866203038,2011,"Query Processing in a Mediator Based Framework for Linked Data Integration.","INTERNATIONAL JOURNAL OF BUSINESS DATA COMMUNICATIONS AND NETWORKING",1548-0631,B1,,,2020
"Vania Maria Ponte Vidal",http://lattes.cnpq.br/9431229866203038,2011,"From Conceptual Modeling to Logical Representation of Trajectories in DBMS-OR and DW Systems.","JOURNAL OF INFORMATION AND DATA MANAGEMENT - JIDM",2178-7107,B1,,,2017-2020
"Vania Maria Ponte Vidal",http://lattes.cnpq.br/9431229866203038,2010,"Towards Automatic Generation of Application Ontologies","JOURNAL OF INFORMATION AND DATA MANAGEMENT - JIDM",2178-7107,B1,,,2017-2020
"Vania Maria Ponte Vidal",http://lattes.cnpq.br/9431229866203038,2010,"Revising the constraints of lightweight mediated schemas.","DATA & KNOWLEDGE ENGINEERING",0169-023X,A3,,,2017-2020
"Vania Maria Ponte Vidal",http://lattes.cnpq.br/9431229866203038,2003,"Using Agents for Generation and Maintenace of Mediators","JOURNAL OF THE BRAZILIAN COMPUTER SOCIETY",0104-6500,A2,,,2017-2020
"Vania Maria Ponte Vidal",http://lattes.cnpq.br/9431229866203038,1985,"Projeto de Banco de Dados Atraves de Integracao de Visoes","REVISTA BRASILEIRA DE COMPUTACAO",,N,,,