nome,lattes_url,ano_publicacao,titulo_publicacao,periodico,issn,qualis,pontos,area,ano_base
"Victor Almeida Campos",http://lattes.cnpq.br/0802023762311924,2025,"New Menger-Like Dualities in Digraphs and Applications to Half-Integral Linkages","ACM TRANSACTIONS ON ALGORITHMS",1549-6333,A2,,,2021
"Victor Almeida Campos",http://lattes.cnpq.br/0802023762311924,2024,"On the hull number on cycle convexity of graphs","INFORMATION PROCESSING LETTERS",0020-0190,A4,,,2017-2020
"Victor Almeida Campos",http://lattes.cnpq.br/0802023762311924,2023,"Parameterized Complexity of Computing Maximum Minimal Blocking and Hitting Sets","ALGORITHMICA",0178-4617,A3,,,2017-2020
"Victor Almeida Campos",http://lattes.cnpq.br/0802023762311924,2023,"On Finding the Best and Worst Orientations for the Metric Dimension","ALGORITHMICA",0178-4617,A3,,,2017-2020
"Victor Almeida Campos",http://lattes.cnpq.br/0802023762311924,2022,"Introducing lop-Kernels: A Framework for Kernelization Lower Bounds","ALGORITHMICA (NEW YORK. INTERNET)",1432-0541,A3,,,2017-2020
"Victor Almeida Campos",http://lattes.cnpq.br/0802023762311924,2022,"Adapting the Directed Grid Theorem into an FPT Algorithm","SIAM JOURNAL ON DISCRETE MATHEMATICS",0895-4801,A3,,,2017-2020
"Victor Almeida Campos",http://lattes.cnpq.br/0802023762311924,2021,"Coloring Problems on Bipartite Graphs of Small Diameter","ELECTRONIC JOURNAL OF COMBINATORICS",1077-8926,A4,,,2017-2020
"Victor Almeida Campos",http://lattes.cnpq.br/0802023762311924,2021,"Edge-Disjoint Branchings in Temporal Digraphs","ELECTRONIC JOURNAL OF COMBINATORICS",1077-8926,A4,,,2017-2020
"Victor Almeida Campos",http://lattes.cnpq.br/0802023762311924,2020,"On the Complexity of Finding Internally Vertex-Disjoint Long Directed Paths","ALGORITHMICA",0178-4617,A3,,,2017-2020
"Victor Almeida Campos",http://lattes.cnpq.br/0802023762311924,2020,"Dual Parameterization of Weighted Coloring","ALGORITHMICA",0178-4617,A3,,,2017-2020
"Victor Almeida Campos",http://lattes.cnpq.br/0802023762311924,2018,"Edge-b-Coloring Trees","ALGORITHMICA",0178-4617,A3,,,2017-2020
"Victor Almeida Campos",http://lattes.cnpq.br/0802023762311924,2018,"A proof for a conjecture of Gorgol","DISCRETE APPLIED MATHEMATICS",0166-218X,A2,,,2017-2020
"Victor Almeida Campos",http://lattes.cnpq.br/0802023762311924,2016,"A polyhedral study of the maximum stable set problem with weights on vertex-subsets","DISCRETE APPLIED MATHEMATICS",0166-218X,A2,,,2017-2020
"Victor Almeida Campos",http://lattes.cnpq.br/0802023762311924,2016,"The maximum infection time in the geodesic and monophonic convexities","THEORETICAL COMPUTER SCIENCE",0304-3975,A2,,,2017-2020
"Victor Almeida Campos",http://lattes.cnpq.br/0802023762311924,2015,"The maximum time of 2-neighbour bootstrap percolation: Algorithmic aspects","EUROPEAN JOURNAL OF COMBINATORICS (PRINT)",0195-6698,A3,,,2017-2020
"Victor Almeida Campos",http://lattes.cnpq.br/0802023762311924,2015,"Graphs of girth at least 7 have high b-chromatic number","EUROPEAN JOURNAL OF COMBINATORICS",0195-6698,A3,,,2017-2020
"Victor Almeida Campos",http://lattes.cnpq.br/0802023762311924,2015,"Complexity of determining the maximum infection time in the geodetic convexity","ELECTRONIC NOTES IN DISCRETE MATHEMATICS",1571-0653,B1,,,2021
"Victor Almeida Campos",http://lattes.cnpq.br/0802023762311924,2015,"Graphs with few P4?s under the convexity of paths of order three","DISCRETE APPLIED MATHEMATICS",0166-218X,A2,,,2017-2020
"Victor Almeida Campos",http://lattes.cnpq.br/0802023762311924,2015,"The b-chromatic index of graphs","DISCRETE MATHEMATICS",0012-365X,A3,,,2017-2020
"Victor Almeida Campos",http://lattes.cnpq.br/0802023762311924,2014,"Fixed-parameter algorithms for the cocoloring problem","DISCRETE APPLIED MATHEMATICS",0166-218X,A2,,,2017-2020
"Victor Almeida Campos",http://lattes.cnpq.br/0802023762311924,2013,"Transversals in Trees","JOURNAL OF GRAPH THEORY (PRINT)",0364-9024,A3,,,2017-2020
"Victor Almeida Campos",http://lattes.cnpq.br/0802023762311924,2013,"On the hull number of some graph classes","THEORETICAL COMPUTER SCIENCE",0304-3975,A2,,,2017-2020
"Victor Almeida Campos",http://lattes.cnpq.br/0802023762311924,2013,"Backbone colouring: Tree backbones with small diameter in planar graphs","THEORETICAL COMPUTER SCIENCE",0304-3975,A2,,,2017-2020
"Victor Almeida Campos",http://lattes.cnpq.br/0802023762311924,2013,"Maximization coloring problems on graphs with few","DISCRETE APPLIED MATHEMATICS",0166-218X,A2,,,2017-2020
"Victor Almeida Campos",http://lattes.cnpq.br/0802023762311924,2012,"New Bounds on the Grundy Number of Products of Graphs","JOURNAL OF GRAPH THEORY",0364-9024,A3,,,2017-2020
"Victor Almeida Campos",http://lattes.cnpq.br/0802023762311924,2012,"b-Coloring graphs with large girth","JOURNAL OF THE BRAZILIAN COMPUTER SOCIETY (IMPRESSO)",0104-6500,A2,,,2017-2020
"Victor Almeida Campos",http://lattes.cnpq.br/0802023762311924,2009,"Um algoritmo de planos-de-corte para o número cromático fracionário de um grafo","PESQUISA OPERACIONAL (IMPRESSO)",0101-7438,B2,,,2017-2020
"Victor Almeida Campos",http://lattes.cnpq.br/0802023762311924,2009,"b-chromatic number of cacti","ELECTRONIC NOTES IN DISCRETE MATHEMATICS",1571-0653,B1,,,2021
"Victor Almeida Campos",http://lattes.cnpq.br/0802023762311924,2008,"On the asymmetric representatives formulation for the vertex coloring problem","DISCRETE APPLIED MATHEMATICS",0166-218X,A2,,,2017-2020