nome,lattes_url,ano_publicacao,titulo_publicacao,periodico,issn,qualis,pontos,area,ano_base
"Windson Viana de Carvalho",http://lattes.cnpq.br/1744732999336375,2025,"A Hybrid Board Game with Augmented Reality to Assist in Chemistry Teaching to Deaf or Hard of Hearing Students","COMMUNICATIONS IN COMPUTER AND INFORMATION SCIENCE (PRINT)",1865-0929,B2,,,2017-2020
"Windson Viana de Carvalho",http://lattes.cnpq.br/1744732999336375,2025,"Desafios e potencialidades da inclusão de alunos com deficiência visual em escolas com espaços maker","CUADERNOS DE EDUCACIÓN Y DESARROLLO",1989-4155,A4,,,2017-2020
"Windson Viana de Carvalho",http://lattes.cnpq.br/1744732999336375,2024,"Managing and controlling digital role-playing game elements: A current state of affairs","ENTERTAINMENT COMPUTING",1875-9521,A3,,,2017-2020
"Windson Viana de Carvalho",http://lattes.cnpq.br/1744732999336375,2024,"ProBee: A Provenance-based Design for an Educational Game Analytics Model","TECHNOLOGY KNOWLEDGE AND LEARNING",2211-1662,A1,,,2020
"Windson Viana de Carvalho",http://lattes.cnpq.br/1744732999336375,2024,"Adaptive learning in computer science education: A scoping review","EDUCATION AND INFORMATION TECHNOLOGIES",1360-2357,A1,,,2017-2020
"Windson Viana de Carvalho",http://lattes.cnpq.br/1744732999336375,2024,"Procedural content generation in pervasive games: state of affairs, mistakes, and successes","INTERNATIONAL JOURNAL OF PERVASIVE COMPUTING AND COMMUNICATIONS (PRINT)",1742-7371,A4,,,2017-2020
"Windson Viana de Carvalho",http://lattes.cnpq.br/1744732999336375,2024,"Explorando técnicas de análise de dados em exames de avaliação de estudantes de graduação no contexto brasileiro","AVALIAÇÃO: REVISTA DA AVALIAÇÃO DA EDUCAÇÃO SUPERIOR",1982-5765,A1,,,2017-2020
"Windson Viana de Carvalho",http://lattes.cnpq.br/1744732999336375,2023,"Why Should Red and Green Never Be Seen? Exploring Color Blindness Simulations as Tools to Create Chromatically Accessible Games","PROCEEDINGS OF THE ACM ON HUMAN-COMPUTER INTERACTION",2573-0142,A1,,,2021
"Windson Viana de Carvalho",http://lattes.cnpq.br/1744732999336375,2023,"Exploring User Experience and Usability of mHealth applications for people with diabetes: An Evaluation Study Using UEQ and HE4EH Checklist","JOURNAL ON INTERACTIVE SYSTEMS",2763-7719,B1,,,2020
"Windson Viana de Carvalho",http://lattes.cnpq.br/1744732999336375,2023,"Augmented reality in education for people who are deaf or hard of hearing: a systematic literature review","UNIVERSAL ACCESS IN THE INFORMATION SOCIETY",1615-5289,A3,,,2017-2020
"Windson Viana de Carvalho",http://lattes.cnpq.br/1744732999336375,2021,"Multifaceted infrastructure for self-adaptive IoT systems","INFORMATION AND SOFTWARE TECHNOLOGY",0950-5849,A1,,,2017-2020
"Windson Viana de Carvalho",http://lattes.cnpq.br/1744732999336375,2021,"Transposition of Location-based Games: Using Procedural Content Generation to deploy balanced game maps to multiple locations","PERVASIVE AND MOBILE COMPUTING",1574-1192,A1,,,2017-2020
"Windson Viana de Carvalho",http://lattes.cnpq.br/1744732999336375,2021,"PROGRAMA NACIONAL DO LIVRO E DO MATERIAL DIDÁTICO (PNLD): UM ESTUDO DE SEU FUNCIONAMENTO E APRESENTAÇÃO DAS MUDANÇAS NOS MATERIAIS À LUZ DO NOVO ENSINO MÉDIO A PARTIR DE 2021","REVISTA CONEXÕES - CIÊNCIA E TECNOLOGIA",2176-0144,A2,,,2017-2020
"Windson Viana de Carvalho",http://lattes.cnpq.br/1744732999336375,2021,"Ensino remoto emergencial na educação infantil: experiência em escolas privadas","ESTUDOS EM AVALIAÇÃO EDUCACIONAL (ONLINE)",1984-932X,A1,,,2017-2020
"Windson Viana de Carvalho",http://lattes.cnpq.br/1744732999336375,2020,"Studying the evolution of exception handling anti-patterns in a long-lived large-scale project","JOURNAL OF THE BRAZILIAN COMPUTER SOCIETY (IMPRESSO)",0104-6500,A2,,,2017-2020
"Windson Viana de Carvalho",http://lattes.cnpq.br/1744732999336375,2020,"Teaching Ubiquitous Computing Using Simulations Based on Smartphone Sensors","INFORMATICS IN EDUCATION",1648-5831,A1,,,2017-2020
"Windson Viana de Carvalho",http://lattes.cnpq.br/1744732999336375,2020,"O","ACM TRANSACTIONS ON ACCESSIBLE COMPUTING (TACCESS)",1936-7228,A2,,,2017-2020
"Windson Viana de Carvalho",http://lattes.cnpq.br/1744732999336375,2020,"Using Interviews to Evaluate Location-Based Games: Lessons and Challenges","SBC JOURNAL ON 3D INTERACTIVE SYSTEMS",2236-3297,B1,,,2017-2020
"Windson Viana de Carvalho",http://lattes.cnpq.br/1744732999336375,2019,"Modelling and Transposition of Location-based Games","ENTERTAINMENT COMPUTING",1875-9521,A3,,,2017-2020
"Windson Viana de Carvalho",http://lattes.cnpq.br/1744732999336375,2019,"Design and evaluation of mobile sensing technologies for identifying medicines by people with visual disabilities","INTERNATIONAL JOURNAL OF PERVASIVE COMPUTING AND COMMUNICATIONS (PRINT)",1742-7371,A4,,,2017-2020
"Windson Viana de Carvalho",http://lattes.cnpq.br/1744732999336375,2019,"UFC-Inventor: Uma Ferramenta de Autoria Dirigida por Modelos para Geração de Aplicações Ubíquas para Aulas de Campo","REVISTA BRASILEIRA DE INFORMÁTICA NA EDUCAÇÃO (RBIE)",2317-6121,A4,,,2017-2020
"Windson Viana de Carvalho",http://lattes.cnpq.br/1744732999336375,2018,"An Evaluation of Cross-Platform Frameworks for Multimedia Mobile Applications Development","IEEE LATIN AMERICA TRANSACTIONS",1548-0992,B2,,,2017-2020
"Windson Viana de Carvalho",http://lattes.cnpq.br/1744732999336375,2017,"Um Relato sobre a Monitoria da Disciplina de Redes de Computadores no Curso de Sistemas e Mídias Digitais","REVISTA SISTEMAS E MÍDIAS DIGITAIS (RSMD)",2525-9555,C,,,2017-2020
"Windson Viana de Carvalho",http://lattes.cnpq.br/1744732999336375,2017,"Mobile Learning em aulas de campo: um estudo de caso em Geologia","REVISTA IBEROAMERICANA DE EDUCACION A DISTANCIA",1390-3306,A2,,,2017-2020
"Windson Viana de Carvalho",http://lattes.cnpq.br/1744732999336375,2017,"LAGARTO: A LocAtion based Games AuthoRing TOol enhanced with augmented reality features","ENTERTAINMENT COMPUTING",1875-9521,A3,,,2017-2020
"Windson Viana de Carvalho",http://lattes.cnpq.br/1744732999336375,2017,"On the Evaluation of a Contextual Sensitive Data Offloading Service: the COP case","JOURNAL OF INFORMATION AND DATA MANAGEMENT - JIDM",2178-7107,B1,,,2017-2020
"Windson Viana de Carvalho",http://lattes.cnpq.br/1744732999336375,2017,"Development and Evaluation of a Model-Driven System to Support Mobile Learning in Field Trips","JOURNAL OF UNIVERSAL COMPUTER SCIENCE",0948-6968,A3,,,2017-2020
"Windson Viana de Carvalho",http://lattes.cnpq.br/1744732999336375,2016,"Using mobile message to improve student participation in blended courses","APPLIED COMPUTING REVIEW",1559-6915,B2,,,2017-2020
"Windson Viana de Carvalho",http://lattes.cnpq.br/1744732999336375,2016,"Análise do uso de mensagens de celular na melhoria da participação de estudantes em cursos a distância: um estudo de caso","RENOTE. REVISTA NOVAS TECNOLOGIAS NA EDUCAÇÃO",1679-1916,A4,,,2017-2020
"Windson Viana de Carvalho",http://lattes.cnpq.br/1744732999336375,2016,"Photo annotation: a survey","MULTIMEDIA TOOLS AND APPLICATIONS",1380-7501,A2,,,2017-2020
"Windson Viana de Carvalho",http://lattes.cnpq.br/1744732999336375,2014,"Mobile Photo Recommendation and Logbook Generation Using Context-Tagged Images","IEEE MULTIMEDIA",1070-986X,A1,,,2017-2020
"Windson Viana de Carvalho",http://lattes.cnpq.br/1744732999336375,2012,"P2PScheMe: a P2P scheduling mechanism for workflows in grid computing","CONCURRENCY AND COMPUTATION",1532-0626,A3,,,2017-2020
"Windson Viana de Carvalho",http://lattes.cnpq.br/1744732999336375,2012,"Auxiliando o Processo de Ensino-Aprendizagem do  Braille Através de Dispositivos Touch Screen","INFORMÁTICA NA EDUCAÇÃO (IMPRESSO)",1516-084X,B1,,,2017-2020
"Windson Viana de Carvalho",http://lattes.cnpq.br/1744732999336375,2012,"MobiLine: A Nested Software Product Line for the domain of mobile and context-aware applications","SCIENCE OF COMPUTER PROGRAMMING (PRINT)",0167-6423,A4,,,2017-2020
"Windson Viana de Carvalho",http://lattes.cnpq.br/1744732999336375,2011,"Towards the semantic and context-aware management of mobile multimedia","MULTIMEDIA TOOLS AND APPLICATIONS",1380-7501,A2,,,2017-2020
"Windson Viana de Carvalho",http://lattes.cnpq.br/1744732999336375,2011,"A Guide for the Development and Use of M-Learning Applications in Mathematics","IEEE MULTIDISCIPLINARY ENGINEERING EDUCATION MAGAZINE",1558-7908,N,,,
"Windson Viana de Carvalho",http://lattes.cnpq.br/1744732999336375,2009,"Semantic indexing of georeferenced photos","JOURNAL OF GIS AND SPATIAL ANALYSIS",1260-5875,C,,,2017-2020
"Windson Viana de Carvalho",http://lattes.cnpq.br/1744732999336375,2008,"XMobile: A MB-UID environment for semi-automatic generation of adaptive applications for mobile devices","JOURNAL OF SYSTEMS AND SOFTWARE",0164-1212,A1,,,2017-2020
"Windson Viana de Carvalho",http://lattes.cnpq.br/1744732999336375,2008,"PhotoMap: from location and time to context-aware photo annotations","JOURNAL OF LOCATION BASED SERVICES",1748-9725,A3,,,2021