nome,lattes_url,ano_publicacao,titulo_publicacao,periodico,issn,qualis,pontos,area,ano_base
"Yuri Lenon Barbosa Nogueira",http://lattes.cnpq.br/9965458635397780,2022,"A modeling environment for reinforcement learning in games","ENTERTAINMENT COMPUTING",1875-9521,A3,,,2017-2020
"Yuri Lenon Barbosa Nogueira",http://lattes.cnpq.br/9965458635397780,2020,""Weeping Angel": Biblioteca cross plataform de baixo custo para detecção de atenção em dispositivos móveis","BRAZILIAN JOURNAL OF DEVELOPMENT",2525-8761,C,,,2017-2020
"Yuri Lenon Barbosa Nogueira",http://lattes.cnpq.br/9965458635397780,2020,"Towards intrinsic autonomy through evolutionary computation","ARTIFICIAL INTELLIGENCE REVIEW (DORDRECHT. ONLINE)",1573-7462,A1,,,2017-2020
"Yuri Lenon Barbosa Nogueira",http://lattes.cnpq.br/9965458635397780,2020,"An Autonomous Emotional Virtual Character: An Approach with Deep and Goal-Parameterized Reinforcement Learning","SBC JOURNAL ON 3D INTERACTIVE SYSTEMS",2236-3297,B1,,,2017-2020
"Yuri Lenon Barbosa Nogueira",http://lattes.cnpq.br/9965458635397780,2016,"Emergent vision system of autonomous virtual characters","NEUROCOMPUTING",0925-2312,A1,,,2017-2020
"Yuri Lenon Barbosa Nogueira",http://lattes.cnpq.br/9965458635397780,2014,"Emergent Navigation Behavior of Autonomous Virtual Agents Endowed with an Evolved Visual Cortex","SBC JOURNAL ON 3D INTERACTIVE SYSTEMS",2236-3297,B1,,,2017-2020